{
"type": "FeatureCollection",
"name": "Maine_20260419_183110_matched",
"features": [
{ "type": "Feature", "properties": { "osm_type": "way", "id": 126154125, "boundary": null, "state": "Maine", "name": "Fort Point State Park", "wikipedia": "en:Fort Point State Park", "leisure": "park" }, "geometry": { "type": "Polygon", "coordinates": [ [ [ -68.8096013, 44.4690824 ], [ -68.8090579, 44.4689524 ], [ -68.8089684, 44.4689293 ], [ -68.8093503, 44.4686218 ], [ -68.8095466, 44.468405 ], [ -68.8097185, 44.4682021 ], [ -68.8099883, 44.4679713 ], [ -68.810187, 44.467763 ], [ -68.8110707, 44.4670586 ], [ -68.8118144, 44.4665962 ], [ -68.8121283, 44.4664482 ], [ -68.8121518, 44.4664947 ], [ -68.8126846, 44.4671808 ], [ -68.8129038, 44.4671224 ], [ -68.8132612, 44.4675459 ], [ -68.8176643, 44.4666687 ], [ -68.8176209, 44.4672448 ], [ -68.8182173, 44.4672458 ], [ -68.8183433, 44.4667778 ], [ -68.8218252, 44.4660316 ], [ -68.8217822, 44.4664772 ], [ -68.823654, 44.4664126 ], [ -68.8236431, 44.4654762 ], [ -68.8242946, 44.4654187 ], [ -68.8243097, 44.4651045 ], [ -68.8247961, 44.4650507 ], [ -68.8265021, 44.4649206 ], [ -68.827027, 44.4649107 ], [ -68.8276113, 44.4649218 ], [ -68.8306259, 44.4651436 ], [ -68.8310341, 44.4654154 ], [ -68.8311188, 44.4657756 ], [ -68.8318089, 44.4674557 ], [ -68.8322411, 44.4686852 ], [ -68.8317229, 44.468797 ], [ -68.8321286, 44.4699589 ], [ -68.8276089, 44.4717887 ], [ -68.8275489, 44.4717526 ], [ -68.8271349, 44.47159 ], [ -68.8268667, 44.471405 ], [ -68.8265218, 44.4709678 ], [ -68.8260005, 44.4705574 ], [ -68.8259239, 44.4704043 ], [ -68.8259467, 44.4701522 ], [ -68.8261075, 44.4698464 ], [ -68.8263528, 44.4695316 ], [ -68.8264601, 44.4692527 ], [ -68.826498, 44.4689062 ], [ -68.8264061, 44.4686495 ], [ -68.826161, 44.4683745 ], [ -68.8258466, 44.4681445 ], [ -68.8253639, 44.4679502 ], [ -68.824881, 44.4678234 ], [ -68.8244824, 44.4677597 ], [ -68.8241835, 44.4677683 ], [ -68.8237468, 44.4678216 ], [ -68.8232408, 44.4679424 ], [ -68.8221374, 44.4682648 ], [ -68.8211408, 44.4684838 ], [ -68.8195314, 44.4689179 ], [ -68.8183593, 44.4693257 ], [ -68.8172789, 44.4698191 ], [ -68.8169415, 44.4699176 ], [ -68.8163209, 44.4700111 ], [ -68.8152093, 44.4699058 ], [ -68.8148878, 44.4699593 ], [ -68.8144507, 44.4701206 ], [ -68.8136229, 44.4705019 ], [ -68.81337, 44.4705645 ], [ -68.8131323, 44.4705731 ], [ -68.8127644, 44.4704915 ], [ -68.8121975, 44.470252 ], [ -68.8111266, 44.4698811 ], [ -68.8108007, 44.4697373 ], [ -68.8105266, 44.46961 ], [ -68.8102652, 44.4693143 ], [ -68.8101077, 44.4691935 ], [ -68.8096013, 44.4690824 ] ] ] } },
{ "type": "Feature", "properties": { "osm_type": "way", "id": 144660491, "boundary": null, "state": "Maine", "name": "Bradbury Mountain State Park", "wikipedia": "en:Bradbury Mountain State Park", "leisure": "park" }, "geometry": { "type": "Polygon", "coordinates": [ [ [ -70.1809805, 43.8968482 ], [ -70.185268, 43.898858 ], [ -70.186633, 43.899498 ], [ -70.184731, 43.901715 ], [ -70.190188, 43.904479 ], [ -70.18398, 43.908788 ], [ -70.183162, 43.908742 ], [ -70.182958, 43.908822 ], [ -70.182266, 43.908629 ], [ -70.181857, 43.908572 ], [ -70.181087, 43.909379 ], [ -70.180553, 43.909209 ], [ -70.179814, 43.908504 ], [ -70.178304, 43.907788 ], [ -70.176292, 43.906925 ], [ -70.175229, 43.906361 ], [ -70.176181, 43.905117 ], [ -70.1752618, 43.9046594 ], [ -70.175223, 43.904704 ], [ -70.174794, 43.905159 ], [ -70.174472, 43.905515 ], [ -70.174223, 43.905883 ], [ -70.16901, 43.903288 ], [ -70.166037, 43.906054 ], [ -70.164408, 43.905257 ], [ -70.160814, 43.908813 ], [ -70.158589, 43.907712 ], [ -70.156723, 43.90684 ], [ -70.157489, 43.905991 ], [ -70.15765, 43.90602 ], [ -70.163324, 43.900464 ], [ -70.162971, 43.900295 ], [ -70.162595, 43.90018 ], [ -70.16222, 43.900152 ], [ -70.161667, 43.90018 ], [ -70.161291, 43.900266 ], [ -70.160837, 43.900266 ], [ -70.160382, 43.900094 ], [ -70.159947, 43.899623 ], [ -70.159434, 43.899108 ], [ -70.158782, 43.898551 ], [ -70.159052, 43.898246 ], [ -70.158164, 43.897629 ], [ -70.159068, 43.896649 ], [ -70.159358, 43.896301 ], [ -70.162048, 43.895483 ], [ -70.164987, 43.896922 ], [ -70.168137, 43.893476 ], [ -70.173109, 43.895895 ], [ -70.177253, 43.891346 ], [ -70.17807, 43.891725 ], [ -70.179021, 43.892183 ], [ -70.179034, 43.892316 ], [ -70.178915, 43.89266 ], [ -70.182135, 43.893356 ], [ -70.182465, 43.893041 ], [ -70.183632, 43.893458 ], [ -70.183396, 43.893911 ], [ -70.182874, 43.894806 ], [ -70.182395, 43.895388 ], [ -70.181841, 43.895962 ], [ -70.181185, 43.896624 ], [ -70.1809805, 43.8968482 ] ] ] } },
{ "type": "Feature", "properties": { "osm_type": "way", "id": 144660506, "boundary": null, "state": "Maine", "name": "Bradbury Mountain State Park", "wikipedia": null, "leisure": null }, "geometry": { "type": "Polygon", "coordinates": [ [ [ -70.1797393, 43.8996021 ], [ -70.1796287, 43.8997227 ], [ -70.1792581, 43.8995462 ], [ -70.1793687, 43.8994257 ], [ -70.1797393, 43.8996021 ] ] ] } },
{ "type": "Feature", "properties": { "osm_type": "way", "id": 219705231, "boundary": null, "state": "Maine", "name": "Mackworth Island", "wikipedia": "en:Mackworth Island", "leisure": null }, "geometry": { "type": "LineString", "coordinates": [ [ -70.2367721, 43.6921932 ], [ -70.2369817, 43.6920682 ], [ -70.2352142, 43.6901764 ], [ -70.2352457, 43.6900073 ], [ -70.2353567, 43.6898527 ], [ -70.2355261, 43.6896647 ], [ -70.2358391, 43.6893825 ], [ -70.2361138, 43.6891315 ], [ -70.2362023, 43.6890746 ], [ -70.2362909, 43.6890069 ], [ -70.2363357, 43.6888649 ], [ -70.2363279, 43.6886795 ], [ -70.2363083, 43.6885207 ], [ -70.2362019, 43.6883794 ], [ -70.2360756, 43.6882494 ], [ -70.2359409, 43.6880532 ], [ -70.2357431, 43.68782 ], [ -70.2354643, 43.687629 ], [ -70.2351959, 43.6874853 ], [ -70.2349213, 43.6872766 ], [ -70.2346179, 43.6869674 ], [ -70.2342593, 43.6866481 ], [ -70.2335666, 43.6864273 ], [ -70.2331879, 43.6862129 ], [ -70.232776, 43.6860651 ], [ -70.2323576, 43.6860715 ], [ -70.2311582, 43.6863227 ], [ -70.2299147, 43.6867573 ], [ -70.2285135, 43.6873719 ], [ -70.2280638, 43.687748 ], [ -70.2278705, 43.687836 ], [ -70.2277141, 43.6879307 ], [ -70.2274209, 43.6882339 ], [ -70.2270521, 43.6884317 ], [ -70.2268818, 43.6887313 ], [ -70.2266954, 43.6890348 ], [ -70.2265337, 43.6894932 ], [ -70.2263946, 43.689889 ], [ -70.226226, 43.690173 ], [ -70.2262467, 43.6903167 ], [ -70.2264451, 43.690362 ], [ -70.2268519, 43.6903658 ], [ -70.2270676, 43.6906825 ], [ -70.22732, 43.6910388 ], [ -70.2277433, 43.6913575 ], [ -70.2282251, 43.6915387 ], [ -70.2285588, 43.6916185 ], [ -70.2287301, 43.6915592 ], [ -70.2290006, 43.6914678 ], [ -70.2292395, 43.6914059 ], [ -70.2293937, 43.691479 ], [ -70.2294977, 43.6915111 ], [ -70.2297553, 43.6914924 ], [ -70.2299733, 43.6916588 ], [ -70.2300669, 43.691726 ], [ -70.2303077, 43.6917329 ], [ -70.2305556, 43.6919269 ], [ -70.2306081, 43.6920465 ], [ -70.2307018, 43.6921115 ], [ -70.2310446, 43.6921084 ], [ -70.2311823, 43.6920464 ], [ -70.2313851, 43.6920038 ], [ -70.2315838, 43.6917508 ], [ -70.231568, 43.6915461 ], [ -70.2315654, 43.6914367 ], [ -70.2316051, 43.691384 ], [ -70.2316613, 43.691382 ], [ -70.2317567, 43.6914543 ], [ -70.2318872, 43.691553 ], [ -70.2320815, 43.6916244 ], [ -70.2323277, 43.6916329 ], [ -70.232742, 43.6916182 ], [ -70.2328847, 43.6915386 ], [ -70.2329275, 43.6914558 ], [ -70.233023, 43.6913963 ], [ -70.2334111, 43.6913886 ], [ -70.2338916, 43.6911253 ], [ -70.2342346, 43.6906784 ], [ -70.2343878, 43.6904937 ], [ -70.2345351, 43.6903083 ], [ -70.2346172, 43.6902755 ], [ -70.2347533, 43.6902514 ], [ -70.2349192, 43.6903309 ], [ -70.2367721, 43.6921932 ] ] } },
{ "type": "Feature", "properties": { "osm_type": "way", "id": 552675138, "boundary": null, "state": "Maine", "name": "Lamoine State Park", "wikipedia": null, "leisure": "park" }, "geometry": { "type": "Polygon", "coordinates": [ [ [ -68.2993505, 44.4508221 ], [ -68.2996202, 44.4506742 ], [ -68.2996652, 44.4507161 ], [ -68.2993379, 44.4509112 ], [ -68.2995348, 44.4513646 ], [ -68.2997469, 44.4520061 ], [ -68.2998681, 44.4520998 ], [ -68.2998782, 44.4521142 ], [ -68.3003023, 44.4523881 ], [ -68.3006355, 44.4527053 ], [ -68.3009536, 44.4529846 ], [ -68.3011757, 44.4532441 ], [ -68.3013171, 44.453345 ], [ -68.3015493, 44.4534243 ], [ -68.3015594, 44.4534243 ], [ -68.3017513, 44.4535396 ], [ -68.3019028, 44.4536622 ], [ -68.3020946, 44.4537631 ], [ -68.3024076, 44.4539072 ], [ -68.3026803, 44.4540226 ], [ -68.3029529, 44.4541235 ], [ -68.303199, 44.4541554 ], [ -68.302212, 44.458108 ], [ -68.3012389, 44.457577 ], [ -68.301548, 44.457006 ], [ -68.300884, 44.45689 ], [ -68.300728, 44.457251 ], [ -68.2991039, 44.4563497 ], [ -68.2978246, 44.4556576 ], [ -68.2975163, 44.4554846 ], [ -68.298112, 44.452723 ], [ -68.297764, 44.452466 ], [ -68.297979, 44.451542 ], [ -68.296288, 44.451301 ], [ -68.2966003, 44.4502031 ], [ -68.29688, 44.4502618 ], [ -68.2974143, 44.4504779 ], [ -68.2977172, 44.45055 ], [ -68.2980202, 44.4505717 ], [ -68.2982701, 44.4503446 ], [ -68.298366, 44.450395 ], [ -68.298318, 44.4504401 ], [ -68.2984241, 44.4505014 ], [ -68.2985251, 44.4505428 ], [ -68.2987119, 44.4505897 ], [ -68.2988305, 44.4506365 ], [ -68.2990022, 44.4507284 ], [ -68.2993505, 44.4508221 ] ] ] } },
{ "type": "Feature", "properties": { "osm_type": "way", "id": 564416231, "boundary": "protected_area", "state": "Maine", "name": "Ferry Beach State Park", "wikipedia": null, "leisure": "nature_reserve" }, "geometry": { "type": "Polygon", "coordinates": [ [ [ -70.3874718, 43.4831453 ], [ -70.3862951, 43.4802507 ], [ -70.3861091, 43.4802729 ], [ -70.3860994, 43.4802194 ], [ -70.3861076, 43.479642 ], [ -70.3857302, 43.4796872 ], [ -70.3857345, 43.4793867 ], [ -70.3860227, 43.4787737 ], [ -70.3860562, 43.4785465 ], [ -70.3859974, 43.4777362 ], [ -70.3859518, 43.4772764 ], [ -70.3859364, 43.4770065 ], [ -70.3859562, 43.4767453 ], [ -70.3859977, 43.4765475 ], [ -70.3861571, 43.4761257 ], [ -70.3841156, 43.4759706 ], [ -70.3840253, 43.4746258 ], [ -70.3861781, 43.4744881 ], [ -70.386162, 43.4743852 ], [ -70.390219, 43.474366 ], [ -70.3901503, 43.4766083 ], [ -70.3936606, 43.4767661 ], [ -70.3936182, 43.4770608 ], [ -70.3937405, 43.4770071 ], [ -70.3936252, 43.4774025 ], [ -70.3946636, 43.4768982 ], [ -70.3950282, 43.4772884 ], [ -70.3931136, 43.4783634 ], [ -70.3942731, 43.4793655 ], [ -70.3929027, 43.4786111 ], [ -70.3928576, 43.4803907 ], [ -70.3939232, 43.4809545 ], [ -70.3933909, 43.4812497 ], [ -70.389927, 43.4833501 ], [ -70.3874718, 43.4831453 ] ] ] } },
{ "type": "Feature", "properties": { "osm_type": "way", "id": 621003504, "boundary": null, "state": "Maine", "name": "Moose Point State Park", "wikipedia": null, "leisure": "park" }, "geometry": { "type": "Polygon", "coordinates": [ [ [ -68.9506987, 44.444687 ], [ -68.9439373, 44.4362817 ], [ -68.9437917, 44.4356963 ], [ -68.9436025, 44.4354562 ], [ -68.9433391, 44.4355634 ], [ -68.9414532, 44.4332399 ], [ -68.941544, 44.4331243 ], [ -68.941599, 44.4330457 ], [ -68.9416977, 44.4328841 ], [ -68.9417813, 44.4327167 ], [ -68.9418497, 44.4325436 ], [ -68.9420419, 44.4323171 ], [ -68.9422128, 44.4320853 ], [ -68.9423625, 44.4318483 ], [ -68.9424294, 44.4317278 ], [ -68.942521, 44.4315396 ], [ -68.9425749, 44.4313949 ], [ -68.9425996, 44.4313146 ], [ -68.9426399, 44.4311604 ], [ -68.942732, 44.4307626 ], [ -68.9427636, 44.4306486 ], [ -68.9428524, 44.4303993 ], [ -68.9429838, 44.4300764 ], [ -68.9430338, 44.429942 ], [ -68.9431169, 44.4296816 ], [ -68.9432828, 44.4290907 ], [ -68.9433563, 44.4287863 ], [ -68.9433895, 44.4286869 ], [ -68.9435313, 44.4283825 ], [ -68.9435826, 44.4283067 ], [ -68.9436125, 44.428274 ], [ -68.9436798, 44.4282226 ], [ -68.9437272, 44.4281992 ], [ -68.9438446, 44.4281609 ], [ -68.9442097, 44.4280628 ], [ -68.9444136, 44.4280128 ], [ -68.9445658, 44.4279928 ], [ -68.9447183, 44.4279831 ], [ -68.9448295, 44.4279857 ], [ -68.9450554, 44.4280067 ], [ -68.9451514, 44.4280117 ], [ -68.9453958, 44.4280085 ], [ -68.9456343, 44.4279916 ], [ -68.9457199, 44.4279792 ], [ -68.9459342, 44.4279374 ], [ -68.946051, 44.4279273 ], [ -68.9461923, 44.4279363 ], [ -68.9464896, 44.4279806 ], [ -68.9465566, 44.4279951 ], [ -68.9466152, 44.4280265 ], [ -68.9466538, 44.4280619 ], [ -68.9466604, 44.4280777 ], [ -68.9466597, 44.4280938 ], [ -68.9466404, 44.4281324 ], [ -68.9466089, 44.4281599 ], [ -68.9465869, 44.428168 ], [ -68.9464718, 44.4281925 ], [ -68.9464185, 44.4282115 ], [ -68.9463907, 44.4282258 ], [ -68.9463719, 44.4282423 ], [ -68.946356, 44.4282642 ], [ -68.9463236, 44.4283519 ], [ -68.9463214, 44.4283953 ], [ -68.9463346, 44.4284637 ], [ -68.9463704, 44.4285812 ], [ -68.9463956, 44.4286858 ], [ -68.9464187, 44.428751 ], [ -68.946482, 44.4288702 ], [ -68.9465163, 44.4289157 ], [ -68.9465538, 44.4289539 ], [ -68.9465909, 44.4289828 ], [ -68.9466925, 44.4290416 ], [ -68.9468284, 44.4291043 ], [ -68.9468911, 44.4291274 ], [ -68.9471302, 44.4292035 ], [ -68.9483381, 44.4343712 ], [ -68.948996, 44.4373885 ], [ -68.9506987, 44.444687 ] ] ] } },
{ "type": "Feature", "properties": { "osm_type": "way", "id": 851336236, "boundary": null, "state": "Maine", "name": "Cobscook Bay State Park", "wikipedia": null, "leisure": "nature_reserve" }, "geometry": { "type": "Polygon", "coordinates": [ [ [ -67.1654634, 44.8356801 ], [ -67.1669768, 44.8381723 ], [ -67.1683192, 44.8403258 ], [ -67.1696086, 44.8425127 ], [ -67.1699151, 44.8430686 ], [ -67.1701686, 44.843662 ], [ -67.1702217, 44.8438668 ], [ -67.1702924, 44.8441009 ], [ -67.1703336, 44.8443098 ], [ -67.1703631, 44.8445146 ], [ -67.1703808, 44.8447873 ], [ -67.1703867, 44.8452178 ], [ -67.170369, 44.8454727 ], [ -67.1703336, 44.8457276 ], [ -67.1702275, 44.8461246 ], [ -67.1701686, 44.8463169 ], [ -67.1700743, 44.8465676 ], [ -67.1695851, 44.847697 ], [ -67.1693611, 44.8482821 ], [ -67.1692609, 44.8485683 ], [ -67.1691371, 44.8490531 ], [ -67.169084, 44.8493665 ], [ -67.1690546, 44.8496256 ], [ -67.1690251, 44.8500853 ], [ -67.1690251, 44.8503297 ], [ -67.1690428, 44.8506348 ], [ -67.1691135, 44.8512449 ], [ -67.1692314, 44.8517589 ], [ -67.1692844, 44.8519553 ], [ -67.169532, 44.8526719 ], [ -67.1696558, 44.8529352 ], [ -67.1698032, 44.8532026 ], [ -67.1699387, 44.8534199 ], [ -67.1701097, 44.8536706 ], [ -67.170397, 44.8540686 ], [ -67.1705856, 44.8543068 ], [ -67.1707743, 44.8545241 ], [ -67.1710336, 44.854779 ], [ -67.1723585, 44.8561641 ], [ -67.1653672, 44.8586984 ], [ -67.1651487, 44.8566109 ], [ -67.1640859, 44.8548114 ], [ -67.1593138, 44.8563009 ], [ -67.1503361, 44.8592478 ], [ -67.1502872, 44.8591752 ], [ -67.1499658, 44.858936 ], [ -67.1497589, 44.8588246 ], [ -67.1496127, 44.8587952 ], [ -67.1494198, 44.8587921 ], [ -67.1490588, 44.8586782 ], [ -67.1488506, 44.8586568 ], [ -67.1486804, 44.8586631 ], [ -67.1484396, 44.8587942 ], [ -67.1484012, 44.8588566 ], [ -67.1480096, 44.857995 ], [ -67.147866, 44.8577857 ], [ -67.1478599, 44.8577045 ], [ -67.1484634, 44.8567961 ], [ -67.1484884, 44.8566075 ], [ -67.1484589, 44.856418 ], [ -67.1480537, 44.8556102 ], [ -67.1478556, 44.8552739 ], [ -67.1474005, 44.8546184 ], [ -67.1473034, 44.8543647 ], [ -67.1472967, 44.8543016 ], [ -67.147539, 44.8539995 ], [ -67.1476252, 44.8538028 ], [ -67.147658, 44.8536413 ], [ -67.1475833, 44.853406 ], [ -67.1477011, 44.8532099 ], [ -67.1476796, 44.8531645 ], [ -67.14758, 44.8530909 ], [ -67.1472407, 44.8531394 ], [ -67.1471099, 44.8530743 ], [ -67.1470124, 44.8528567 ], [ -67.1470527, 44.8526863 ], [ -67.1471076, 44.8525791 ], [ -67.1472249, 44.852473 ], [ -67.1476342, 44.8523356 ], [ -67.1478204, 44.8523026 ], [ -67.1480362, 44.8523061 ], [ -67.1481446, 44.8522539 ], [ -67.1482152, 44.852174 ], [ -67.1482087, 44.8520569 ], [ -67.1481406, 44.8519117 ], [ -67.1480808, 44.8518027 ], [ -67.1479733, 44.851702 ], [ -67.1479977, 44.8516574 ], [ -67.1481832, 44.8515703 ], [ -67.1481601, 44.851525 ], [ -67.1482173, 44.8513188 ], [ -67.1482361, 44.850932 ], [ -67.1484377, 44.8509353 ], [ -67.1485606, 44.8508743 ], [ -67.1489544, 44.8508267 ], [ -67.1494329, 44.8508794 ], [ -67.1496554, 44.8509191 ], [ -67.1497853, 44.8510382 ], [ -67.1499782, 44.8510413 ], [ -67.1502389, 44.8510995 ], [ -67.1503006, 44.8511996 ], [ -67.1503726, 44.8512079 ], [ -67.1503418, 44.8508492 ], [ -67.149873, 44.8501754 ], [ -67.1497134, 44.8498487 ], [ -67.1496503, 44.8494246 ], [ -67.1497034, 44.8493715 ], [ -67.1497889, 44.8493458 ], [ -67.1501059, 44.849324 ], [ -67.1503049, 44.8494082 ], [ -67.1507357, 44.8495412 ], [ -67.1514912, 44.8496345 ], [ -67.1516746, 44.8496374 ], [ -67.1507452, 44.8493163 ], [ -67.1507851, 44.8491819 ], [ -67.150833, 44.8491197 ], [ -67.1508266, 44.8490476 ], [ -67.1505036, 44.8489343 ], [ -67.1502419, 44.848759 ], [ -67.1501758, 44.8485239 ], [ -67.1502103, 44.8483354 ], [ -67.1501891, 44.84811 ], [ -67.1500942, 44.8476404 ], [ -67.1499506, 44.847359 ], [ -67.1499521, 44.847188 ], [ -67.1498293, 44.847096 ], [ -67.1496919, 44.8470397 ], [ -67.1495855, 44.84693 ], [ -67.1495174, 44.8467578 ], [ -67.1495189, 44.8466858 ], [ -67.1495815, 44.8466328 ], [ -67.1495967, 44.8465791 ], [ -67.14952, 44.8464788 ], [ -67.1493826, 44.8464226 ], [ -67.1491977, 44.8463926 ], [ -67.1491457, 44.8462387 ], [ -67.1491788, 44.8459962 ], [ -67.1492724, 44.8459617 ], [ -67.1495666, 44.8459124 ], [ -67.1497213, 44.8458249 ], [ -67.1497942, 44.845475 ], [ -67.1497568, 44.8453844 ], [ -67.1493591, 44.8451079 ], [ -67.1491912, 44.8449431 ], [ -67.1491848, 44.844871 ], [ -67.1493754, 44.844721 ], [ -67.1493672, 44.8446579 ], [ -67.1492887, 44.8445396 ], [ -67.1488956, 44.8441461 ], [ -67.1488718, 44.8441007 ], [ -67.1488864, 44.8438669 ], [ -67.1489351, 44.8437777 ], [ -67.1490124, 44.8437339 ], [ -67.1494053, 44.8437403 ], [ -67.1497042, 44.8438892 ], [ -67.1500181, 44.8441373 ], [ -67.1502532, 44.8444292 ], [ -67.1504214, 44.844585 ], [ -67.1505037, 44.8447303 ], [ -67.1504871, 44.8449281 ], [ -67.1504321, 44.8449902 ], [ -67.1501606, 44.8450488 ], [ -67.1499903, 44.8451541 ], [ -67.1500582, 44.8453803 ], [ -67.1501248, 44.8454984 ], [ -67.1502315, 44.8455991 ], [ -67.1503933, 44.8456828 ], [ -67.1508319, 44.8457439 ], [ -67.1519837, 44.8461316 ], [ -67.15206, 44.8462409 ], [ -67.1520038, 44.846492 ], [ -67.1519567, 44.8465543 ], [ -67.1519713, 44.8472837 ], [ -67.1520395, 44.8474288 ], [ -67.1521837, 44.8475932 ], [ -67.1527202, 44.8478809 ], [ -67.1530032, 44.8480836 ], [ -67.1532403, 44.8481864 ], [ -67.153439, 44.8483787 ], [ -67.1535623, 44.8484077 ], [ -67.1536543, 44.8483732 ], [ -67.1537107, 44.8482931 ], [ -67.1536592, 44.8480222 ], [ -67.1535765, 44.8478138 ], [ -67.1535713, 44.8477057 ], [ -67.1536569, 44.8475 ], [ -67.1536928, 44.8470955 ], [ -67.1536066, 44.8465 ], [ -67.1535323, 44.8463007 ], [ -67.1534714, 44.8462277 ], [ -67.1533867, 44.8461813 ], [ -67.1533423, 44.8460366 ], [ -67.1533466, 44.8457036 ], [ -67.1533865, 44.8455692 ], [ -67.1533564, 44.8454697 ], [ -67.1534583, 44.8453003 ], [ -67.1534207, 44.8451916 ], [ -67.1531993, 44.845089 ], [ -67.1531693, 44.8449895 ], [ -67.1536137, 44.8445466 ], [ -67.1536989, 44.844404 ], [ -67.1539647, 44.8441292 ], [ -67.1540356, 44.8440133 ], [ -67.1538008, 44.8436404 ], [ -67.1537096, 44.8435759 ], [ -67.1537023, 44.8434318 ], [ -67.1537428, 44.8433514 ], [ -67.1538435, 44.843344 ], [ -67.1539882, 44.8434454 ], [ -67.1540811, 44.8434559 ], [ -67.1542135, 44.843323 ], [ -67.1542608, 44.8431797 ], [ -67.1543928, 44.8430829 ], [ -67.1546319, 44.8432218 ], [ -67.1549901, 44.8434976 ], [ -67.1553278, 44.8436201 ], [ -67.1554433, 44.8435949 ], [ -67.1555774, 44.8435071 ], [ -67.1557242, 44.8433654 ], [ -67.1558115, 44.8431328 ], [ -67.1557744, 44.8430062 ], [ -67.155531, 44.8427052 ], [ -67.1555396, 44.8426333 ], [ -67.155602, 44.8425623 ], [ -67.1556651, 44.8423922 ], [ -67.1556744, 44.8422754 ], [ -67.1555761, 44.8420847 ], [ -67.1555698, 44.8419856 ], [ -67.1555861, 44.8418688 ], [ -67.1556497, 44.8417618 ], [ -67.1556753, 44.8415282 ], [ -67.1555763, 44.8414096 ], [ -67.1554768, 44.841354 ], [ -67.1552395, 44.8411341 ], [ -67.1552023, 44.8410344 ], [ -67.1552113, 44.8409266 ], [ -67.1551133, 44.840826 ], [ -67.1547052, 44.8407293 ], [ -67.1546192, 44.840746 ], [ -67.1545186, 44.8408524 ], [ -67.1544816, 44.8407977 ], [ -67.1543267, 44.8407682 ], [ -67.153879, 44.840797 ], [ -67.1537339, 44.8406596 ], [ -67.1536524, 44.8404153 ], [ -67.1536386, 44.840253 ], [ -67.1535399, 44.8401254 ], [ -67.1531607, 44.8402363 ], [ -67.1530899, 44.8402981 ], [ -67.15302, 44.840432 ], [ -67.1528023, 44.8405635 ], [ -67.1526166, 44.8406325 ], [ -67.1522069, 44.8407339 ], [ -67.1519679, 44.8407391 ], [ -67.15186, 44.8407733 ], [ -67.1517502, 44.8408436 ], [ -67.1517198, 44.8409061 ], [ -67.1514874, 44.8410014 ], [ -67.1514483, 44.8410367 ], [ -67.1515916, 44.8413541 ], [ -67.1515505, 44.8415515 ], [ -67.1514332, 44.8417567 ], [ -67.1513262, 44.8415659 ], [ -67.1512344, 44.8415194 ], [ -67.1511259, 44.8414996 ], [ -67.151057, 44.8415255 ], [ -67.151033, 44.8416332 ], [ -67.1510974, 44.8419943 ], [ -67.1512198, 44.8421223 ], [ -67.1512041, 44.8421941 ], [ -67.1511404, 44.8423551 ], [ -67.1510556, 44.8423627 ], [ -67.1509922, 44.8425147 ], [ -67.1509457, 44.842559 ], [ -67.1507441, 44.8425557 ], [ -67.1504472, 44.8422718 ], [ -67.1501716, 44.8420603 ], [ -67.1501352, 44.8419877 ], [ -67.1501355, 44.8418797 ], [ -67.1500453, 44.8417072 ], [ -67.1499, 44.8415788 ], [ -67.1498317, 44.8415867 ], [ -67.1497318, 44.841495 ], [ -67.1495971, 44.8410338 ], [ -67.1495069, 44.8408883 ], [ -67.1493232, 44.8408223 ], [ -67.149239, 44.8407579 ], [ -67.1492092, 44.8405774 ], [ -67.1490724, 44.8405031 ], [ -67.1486565, 44.8403794 ], [ -67.1485274, 44.8402602 ], [ -67.1484897, 44.8401786 ], [ -67.1485468, 44.8399275 ], [ -67.14851, 44.8396928 ], [ -67.1480801, 44.8395868 ], [ -67.1479723, 44.8394951 ], [ -67.1479051, 44.8393949 ], [ -67.147936, 44.8393684 ], [ -67.1480979, 44.839326 ], [ -67.1484529, 44.8394038 ], [ -67.1486124, 44.8395594 ], [ -67.1486729, 44.8396685 ], [ -67.1487654, 44.83967 ], [ -67.1488733, 44.8396087 ], [ -67.1489461, 44.8393128 ], [ -67.1489209, 44.8388893 ], [ -67.1489677, 44.838809 ], [ -67.149191, 44.8387766 ], [ -67.1492689, 44.8387149 ], [ -67.1492938, 44.8386523 ], [ -67.1493177, 44.8385716 ], [ -67.1492803, 44.838481 ], [ -67.149134, 44.8384336 ], [ -67.1484413, 44.8383324 ], [ -67.1483195, 44.8381864 ], [ -67.1483121, 44.8380962 ], [ -67.148422, 44.837999 ], [ -67.1493184, 44.8377615 ], [ -67.1495561, 44.8378463 ], [ -67.1497702, 44.8380479 ], [ -67.1498549, 44.8380942 ], [ -67.1499313, 44.8381045 ], [ -67.1499701, 44.8380781 ], [ -67.1499869, 44.8380244 ], [ -67.1499127, 44.8376991 ], [ -67.1499454, 44.8375916 ], [ -67.1501708, 44.8374152 ], [ -67.1503585, 44.8371842 ], [ -67.1504389, 44.8368704 ], [ -67.1503555, 44.836761 ], [ -67.1502557, 44.8367144 ], [ -67.1500865, 44.8366666 ], [ -67.1499558, 44.8366735 ], [ -67.1498012, 44.836635 ], [ -67.1496958, 44.8365433 ], [ -67.149657, 44.8364706 ], [ -67.149697, 44.8364083 ], [ -67.1498194, 44.8364373 ], [ -67.1499738, 44.8364308 ], [ -67.1500985, 44.8363158 ], [ -67.1500879, 44.8359555 ], [ -67.1499956, 44.835774 ], [ -67.1500362, 44.8356936 ], [ -67.1501138, 44.8356138 ], [ -67.1502386, 44.8355438 ], [ -67.1505319, 44.8355216 ], [ -67.1506699, 44.8355598 ], [ -67.1507536, 44.8356602 ], [ -67.1509482, 44.8361765 ], [ -67.1510552, 44.8362682 ], [ -67.1512446, 44.8365774 ], [ -67.1514343, 44.8367785 ], [ -67.1517719, 44.836928 ], [ -67.1520415, 44.8369774 ], [ -67.1522246, 44.8370884 ], [ -67.1524553, 44.8371191 ], [ -67.152693, 44.837204 ], [ -67.1528315, 44.8372242 ], [ -67.153008, 44.8373171 ], [ -67.1529948, 44.8371368 ], [ -67.1530284, 44.8369753 ], [ -67.1530899, 44.8368593 ], [ -67.1536114, 44.8364987 ], [ -67.1539054, 44.8364044 ], [ -67.153982, 44.8364326 ], [ -67.1541177, 44.8366419 ], [ -67.1542975, 44.8372029 ], [ -67.1546698, 44.837677 ], [ -67.1550987, 44.8379405 ], [ -67.155612, 44.8381829 ], [ -67.15591, 44.8384848 ], [ -67.1560406, 44.8387299 ], [ -67.1561822, 44.8392724 ], [ -67.156393, 44.8397799 ], [ -67.1564626, 44.83988 ], [ -67.1565798, 44.8399719 ], [ -67.1570192, 44.8402041 ], [ -67.1571749, 44.8403326 ], [ -67.1572765, 44.8404423 ], [ -67.1573613, 44.8405877 ], [ -67.157372, 44.8407229 ], [ -67.1573327, 44.8408123 ], [ -67.1572699, 44.8408743 ], [ -67.1572475, 44.840955 ], [ -67.1573085, 44.8410279 ], [ -67.1575686, 44.8412032 ], [ -67.1578517, 44.8413518 ], [ -67.1581807, 44.8414741 ], [ -67.1588106, 44.8416373 ], [ -67.1589186, 44.8417201 ], [ -67.1596349, 44.8424968 ], [ -67.1600092, 44.8428359 ], [ -67.160124, 44.8428828 ], [ -67.1602615, 44.842885 ], [ -67.160416, 44.8429775 ], [ -67.1606893, 44.843234 ], [ -67.1607963, 44.8434518 ], [ -67.1608312, 44.8437224 ], [ -67.1609218, 44.8439309 ], [ -67.1611662, 44.8440789 ], [ -67.1613055, 44.8441261 ], [ -67.1613353, 44.8442076 ], [ -67.1613108, 44.8443062 ], [ -67.1611937, 44.8444574 ], [ -67.1611925, 44.8445204 ], [ -67.1614864, 44.8443541 ], [ -67.1616492, 44.8443837 ], [ -67.161748, 44.8444843 ], [ -67.1619376, 44.8448655 ], [ -67.1623854, 44.8453318 ], [ -67.1624842, 44.8455314 ], [ -67.1625124, 44.8457659 ], [ -67.1625868, 44.8460102 ], [ -67.1627256, 44.8461475 ], [ -67.1628628, 44.8462127 ], [ -67.1626644, 44.8459844 ], [ -67.1626325, 44.8453718 ], [ -67.1626994, 44.8449317 ], [ -67.162637, 44.8443096 ], [ -67.1624486, 44.8438655 ], [ -67.162305, 44.8436561 ], [ -67.1620224, 44.8434175 ], [ -67.1619612, 44.8433265 ], [ -67.1620101, 44.8431832 ], [ -67.1622131, 44.8429164 ], [ -67.1622378, 44.8427368 ], [ -67.1621768, 44.8426638 ], [ -67.1620077, 44.842562 ], [ -67.1617861, 44.8424685 ], [ -67.1614411, 44.8423729 ], [ -67.1611186, 44.8421696 ], [ -67.160882, 44.8418778 ], [ -67.1607458, 44.8416595 ], [ -67.1606952, 44.8414607 ], [ -67.1606983, 44.8411636 ], [ -67.1608287, 44.8411657 ], [ -67.1609693, 44.841096 ], [ -67.161054, 44.8410433 ], [ -67.1611479, 44.8409278 ], [ -67.1611812, 44.8406763 ], [ -67.1611293, 44.8405404 ], [ -67.1610295, 44.8404218 ], [ -67.1607156, 44.8402727 ], [ -67.1602493, 44.8399411 ], [ -67.1598985, 44.8395574 ], [ -67.159783, 44.8395105 ], [ -67.1591827, 44.8394648 ], [ -67.1590603, 44.8394088 ], [ -67.1589536, 44.8393081 ], [ -67.1585317, 44.8391212 ], [ -67.1584482, 44.8390119 ], [ -67.1578556, 44.8375079 ], [ -67.157763, 44.8372155 ], [ -67.1650521, 44.8350767 ], [ -67.1654634, 44.8356801 ] ] ] } },
{ "type": "Feature", "properties": { "osm_type": "way", "id": 889801258, "boundary": null, "state": "Maine", "name": "Lily Bay State Park", "wikipedia": null, "leisure": "nature_reserve" }, "geometry": { "type": "Polygon", "coordinates": [ [ [ -69.5247412, 45.579625 ], [ -69.5244117, 45.5791443 ], [ -69.5246048, 45.5788959 ], [ -69.5250637, 45.5783628 ], [ -69.525697, 45.5775948 ], [ -69.5258172, 45.5774682 ], [ -69.5262423, 45.5770972 ], [ -69.526517, 45.5768754 ], [ -69.5267939, 45.5766716 ], [ -69.5270255, 45.5765175 ], [ -69.5273055, 45.5763407 ], [ -69.5276686, 45.5761995 ], [ -69.5279374, 45.5761173 ], [ -69.5283674, 45.5759668 ], [ -69.5285271, 45.5758905 ], [ -69.5286475, 45.5758246 ], [ -69.5286897, 45.5758653 ], [ -69.5295937, 45.5752753 ], [ -69.5295379, 45.5752218 ], [ -69.5300243, 45.5748925 ], [ -69.530881, 45.5745149 ], [ -69.5314364, 45.5742873 ], [ -69.5318256, 45.574146 ], [ -69.5320784, 45.5740278 ], [ -69.5323657, 45.573869 ], [ -69.5327633, 45.5735656 ], [ -69.5334728, 45.5727792 ], [ -69.5339003, 45.5724216 ], [ -69.5343666, 45.5720864 ], [ -69.5351108, 45.5716329 ], [ -69.536197, 45.5710022 ], [ -69.5364158, 45.5708572 ], [ -69.5368323, 45.5705177 ], [ -69.5378707, 45.5695857 ], [ -69.5381531, 45.5692918 ], [ -69.5384907, 45.5688762 ], [ -69.5386949, 45.5685377 ], [ -69.5388658, 45.5681858 ], [ -69.5391218, 45.5674915 ], [ -69.5394382, 45.5669905 ], [ -69.5396401, 45.566787 ], [ -69.5400139, 45.5664702 ], [ -69.5403667, 45.5660905 ], [ -69.5405107, 45.5659143 ], [ -69.5708175, 45.5634531 ], [ -69.5706624, 45.5636892 ], [ -69.5701985, 45.5639642 ], [ -69.5698482, 45.5643072 ], [ -69.5696553, 45.5646118 ], [ -69.569372, 45.5651512 ], [ -69.5691763, 45.565749 ], [ -69.5690107, 45.5659876 ], [ -69.5689081, 45.5663219 ], [ -69.5686508, 45.5666802 ], [ -69.5685509, 45.5671621 ], [ -69.5682102, 45.5676056 ], [ -69.5676683, 45.5677072 ], [ -69.5674781, 45.5676803 ], [ -69.5673892, 45.567551 ], [ -69.5674644, 45.567505 ], [ -69.5676861, 45.5675328 ], [ -69.5679078, 45.5674629 ], [ -69.568002, 45.567514 ], [ -69.568036, 45.567446 ], [ -69.5681363, 45.5673144 ], [ -69.5679584, 45.566935 ], [ -69.5680378, 45.5668325 ], [ -69.5680255, 45.5666984 ], [ -69.5679228, 45.5666534 ], [ -69.5677983, 45.5665365 ], [ -69.5675876, 45.5664167 ], [ -69.5672167, 45.5664024 ], [ -69.5672126, 45.566319 ], [ -69.5672947, 45.5662577 ], [ -69.56755, 45.566211 ], [ -69.567683, 45.566084 ], [ -69.5678448, 45.5659358 ], [ -69.567996, 45.565974 ], [ -69.5680706, 45.5658161 ], [ -69.5680597, 45.5655507 ], [ -69.5679242, 45.565361 ], [ -69.5677586, 45.565407 ], [ -69.5676998, 45.5654865 ], [ -69.567767, 45.565692 ], [ -69.5675985, 45.5658055 ], [ -69.5673508, 45.5657251 ], [ -69.5671127, 45.5658391 ], [ -69.5666338, 45.5661035 ], [ -69.5665804, 45.5662903 ], [ -69.5662889, 45.566456 ], [ -69.5662014, 45.5667262 ], [ -69.5663081, 45.5668354 ], [ -69.566122, 45.5669034 ], [ -69.5657349, 45.5667442 ], [ -69.565493, 45.5666913 ], [ -69.5651582, 45.5667564 ], [ -69.5645137, 45.5669298 ], [ -69.564439, 45.567221 ], [ -69.564329, 45.567554 ], [ -69.564495, 45.567752 ], [ -69.564239, 45.56823 ], [ -69.5642738, 45.5683659 ], [ -69.5644506, 45.5685155 ], [ -69.5646422, 45.5687991 ], [ -69.5648064, 45.5687378 ], [ -69.5649433, 45.5687914 ], [ -69.5649569, 45.5687988 ], [ -69.5652525, 45.5689591 ], [ -69.565332, 45.568958 ], [ -69.5656404, 45.5686675 ], [ -69.566072, 45.568261 ], [ -69.5662106, 45.5681296 ], [ -69.5663577, 45.568131 ], [ -69.5664854, 45.5681879 ], [ -69.5664874, 45.5684873 ], [ -69.5666209, 45.5686878 ], [ -69.5666596, 45.5689953 ], [ -69.5667699, 45.5690197 ], [ -69.5668531, 45.5689885 ], [ -69.5670331, 45.5687013 ], [ -69.5672073, 45.5686688 ], [ -69.5672924, 45.5687054 ], [ -69.5672576, 45.5687989 ], [ -69.5671531, 45.5690522 ], [ -69.5672131, 45.569437 ], [ -69.5673737, 45.5699748 ], [ -69.5675305, 45.5702186 ], [ -69.5678362, 45.5704137 ], [ -69.5680685, 45.571003 ], [ -69.5684033, 45.5715002 ], [ -69.5684362, 45.5716343 ], [ -69.5682678, 45.5719906 ], [ -69.5681981, 45.5723415 ], [ -69.5682736, 45.5728684 ], [ -69.568113, 45.5730798 ], [ -69.5677982, 45.573279 ], [ -69.5676078, 45.5735081 ], [ -69.567471, 45.5736226 ], [ -69.5673476, 45.5737277 ], [ -69.5671357, 45.573831 ], [ -69.5668409, 45.5739151 ], [ -69.5665906, 45.5739417 ], [ -69.5663896, 45.5739589 ], [ -69.565942, 45.5740041 ], [ -69.5657049, 45.5740864 ], [ -69.5655456, 45.57417 ], [ -69.5653881, 45.5742709 ], [ -69.5651928, 45.5743917 ], [ -69.5649747, 45.5745072 ], [ -69.5647073, 45.5745988 ], [ -69.5644531, 45.5746745 ], [ -69.5642464, 45.574948 ], [ -69.5642293, 45.5750807 ], [ -69.5642597, 45.5752493 ], [ -69.5642085, 45.5753038 ], [ -69.5640245, 45.5752719 ], [ -69.5637912, 45.5752148 ], [ -69.5635845, 45.5752135 ], [ -69.5632564, 45.5752719 ], [ -69.5627708, 45.5753847 ], [ -69.5623043, 45.5754325 ], [ -69.5619649, 45.5753945 ], [ -69.5616425, 45.5753294 ], [ -69.5611513, 45.5750971 ], [ -69.560734, 45.5751781 ], [ -69.560349, 45.5752683 ], [ -69.5601783, 45.5753852 ], [ -69.5601916, 45.5754927 ], [ -69.5600001, 45.5756095 ], [ -69.5597004, 45.5757834 ], [ -69.5595069, 45.5758551 ], [ -69.5593173, 45.5759892 ], [ -69.5592566, 45.5760808 ], [ -69.5591769, 45.5761724 ], [ -69.5591599, 45.5762614 ], [ -69.5590517, 45.5763981 ], [ -69.5589152, 45.5765282 ], [ -69.5587236, 45.57658 ], [ -69.5585833, 45.5766225 ], [ -69.5584297, 45.576649 ], [ -69.5583367, 45.5765694 ], [ -69.5581736, 45.5763676 ], [ -69.5580503, 45.576345 ], [ -69.5579403, 45.5764233 ], [ -69.5578114, 45.5764778 ], [ -69.5576843, 45.5764592 ], [ -69.5575648, 45.5763065 ], [ -69.5574283, 45.5760184 ], [ -69.5573372, 45.5758166 ], [ -69.5572991, 45.5756536 ], [ -69.557335, 45.575568 ], [ -69.557351, 45.575496 ], [ -69.557419, 45.575374 ], [ -69.5574685, 45.57522 ], [ -69.5575395, 45.5750848 ], [ -69.5575395, 45.5748351 ], [ -69.557572, 45.57471 ], [ -69.557614, 45.574604 ], [ -69.5577005, 45.5745253 ], [ -69.5577139, 45.5744708 ], [ -69.5576965, 45.5743225 ], [ -69.5577112, 45.5741629 ], [ -69.557801, 45.574016 ], [ -69.55782, 45.573986 ], [ -69.557899, 45.573914 ], [ -69.558054, 45.573798 ], [ -69.55813, 45.573741 ], [ -69.558213, 45.573696 ], [ -69.558267, 45.573667 ], [ -69.558392, 45.573628 ], [ -69.558489, 45.5735893 ], [ -69.5585682, 45.5735771 ], [ -69.5586352, 45.5735649 ], [ -69.5587278, 45.5735574 ], [ -69.5589415, 45.5735367 ], [ -69.5590005, 45.5735367 ], [ -69.5590665, 45.5735147 ], [ -69.5590925, 45.5734827 ], [ -69.5590545, 45.5734157 ], [ -69.5590035, 45.5733707 ], [ -69.5589525, 45.5733257 ], [ -69.5587948, 45.5732242 ], [ -69.5587211, 45.57315 ], [ -69.5585668, 45.573043 ], [ -69.55843, 45.5729388 ], [ -69.5583442, 45.5728609 ], [ -69.5582517, 45.5727782 ], [ -69.5581497, 45.572767 ], [ -69.5579808, 45.572705 ], [ -69.5578547, 45.572675 ], [ -69.5577045, 45.5726421 ], [ -69.5574242, 45.5726393 ], [ -69.557278, 45.5725989 ], [ -69.5570916, 45.5725877 ], [ -69.556991, 45.5726675 ], [ -69.5567952, 45.5727351 ], [ -69.5567121, 45.5728534 ], [ -69.556519, 45.57292 ], [ -69.5561716, 45.5729078 ], [ -69.5558752, 45.572904 ], [ -69.5556191, 45.5728552 ], [ -69.5553026, 45.5728853 ], [ -69.5550317, 45.5729275 ], [ -69.5548426, 45.5727482 ], [ -69.5547407, 45.5727623 ], [ -69.5547286, 45.572904 ], [ -69.5545449, 45.5730054 ], [ -69.554231, 45.5730805 ], [ -69.5540942, 45.5731707 ], [ -69.5540554, 45.5732946 ], [ -69.554024, 45.573398 ], [ -69.553981, 45.573492 ], [ -69.553875, 45.5736 ], [ -69.5537764, 45.5736466 ], [ -69.5537094, 45.5736353 ], [ -69.5535739, 45.5736081 ], [ -69.5533473, 45.5735264 ], [ -69.5532561, 45.573549 ], [ -69.5533057, 45.5736579 ], [ -69.5529852, 45.5737386 ], [ -69.5528618, 45.5739357 ], [ -69.5528242, 45.5740615 ], [ -69.552851, 45.5742296 ], [ -69.5528551, 45.5743159 ], [ -69.5528282, 45.5743563 ], [ -69.5526244, 45.5744173 ], [ -69.5521403, 45.5746492 ], [ -69.5517352, 45.5749092 ], [ -69.5515944, 45.5750895 ], [ -69.5514724, 45.5751477 ], [ -69.5512766, 45.5751317 ], [ -69.5509386, 45.5751758 ], [ -69.5507281, 45.5751289 ], [ -69.5505108, 45.5751411 ], [ -69.5503325, 45.5751373 ], [ -69.5501729, 45.5751082 ], [ -69.5500642, 45.5750754 ], [ -69.5499677, 45.5749853 ], [ -69.5498957, 45.5749722 ], [ -69.5497817, 45.5749741 ], [ -69.5497249, 45.5750059 ], [ -69.5496565, 45.5750538 ], [ -69.5496824, 45.5751177 ], [ -69.5496503, 45.575174 ], [ -69.5495962, 45.5752256 ], [ -69.5495439, 45.5754499 ], [ -69.549426, 45.575526 ], [ -69.5490253, 45.5755148 ], [ -69.5488161, 45.5755486 ], [ -69.5487624, 45.5756115 ], [ -69.5488134, 45.5757213 ], [ -69.5488684, 45.5758293 ], [ -69.5489073, 45.5758565 ], [ -69.5489475, 45.5758818 ], [ -69.549036, 45.5759297 ], [ -69.5491165, 45.5760311 ], [ -69.5493177, 45.5760977 ], [ -69.549429, 45.5761156 ], [ -69.5496315, 45.5760996 ], [ -69.5498166, 45.5760771 ], [ -69.5499748, 45.5760996 ], [ -69.5500606, 45.5761315 ], [ -69.5501746, 45.5761766 ], [ -69.5501746, 45.5760377 ], [ -69.5501934, 45.5759982 ], [ -69.5502792, 45.5759879 ], [ -69.5504589, 45.5759607 ], [ -69.5505863, 45.575941 ], [ -69.5508358, 45.5759382 ], [ -69.5509779, 45.5759335 ], [ -69.5511161, 45.5759156 ], [ -69.5513991, 45.5758997 ], [ -69.5516244, 45.5758959 ], [ -69.5518, 45.5759044 ], [ -69.5519999, 45.5759513 ], [ -69.5521849, 45.5759898 ], [ -69.5522797, 45.5760376 ], [ -69.5522878, 45.5761455 ], [ -69.5522757, 45.5762479 ], [ -69.5521832, 45.5763586 ], [ -69.5521175, 45.5764938 ], [ -69.551988, 45.576638 ], [ -69.5519243, 45.5766928 ], [ -69.5517487, 45.5766515 ], [ -69.5515783, 45.576751 ], [ -69.5515502, 45.5769097 ], [ -69.5514845, 45.5769838 ], [ -69.5514348, 45.5771162 ], [ -69.5514348, 45.5772194 ], [ -69.5511693, 45.5773884 ], [ -69.5507428, 45.5776334 ], [ -69.5506208, 45.5777179 ], [ -69.5506262, 45.5777939 ], [ -69.5507321, 45.5778568 ], [ -69.5508568, 45.5779047 ], [ -69.551002, 45.578011 ], [ -69.5510794, 45.5782004 ], [ -69.5513571, 45.5782445 ], [ -69.551497, 45.578324 ], [ -69.5515797, 45.5784322 ], [ -69.5517004, 45.578635 ], [ -69.5518412, 45.5787917 ], [ -69.5519458, 45.5788809 ], [ -69.552091, 45.578901 ], [ -69.5522999, 45.5788837 ], [ -69.5523803, 45.5787983 ], [ -69.5524702, 45.5787598 ], [ -69.5525721, 45.5787701 ], [ -69.5526995, 45.5788368 ], [ -69.5527478, 45.5789091 ], [ -69.5527706, 45.5789813 ], [ -69.5527786, 45.5790762 ], [ -69.5527277, 45.5791766 ], [ -69.5526687, 45.5792123 ], [ -69.5525158, 45.5792385 ], [ -69.5524138, 45.579247 ], [ -69.5522824, 45.5792517 ], [ -69.5521255, 45.5792479 ], [ -69.5520129, 45.5792216 ], [ -69.551923, 45.5792282 ], [ -69.55186, 45.5792301 ], [ -69.5517406, 45.5792198 ], [ -69.5515408, 45.5792132 ], [ -69.5514482, 45.5792761 ], [ -69.5516843, 45.5793446 ], [ -69.551757, 45.579421 ], [ -69.552118, 45.579594 ], [ -69.552146, 45.579621 ], [ -69.552297, 45.579765 ], [ -69.552387, 45.579827 ], [ -69.55249, 45.579867 ], [ -69.552614, 45.579862 ], [ -69.552874, 45.579805 ], [ -69.55307, 45.579779 ], [ -69.553233, 45.579791 ], [ -69.553303, 45.579813 ], [ -69.553433, 45.579854 ], [ -69.5534653, 45.5799059 ], [ -69.5534411, 45.5800054 ], [ -69.5534089, 45.5800946 ], [ -69.553417, 45.5801678 ], [ -69.5534787, 45.5802373 ], [ -69.5534961, 45.5802711 ], [ -69.5534747, 45.5803227 ], [ -69.5534237, 45.5803612 ], [ -69.5533379, 45.5803818 ], [ -69.5532695, 45.5804034 ], [ -69.5530428, 45.5804541 ], [ -69.5528014, 45.580547 ], [ -69.5525868, 45.5806137 ], [ -69.5523884, 45.5806296 ], [ -69.5521376, 45.5806249 ], [ -69.5519351, 45.580624 ], [ -69.5516709, 45.5805564 ], [ -69.5515622, 45.5805273 ], [ -69.5513946, 45.5805151 ], [ -69.5513235, 45.580624 ], [ -69.5512873, 45.580701 ], [ -69.5512417, 45.5808296 ], [ -69.5511639, 45.5808962 ], [ -69.5509869, 45.5809422 ], [ -69.5508421, 45.5809572 ], [ -69.5505511, 45.5808962 ], [ -69.5505712, 45.5809666 ], [ -69.550663, 45.581078 ], [ -69.5506852, 45.5811534 ], [ -69.5507, 45.581275 ], [ -69.550589, 45.581496 ], [ -69.550456, 45.581668 ], [ -69.5503056, 45.5817917 ], [ -69.5502077, 45.5820301 ], [ -69.5500589, 45.5822366 ], [ -69.5500585, 45.5824047 ], [ -69.5495385, 45.5826317 ], [ -69.5490624, 45.5827584 ], [ -69.548534, 45.5829096 ], [ -69.5483758, 45.5828673 ], [ -69.5482967, 45.5827697 ], [ -69.5482953, 45.5826937 ], [ -69.5484482, 45.5825792 ], [ -69.5486158, 45.5823989 ], [ -69.5486271, 45.582361 ], [ -69.5485285, 45.5823451 ], [ -69.5485005, 45.5822873 ], [ -69.5486574, 45.5822628 ], [ -69.5487912, 45.5821825 ], [ -69.5488879, 45.5820995 ], [ -69.5489694, 45.5820345 ], [ -69.5489789, 45.5819767 ], [ -69.5488689, 45.5818506 ], [ -69.5488831, 45.5817809 ], [ -69.548959, 45.5817351 ], [ -69.549087, 45.581701 ], [ -69.549212, 45.581652 ], [ -69.549417, 45.581592 ], [ -69.5496023, 45.5814826 ], [ -69.5496492, 45.5813888 ], [ -69.5495862, 45.5812705 ], [ -69.549436, 45.5811888 ], [ -69.5492442, 45.5811785 ], [ -69.549035, 45.5811823 ], [ -69.5489264, 45.5810668 ], [ -69.5487601, 45.5810893 ], [ -69.5484382, 45.5811494 ], [ -69.548126, 45.581289 ], [ -69.5480265, 45.5813005 ], [ -69.5479393, 45.581339 ], [ -69.5478119, 45.5813766 ], [ -69.5476845, 45.5814319 ], [ -69.547651, 45.5815549 ], [ -69.5475424, 45.5816919 ], [ -69.5472661, 45.581905 ], [ -69.5470931, 45.5821556 ], [ -69.5472218, 45.582333 ], [ -69.547187, 45.5824616 ], [ -69.5470851, 45.5825395 ], [ -69.5469374, 45.5825998 ], [ -69.546796, 45.58273 ], [ -69.5465526, 45.5827685 ], [ -69.5463072, 45.5827423 ], [ -69.5461262, 45.5827038 ], [ -69.5460565, 45.5826786 ], [ -69.5459778, 45.5826262 ], [ -69.545902, 45.582577 ], [ -69.545725, 45.582458 ], [ -69.5456781, 45.5822919 ], [ -69.5458189, 45.5822065 ], [ -69.5457411, 45.5821624 ], [ -69.5456258, 45.5821558 ], [ -69.5455266, 45.5821971 ], [ -69.5453348, 45.5822262 ], [ -69.5449848, 45.5822299 ], [ -69.5447293, 45.5822319 ], [ -69.5446146, 45.5822149 ], [ -69.5445743, 45.5821559 ], [ -69.5446603, 45.5820929 ], [ -69.5447843, 45.5820739 ], [ -69.5449243, 45.5820169 ], [ -69.5452114, 45.5819615 ], [ -69.5453294, 45.5818817 ], [ -69.545382, 45.581818 ], [ -69.545356, 45.581783 ], [ -69.5452852, 45.5816921 ], [ -69.5451712, 45.5816377 ], [ -69.5449486, 45.5815907 ], [ -69.5446562, 45.5816489 ], [ -69.5444215, 45.5816048 ], [ -69.5442512, 45.5815457 ], [ -69.5440125, 45.5815081 ], [ -69.5437375, 45.581479 ], [ -69.5435431, 45.5813551 ], [ -69.5432547, 45.5813354 ], [ -69.5431045, 45.5812538 ], [ -69.5431314, 45.5811449 ], [ -69.5432145, 45.5810933 ], [ -69.5432883, 45.5810238 ], [ -69.5433446, 45.5809534 ], [ -69.5434532, 45.5809102 ], [ -69.5436651, 45.5808849 ], [ -69.54374, 45.580927 ], [ -69.543851, 45.580917 ], [ -69.5439467, 45.5808755 ], [ -69.5440929, 45.5809112 ], [ -69.544219, 45.5808192 ], [ -69.5443477, 45.5807882 ], [ -69.544506, 45.580788 ], [ -69.544542, 45.580778 ], [ -69.544543, 45.58076 ], [ -69.5443518, 45.5806108 ], [ -69.544329, 45.5805207 ], [ -69.5443263, 45.5804203 ], [ -69.544215, 45.5803226 ], [ -69.5440527, 45.5803621 ], [ -69.5439374, 45.5804578 ], [ -69.5438032, 45.5804663 ], [ -69.5437349, 45.58044 ], [ -69.5436142, 45.5804034 ], [ -69.5434291, 45.5802898 ], [ -69.5432346, 45.5802738 ], [ -69.543148, 45.580195 ], [ -69.5431059, 45.5800805 ], [ -69.5429664, 45.5799838 ], [ -69.542784, 45.57997 ], [ -69.5424876, 45.5799096 ], [ -69.5423763, 45.5798458 ], [ -69.5423347, 45.5797463 ], [ -69.5425024, 45.5796834 ], [ -69.5426526, 45.579614 ], [ -69.542907, 45.579643 ], [ -69.5431273, 45.5797135 ], [ -69.5433593, 45.5797238 ], [ -69.5434747, 45.5796581 ], [ -69.5436222, 45.5796205 ], [ -69.543894, 45.579626 ], [ -69.544101, 45.579669 ], [ -69.5441788, 45.5797088 ], [ -69.5442609, 45.5797353 ], [ -69.5443459, 45.5797303 ], [ -69.5443789, 45.5797123 ], [ -69.5443789, 45.5796763 ], [ -69.5443518, 45.579628 ], [ -69.5443316, 45.5795548 ], [ -69.5442713, 45.5794732 ], [ -69.5442606, 45.5794156 ], [ -69.5442852, 45.5793466 ], [ -69.5443488, 45.5792735 ], [ -69.544491, 45.5791839 ], [ -69.5446608, 45.5792012 ], [ -69.5447945, 45.5791654 ], [ -69.5449111, 45.5791129 ], [ -69.5449538, 45.5790572 ], [ -69.5449339, 45.5789769 ], [ -69.5448485, 45.578939 ], [ -69.5447082, 45.578933 ], [ -69.5445081, 45.5789815 ], [ -69.5441108, 45.579026 ], [ -69.543648, 45.5788441 ], [ -69.5431928, 45.5789791 ], [ -69.5427261, 45.5789444 ], [ -69.5422942, 45.5789087 ], [ -69.5419952, 45.5787764 ], [ -69.5416746, 45.5787923 ], [ -69.5414761, 45.5786985 ], [ -69.5411208, 45.5786834 ], [ -69.5406406, 45.5785539 ], [ -69.5401431, 45.5784403 ], [ -69.5395919, 45.5784 ], [ -69.5392915, 45.5783155 ], [ -69.538975, 45.5783352 ], [ -69.5388033, 45.5782019 ], [ -69.5385807, 45.5780677 ], [ -69.5383903, 45.5779747 ], [ -69.5383232, 45.5778884 ], [ -69.5383594, 45.5777945 ], [ -69.538466, 45.577769 ], [ -69.5386451, 45.5777598 ], [ -69.5388073, 45.5776678 ], [ -69.5389669, 45.5774791 ], [ -69.539181, 45.577392 ], [ -69.539182, 45.577338 ], [ -69.539019, 45.577176 ], [ -69.538918, 45.577097 ], [ -69.538836, 45.5770029 ], [ -69.5386995, 45.5769711 ], [ -69.5385307, 45.5770534 ], [ -69.5383676, 45.5770693 ], [ -69.5382462, 45.5769936 ], [ -69.5378858, 45.5768901 ], [ -69.5377815, 45.5768755 ], [ -69.5376734, 45.5769113 ], [ -69.5375179, 45.5769472 ], [ -69.5374079, 45.5770043 ], [ -69.537258, 45.5770295 ], [ -69.536983, 45.5770613 ], [ -69.5368199, 45.5770481 ], [ -69.5365373, 45.5769976 ], [ -69.5363723, 45.5770003 ], [ -69.5361637, 45.5770122 ], [ -69.5360461, 45.5770587 ], [ -69.5358527, 45.5771158 ], [ -69.5355871, 45.5771768 ], [ -69.5354202, 45.5772021 ], [ -69.5352495, 45.5772007 ], [ -69.535113, 45.5771583 ], [ -69.5350959, 45.5771065 ], [ -69.5351433, 45.5769233 ], [ -69.5351187, 45.5768556 ], [ -69.5350219, 45.5767573 ], [ -69.534819, 45.5767069 ], [ -69.5345687, 45.5767281 ], [ -69.5344814, 45.5768503 ], [ -69.5343297, 45.5769419 ], [ -69.5342368, 45.5770428 ], [ -69.534104, 45.5770852 ], [ -69.5337645, 45.5773454 ], [ -69.5334155, 45.5776959 ], [ -69.5331557, 45.5776481 ], [ -69.5326872, 45.5774304 ], [ -69.5326569, 45.5774782 ], [ -69.5328958, 45.5776441 ], [ -69.5329262, 45.5777742 ], [ -69.5324824, 45.5780384 ], [ -69.5322093, 45.5781937 ], [ -69.5320462, 45.5783809 ], [ -69.5320063, 45.5786889 ], [ -69.5319513, 45.5789743 ], [ -69.5317218, 45.5792557 ], [ -69.531536, 45.5794827 ], [ -69.5314734, 45.5796925 ], [ -69.5316441, 45.5798146 ], [ -69.5315644, 45.5799792 ], [ -69.5314051, 45.5800721 ], [ -69.5312818, 45.5800973 ], [ -69.5311434, 45.5800761 ], [ -69.5311605, 45.5799566 ], [ -69.5310391, 45.5798358 ], [ -69.5306673, 45.5798106 ], [ -69.5302823, 45.5797416 ], [ -69.5299883, 45.5795252 ], [ -69.5297797, 45.579265 ], [ -69.5297418, 45.5791362 ], [ -69.529482, 45.5789438 ], [ -69.5294042, 45.578661 ], [ -69.529554, 45.5783597 ], [ -69.5297349, 45.5782634 ], [ -69.5297632, 45.578133 ], [ -69.5296277, 45.5780739 ], [ -69.529613, 45.5778411 ], [ -69.5296814, 45.5777585 ], [ -69.5296894, 45.5775538 ], [ -69.5298383, 45.5772976 ], [ -69.5301333, 45.5770892 ], [ -69.5302875, 45.5768273 ], [ -69.5305191, 45.5766767 ], [ -69.5307636, 45.5764424 ], [ -69.5307931, 45.5762744 ], [ -69.5306952, 45.576127 ], [ -69.5304699, 45.5760266 ], [ -69.5301789, 45.5759702 ], [ -69.5299281, 45.5759477 ], [ -69.5298155, 45.575897 ], [ -69.5297498, 45.5757994 ], [ -69.5296934, 45.5756924 ], [ -69.5296277, 45.5756595 ], [ -69.5295647, 45.5756783 ], [ -69.5294842, 45.5756699 ], [ -69.5294626, 45.5756969 ], [ -69.529449, 45.575714 ], [ -69.529566, 45.5757403 ], [ -69.5295379, 45.5758416 ], [ -69.5295848, 45.575928 ], [ -69.5296545, 45.5759862 ], [ -69.5297739, 45.5760406 ], [ -69.5300609, 45.5761157 ], [ -69.5302996, 45.5761683 ], [ -69.5305169, 45.5762265 ], [ -69.530592, 45.5762894 ], [ -69.5305678, 45.5764265 ], [ -69.530434, 45.57652 ], [ -69.530211, 45.576624 ], [ -69.53015, 45.576675 ], [ -69.5301025, 45.5767053 ], [ -69.5300193, 45.5768508 ], [ -69.5299375, 45.5770207 ], [ -69.5298182, 45.5770685 ], [ -69.5296304, 45.5772272 ], [ -69.5294185, 45.5773858 ], [ -69.5294319, 45.577536 ], [ -69.529303, 45.577675 ], [ -69.528954, 45.577845 ], [ -69.528946, 45.57785 ], [ -69.52889, 45.577885 ], [ -69.528811, 45.577933 ], [ -69.5287681, 45.5779631 ], [ -69.5287131, 45.5780748 ], [ -69.5287252, 45.5782841 ], [ -69.5287252, 45.5783977 ], [ -69.5286822, 45.5784785 ], [ -69.5286702, 45.5785883 ], [ -69.5286635, 45.578699 ], [ -69.5286031, 45.5787713 ], [ -69.5284864, 45.5788098 ], [ -69.5283617, 45.5788145 ], [ -69.5282826, 45.5787948 ], [ -69.5281901, 45.5787497 ], [ -69.528128, 45.578623 ], [ -69.528071, 45.578475 ], [ -69.528072, 45.578421 ], [ -69.5280694, 45.5782729 ], [ -69.5280466, 45.5782184 ], [ -69.527946, 45.5781612 ], [ -69.5277909, 45.578097 ], [ -69.5275899, 45.578032 ], [ -69.5273225, 45.5780187 ], [ -69.5271081, 45.5780639 ], [ -69.5267497, 45.5782325 ], [ -69.5264273, 45.5783745 ], [ -69.5258298, 45.5784754 ], [ -69.5255928, 45.5785603 ], [ -69.5254657, 45.5787077 ], [ -69.5253993, 45.5788073 ], [ -69.5251698, 45.5790343 ], [ -69.5250996, 45.5792812 ], [ -69.5249726, 45.5795135 ], [ -69.5248436, 45.5796436 ], [ -69.5247412, 45.579625 ] ] ] } },
{ "type": "Feature", "properties": { "osm_type": "way", "id": 889877945, "boundary": "national_park", "state": "Maine", "name": "Aroostook State Park", "wikipedia": null, "leisure": "park" }, "geometry": { "type": "Polygon", "coordinates": [ [ [ -68.0027978, 46.6117963 ], [ -67.9989793, 46.6118431 ], [ -67.9986583, 46.6065483 ], [ -68.0065832, 46.6063884 ], [ -68.0060432, 46.5950904 ], [ -68.0139804, 46.5949511 ], [ -68.0140022, 46.5955541 ], [ -68.0147417, 46.6057045 ], [ -68.0149086, 46.6057022 ], [ -68.0304507, 46.6057806 ], [ -68.0306531, 46.607685 ], [ -68.0216568, 46.6077379 ], [ -68.0153012, 46.6077577 ], [ -68.0148784, 46.6077527 ], [ -68.0149917, 46.6099954 ], [ -68.0150267, 46.6115642 ], [ -68.015054, 46.6121248 ], [ -68.0186393, 46.6121283 ], [ -68.018687, 46.6119396 ], [ -68.0186575, 46.6113994 ], [ -68.018613, 46.6112011 ], [ -68.0186313, 46.6105199 ], [ -68.0189227, 46.6105151 ], [ -68.0189059, 46.6102547 ], [ -68.019165, 46.6102421 ], [ -68.0311101, 46.6103914 ], [ -68.0312671, 46.6150872 ], [ -68.0313263, 46.6174941 ], [ -68.0313059, 46.6192557 ], [ -68.0312452, 46.6218076 ], [ -68.0183342, 46.6221264 ], [ -68.0155988, 46.6196385 ], [ -68.0139294, 46.6197166 ], [ -68.0137988, 46.6197091 ], [ -68.0141606, 46.6191633 ], [ -68.014365, 46.618922 ], [ -68.0144964, 46.6186982 ], [ -68.0145795, 46.6185279 ], [ -68.012826, 46.6186448 ], [ -68.0126063, 46.6179898 ], [ -68.0125499, 46.6179135 ], [ -68.0125039, 46.6177717 ], [ -68.01243, 46.6176402 ], [ -68.0124146, 46.6175263 ], [ -68.0123313, 46.6173617 ], [ -68.0121861, 46.617232 ], [ -68.0120145, 46.6170315 ], [ -68.0115603, 46.616481 ], [ -68.0115239, 46.6163723 ], [ -68.0113488, 46.6161244 ], [ -68.0111512, 46.6158626 ], [ -68.0110155, 46.615666 ], [ -68.0109054, 46.6155259 ], [ -68.0108921, 46.6155002 ], [ -68.0081814, 46.6155558 ], [ -68.0072394, 46.6156289 ], [ -68.0071217, 46.6154319 ], [ -68.0066158, 46.6148801 ], [ -68.0064227, 46.6146921 ], [ -68.0060601, 46.6144535 ], [ -68.0060082, 46.614426 ], [ -68.0057066, 46.614266 ], [ -68.0052984, 46.6138747 ], [ -68.004926, 46.6133693 ], [ -68.0047007, 46.6131261 ], [ -68.0042662, 46.6129271 ], [ -68.0039926, 46.6126876 ], [ -68.0036868, 46.6125623 ], [ -68.0033875, 46.6123782 ], [ -68.0030826, 46.6123726 ], [ -68.0028861, 46.6123469 ], [ -68.0029128, 46.6120179 ], [ -68.0028488, 46.6119787 ], [ -68.0027978, 46.6117963 ] ] ] } },
{ "type": "Feature", "properties": { "osm_type": "way", "id": 1097039036, "boundary": "protected_area", "state": "Maine", "name": "Allagash Wilderness Waterway", "wikipedia": "en:Allagash River", "leisure": "nature_reserve" }, "geometry": { "type": "Polygon", "coordinates": [ [ [ -69.0858723, 46.9806587 ], [ -69.0850612, 46.9919924 ], [ -69.0871275, 46.9955285 ], [ -69.0911284, 46.9975399 ], [ -69.0925372, 47.0010756 ], [ -69.091335, 47.0055719 ], [ -69.0878037, 47.0096835 ], [ -69.0886642, 47.014067 ], [ -69.0875024, 47.0163492 ], [ -69.0828339, 47.0199218 ], [ -69.0767403, 47.0226197 ], [ -69.0769457, 47.0265216 ], [ -69.0782877, 47.0292938 ], [ -69.0751456, 47.0312851 ], [ -69.071901, 47.0279677 ], [ -69.0722032, 47.0203021 ], [ -69.078932, 47.0177488 ], [ -69.0837634, 47.0134859 ], [ -69.0826165, 47.0093541 ], [ -69.0867678, 47.0032839 ], [ -69.0878032, 47.0004043 ], [ -69.0834691, 46.9980438 ], [ -69.0797846, 46.9925262 ], [ -69.0797338, 46.9843976 ], [ -69.0804661, 46.981452 ], [ -69.0776012, 46.9790067 ], [ -69.0767381, 46.9772156 ], [ -69.0807298, 46.971891 ], [ -69.0867115, 46.9671548 ], [ -69.0905593, 46.9630972 ], [ -69.0956419, 46.960962 ], [ -69.1001371, 46.9611829 ], [ -69.106766, 46.9599639 ], [ -69.1089357, 46.9556357 ], [ -69.1183456, 46.9533611 ], [ -69.1206831, 46.9504235 ], [ -69.124567, 46.9472649 ], [ -69.1288824, 46.9468966 ], [ -69.1335454, 46.9482141 ], [ -69.1356911, 46.9461683 ], [ -69.1411333, 46.9445234 ], [ -69.1403062, 46.9408324 ], [ -69.1433749, 46.9393101 ], [ -69.1476663, 46.9394165 ], [ -69.1539476, 46.9402677 ], [ -69.1617033, 46.9404396 ], [ -69.1649878, 46.9420109 ], [ -69.1660255, 46.9438955 ], [ -69.1737606, 46.9456305 ], [ -69.1805903, 46.9479617 ], [ -69.1853553, 46.9492412 ], [ -69.1938369, 46.9498267 ], [ -69.1985383, 46.9469208 ], [ -69.1950122, 46.9424533 ], [ -69.1945039, 46.9378119 ], [ -69.1921532, 46.9349271 ], [ -69.1900567, 46.9301766 ], [ -69.1936304, 46.9278662 ], [ -69.1915656, 46.9229415 ], [ -69.1942022, 46.9198715 ], [ -69.197887, 46.9177777 ], [ -69.203335, 46.9165952 ], [ -69.2081327, 46.9074203 ], [ -69.2122834, 46.9061836 ], [ -69.2162008, 46.90585 ], [ -69.2185943, 46.9020058 ], [ -69.2222214, 46.8992529 ], [ -69.225307, 46.8988616 ], [ -69.2289333, 46.8971968 ], [ -69.2301043, 46.894665 ], [ -69.2330667, 46.8904668 ], [ -69.2359155, 46.8876659 ], [ -69.2377632, 46.8837732 ], [ -69.2433455, 46.8798705 ], [ -69.2457857, 46.8756513 ], [ -69.2435687, 46.8712574 ], [ -69.242532, 46.8632099 ], [ -69.2441906, 46.8575258 ], [ -69.2472822, 46.8540461 ], [ -69.2496715, 46.8504588 ], [ -69.2497264, 46.8447487 ], [ -69.2476587, 46.8388566 ], [ -69.2473247, 46.8380239 ], [ -69.2422196, 46.832902 ], [ -69.2393861, 46.8273128 ], [ -69.2291273, 46.814628 ], [ -69.2356597, 46.8103769 ], [ -69.2397081, 46.8099942 ], [ -69.2439841, 46.8116392 ], [ -69.2485529, 46.8098955 ], [ -69.2545678, 46.8116245 ], [ -69.2608957, 46.8156956 ], [ -69.2605265, 46.817837 ], [ -69.2640506, 46.8156608 ], [ -69.2643606, 46.8142364 ], [ -69.2683779, 46.8081869 ], [ -69.2662523, 46.8019491 ], [ -69.2671272, 46.7988583 ], [ -69.2694724, 46.7953053 ], [ -69.2721522, 46.7928329 ], [ -69.2726897, 46.7899364 ], [ -69.2714795, 46.7848717 ], [ -69.2673061, 46.7805261 ], [ -69.2624906, 46.777309 ], [ -69.2559729, 46.7679058 ], [ -69.2556007, 46.76555 ], [ -69.2579722, 46.7639164 ], [ -69.2576595, 46.7601068 ], [ -69.2552825, 46.7584774 ], [ -69.2511919, 46.7545746 ], [ -69.2565365, 46.7511338 ], [ -69.2616298, 46.7516209 ], [ -69.2647644, 46.7532315 ], [ -69.2728421, 46.7559329 ], [ -69.2738613, 46.7574478 ], [ -69.2812289, 46.758379 ], [ -69.2877609, 46.7584495 ], [ -69.2980043, 46.7590639 ], [ -69.3041147, 46.7607758 ], [ -69.3119721, 46.7645454 ], [ -69.3140862, 46.7671354 ], [ -69.3178008, 46.7699881 ], [ -69.3213822, 46.7706204 ], [ -69.3243879, 46.7727513 ], [ -69.3300057, 46.7747123 ], [ -69.3330754, 46.7783782 ], [ -69.3364615, 46.7798709 ], [ -69.3391912, 46.7802254 ], [ -69.341992, 46.7798066 ], [ -69.3457422, 46.7761377 ], [ -69.3443567, 46.7720636 ], [ -69.3469615, 46.7653825 ], [ -69.3486242, 46.7624972 ], [ -69.3496587, 46.7583968 ], [ -69.3576394, 46.7523848 ], [ -69.3653431, 46.7523342 ], [ -69.3693704, 46.7490305 ], [ -69.3701648, 46.7463215 ], [ -69.368613, 46.7424098 ], [ -69.3682066, 46.7391688 ], [ -69.3690748, 46.7368392 ], [ -69.3676708, 46.7340157 ], [ -69.3678925, 46.7290647 ], [ -69.3639021, 46.7262028 ], [ -69.3655833, 46.7227075 ], [ -69.3712548, 46.718984 ], [ -69.375319, 46.7170462 ], [ -69.3779423, 46.712195 ], [ -69.3779054, 46.7100162 ], [ -69.3788291, 46.7067479 ], [ -69.3770741, 46.7005655 ], [ -69.3773512, 46.6953707 ], [ -69.3795496, 46.6897952 ], [ -69.3781086, 46.683256 ], [ -69.3731022, 46.6731794 ], [ -69.3728066, 46.6682102 ], [ -69.3731576, 46.6653324 ], [ -69.3729728, 46.6548594 ], [ -69.3717905, 46.6527544 ], [ -69.3714949, 46.6494953 ], [ -69.3698323, 46.6440546 ], [ -69.3695182, 46.6399198 ], [ -69.3708483, 46.6369264 ], [ -69.3712178, 46.6338186 ], [ -69.3698138, 46.6309643 ], [ -69.37107, 46.6261815 ], [ -69.3736564, 46.6231872 ], [ -69.3777022, 46.6222737 ], [ -69.3830412, 46.6191904 ], [ -69.3871239, 46.6162719 ], [ -69.3903454, 46.6118324 ], [ -69.3891056, 46.6074838 ], [ -69.3814982, 46.6008892 ], [ -69.3672036, 46.5970948 ], [ -69.3624325, 46.5975078 ], [ -69.3586946, 46.5964365 ], [ -69.355182, 46.5942681 ], [ -69.3521578, 46.5882141 ], [ -69.3510683, 46.5813461 ], [ -69.346579, 46.5762462 ], [ -69.3390466, 46.5710425 ], [ -69.3366987, 46.5672976 ], [ -69.3306878, 46.5618734 ], [ -69.3329607, 46.55765 ], [ -69.3278702, 46.5562163 ], [ -69.3257289, 46.5535296 ], [ -69.3264427, 46.5509977 ], [ -69.3160552, 46.544448 ], [ -69.3138011, 46.5376649 ], [ -69.3084477, 46.5384789 ], [ -69.3054423, 46.5361919 ], [ -69.305987, 46.5329615 ], [ -69.3009154, 46.5287358 ], [ -69.2977034, 46.5247294 ], [ -69.2870529, 46.5242125 ], [ -69.2816244, 46.5218861 ], [ -69.2798399, 46.519831 ], [ -69.2806852, 46.5156301 ], [ -69.2788068, 46.511959 ], [ -69.2828339, 46.5059881 ], [ -69.2764922, 46.5049877 ], [ -69.274136, 46.5022234 ], [ -69.2790549, 46.498827 ], [ -69.2803936, 46.4961782 ], [ -69.2843928, 46.4929207 ], [ -69.2887999, 46.4906022 ], [ -69.2900172, 46.4875863 ], [ -69.2922919, 46.4859774 ], [ -69.2942111, 46.4838177 ], [ -69.2944865, 46.4769773 ], [ -69.2923718, 46.4758147 ], [ -69.2896618, 46.4732019 ], [ -69.2863252, 46.4717119 ], [ -69.2807314, 46.4702619 ], [ -69.2784308, 46.4670094 ], [ -69.2714244, 46.4658192 ], [ -69.268588, 46.4682127 ], [ -69.257468, 46.4676046 ], [ -69.2558338, 46.468769 ], [ -69.2529411, 46.473258 ], [ -69.2502362, 46.4735944 ], [ -69.2493346, 46.4704767 ], [ -69.2492219, 46.466893 ], [ -69.2543499, 46.4649264 ], [ -69.2648688, 46.4638008 ], [ -69.2680057, 46.4617823 ], [ -69.2712741, 46.4615753 ], [ -69.2762143, 46.4622223 ], [ -69.2800086, 46.4598285 ], [ -69.2828826, 46.4604367 ], [ -69.2864703, 46.4594144 ], [ -69.286752, 46.4569429 ], [ -69.283277, 46.4548336 ], [ -69.2823566, 46.4465898 ], [ -69.2752187, 46.4397168 ], [ -69.2654136, 46.4378916 ], [ -69.265113, 46.4359499 ], [ -69.2706355, 46.434487 ], [ -69.2694145, 46.4326746 ], [ -69.2703162, 46.4313412 ], [ -69.2766839, 46.4308751 ], [ -69.2806285, 46.4316907 ], [ -69.2903961, 46.4315095 ], [ -69.2961252, 46.4271594 ], [ -69.2963506, 46.4250748 ], [ -69.2976091, 46.4236376 ], [ -69.2998068, 46.4236117 ], [ -69.301272, 46.4250101 ], [ -69.2997505, 46.4329077 ], [ -69.30112, 46.4347072 ], [ -69.3073328, 46.4346361 ], [ -69.3192012, 46.4354113 ], [ -69.3201094, 46.4313357 ], [ -69.3233707, 46.4298704 ], [ -69.3300789, 46.4286683 ], [ -69.3308116, 46.4272954 ], [ -69.3308426, 46.4236318 ], [ -69.3271066, 46.4190644 ], [ -69.3252283, 46.4144895 ], [ -69.3271995, 46.4133795 ], [ -69.3311729, 46.4148096 ], [ -69.3343206, 46.414397 ], [ -69.3378501, 46.4144966 ], [ -69.3442281, 46.4095513 ], [ -69.3448577, 46.4070108 ], [ -69.3486555, 46.4017659 ], [ -69.3525154, 46.3986059 ], [ -69.3553863, 46.3977199 ], [ -69.3578063, 46.3929252 ], [ -69.3608716, 46.3897893 ], [ -69.3612236, 46.3860765 ], [ -69.359185, 46.3820903 ], [ -69.3494757, 46.3775473 ], [ -69.3438144, 46.3762015 ], [ -69.3428317, 46.3747241 ], [ -69.3445105, 46.3726706 ], [ -69.3467858, 46.3724397 ], [ -69.3484806, 46.3736187 ], [ -69.3532221, 46.3738779 ], [ -69.3545823, 46.3712589 ], [ -69.3570779, 46.3686959 ], [ -69.3595891, 46.3625456 ], [ -69.3571958, 46.3580463 ], [ -69.3559108, 46.3528387 ], [ -69.3508767, 46.3472318 ], [ -69.3489078, 46.3416244 ], [ -69.3468565, 46.3398501 ], [ -69.346043, 46.3381571 ], [ -69.3430603, 46.3354711 ], [ -69.3427773, 46.3334361 ], [ -69.3408321, 46.3306358 ], [ -69.3387925, 46.3292193 ], [ -69.3371538, 46.3288448 ], [ -69.3347016, 46.3271108 ], [ -69.3306224, 46.3257105 ], [ -69.3259185, 46.326891 ], [ -69.3253054, 46.3290158 ], [ -69.3213088, 46.331751 ], [ -69.3169113, 46.3320522 ], [ -69.3099556, 46.3309044 ], [ -69.3027287, 46.3290565 ], [ -69.2959262, 46.3290728 ], [ -69.2951245, 46.3305951 ], [ -69.2984491, 46.3330209 ], [ -69.2977535, 46.3349094 ], [ -69.2953721, 46.3357152 ], [ -69.2927312, 46.3355769 ], [ -69.2896188, 46.3331105 ], [ -69.2885578, 46.3308963 ], [ -69.2877325, 46.3270213 ], [ -69.2799515, 46.3235368 ], [ -69.2704964, 46.3224051 ], [ -69.2630101, 46.3191401 ], [ -69.2634227, 46.3174384 ], [ -69.265085, 46.3155004 ], [ -69.2693528, 46.3126585 ], [ -69.2734555, 46.3110217 ], [ -69.2753065, 46.3084157 ], [ -69.2784542, 46.3072918 ], [ -69.2805999, 46.305492 ], [ -69.2824273, 46.3033581 ], [ -69.2801991, 46.2997581 ], [ -69.2857165, 46.296109 ], [ -69.2849738, 46.2924759 ], [ -69.2866007, 46.2915961 ], [ -69.2919885, 46.292093 ], [ -69.294087, 46.2912376 ], [ -69.2975059, 46.2908547 ], [ -69.304391, 46.2916775 ], [ -69.3078689, 46.290871 ], [ -69.3096373, 46.2914739 ], [ -69.3155909, 46.2890706 ], [ -69.3156027, 46.2843453 ], [ -69.3123488, 46.280524 ], [ -69.310604, 46.2764743 ], [ -69.311978, 46.2724426 ], [ -69.3124915, 46.2720401 ], [ -69.3134407, 46.2712963 ], [ -69.3211978, 46.2741584 ], [ -69.333668, 46.2750282 ], [ -69.3376878, 46.2732524 ], [ -69.3417513, 46.2722013 ], [ -69.3448913, 46.2728339 ], [ -69.3465397, 46.2742825 ], [ -69.347822, 46.2744636 ], [ -69.3504222, 46.2728941 ], [ -69.3499858, 46.2716312 ], [ -69.3480268, 46.2699894 ], [ -69.3473061, 46.2682634 ], [ -69.3400488, 46.2629024 ], [ -69.3384248, 46.25992 ], [ -69.3330757, 46.2547828 ], [ -69.3321419, 46.2500663 ], [ -69.3297871, 46.2464164 ], [ -69.326468, 46.2436647 ], [ -69.3214437, 46.2394738 ], [ -69.3174243, 46.2381118 ], [ -69.3158002, 46.2370728 ], [ -69.3042291, 46.2362654 ], [ -69.3017424, 46.2345172 ], [ -69.2990831, 46.2343497 ], [ -69.2962816, 46.2341732 ], [ -69.2863244, 46.2313016 ], [ -69.2795136, 46.2313858 ], [ -69.2722462, 46.2299324 ], [ -69.2681049, 46.2284368 ], [ -69.2617408, 46.223086 ], [ -69.2574676, 46.2213444 ], [ -69.2526666, 46.2187039 ], [ -69.2489314, 46.2181701 ], [ -69.2490532, 46.2153328 ], [ -69.2446075, 46.2130642 ], [ -69.2409128, 46.2102968 ], [ -69.2282556, 46.2064967 ], [ -69.2239419, 46.2075784 ], [ -69.2208867, 46.2067847 ], [ -69.2129696, 46.2070165 ], [ -69.2089197, 46.2080771 ], [ -69.2028703, 46.2079015 ], [ -69.194334, 46.210072 ], [ -69.1889849, 46.2125374 ], [ -69.1830573, 46.2134715 ], [ -69.1768759, 46.2164143 ], [ -69.1755056, 46.2191252 ], [ -69.1732827, 46.2194202 ], [ -69.1719226, 46.2178892 ], [ -69.1675784, 46.2186758 ], [ -69.1587985, 46.2192938 ], [ -69.1555302, 46.2189497 ], [ -69.1518457, 46.217819 ], [ -69.1531957, 46.2146585 ], [ -69.1590726, 46.2147639 ], [ -69.1652743, 46.2118842 ], [ -69.1690095, 46.2110905 ], [ -69.1700854, 46.2084986 ], [ -69.1751402, 46.2054711 ], [ -69.1817276, 46.202619 ], [ -69.1868432, 46.2019797 ], [ -69.1895229, 46.1999846 ], [ -69.1926049, 46.1990254 ], [ -69.1965532, 46.1970649 ], [ -69.1985058, 46.1951192 ], [ -69.2069172, 46.1921782 ], [ -69.2077326, 46.1901729 ], [ -69.2062949, 46.1890142 ], [ -69.2070245, 46.1859392 ], [ -69.2057156, 46.1838742 ], [ -69.2007589, 46.1802344 ], [ -69.2034196, 46.1769806 ], [ -69.2089128, 46.1777532 ], [ -69.2098998, 46.1755096 ], [ -69.205265, 46.1719732 ], [ -69.1999006, 46.1698037 ], [ -69.1950726, 46.1691796 ], [ -69.190781, 46.169878 ], [ -69.183936, 46.1702198 ], [ -69.1804599, 46.1678867 ], [ -69.1740655, 46.1680502 ], [ -69.1715979, 46.1665641 ], [ -69.1722845, 46.1650037 ], [ -69.1782068, 46.1649443 ], [ -69.1811251, 46.1637405 ], [ -69.18473, 46.1587765 ], [ -69.189794, 46.1566362 ], [ -69.1935491, 46.1531432 ], [ -69.1875624, 46.1500067 ], [ -69.1828202, 46.1502594 ], [ -69.1737437, 46.149858 ], [ -69.1712546, 46.1485647 ], [ -69.1712546, 46.1458442 ], [ -69.1745805, 46.1442238 ], [ -69.1732072, 46.1424397 ], [ -69.1731214, 46.1380537 ], [ -69.1667055, 46.1364627 ], [ -69.1633581, 46.1379942 ], [ -69.1598391, 46.1392729 ], [ -69.1559123, 46.1381578 ], [ -69.1523933, 46.1389607 ], [ -69.14263, 46.1372062 ], [ -69.1394972, 46.1403137 ], [ -69.1344547, 46.1437034 ], [ -69.1298198, 46.1464984 ], [ -69.1288542, 46.1481485 ], [ -69.1278457, 46.1480444 ], [ -69.129734, 46.1451009 ], [ -69.1261076, 46.1439413 ], [ -69.1304206, 46.1372062 ], [ -69.1344117, 46.1334443 ], [ -69.1431021, 46.1264996 ], [ -69.1481661, 46.1235847 ], [ -69.1546892, 46.1233914 ], [ -69.1611695, 46.1249083 ], [ -69.1693234, 46.1254884 ], [ -69.1769623, 46.1242688 ], [ -69.1866612, 46.1265145 ], [ -69.1912317, 46.126336 ], [ -69.1956949, 46.1272135 ], [ -69.1989779, 46.1262617 ], [ -69.2005657, 46.1282693 ], [ -69.1972398, 46.1300241 ], [ -69.1906308, 46.1319424 ], [ -69.1890644, 46.1345149 ], [ -69.1934847, 46.1379496 ], [ -69.1953515, 46.1399568 ], [ -69.1955661, 46.1421126 ], [ -69.1952228, 46.1442089 ], [ -69.2018103, 46.1495607 ], [ -69.2055654, 46.1593413 ], [ -69.2086982, 46.1647511 ], [ -69.2108869, 46.1714382 ], [ -69.2170112, 46.1729448 ], [ -69.2170218, 46.1749788 ], [ -69.2151999, 46.1762377 ], [ -69.2150711, 46.1787932 ], [ -69.2251777, 46.183904 ], [ -69.2293834, 46.1864443 ], [ -69.2350547, 46.1888952 ], [ -69.2400049, 46.1910344 ], [ -69.244039, 46.1934111 ], [ -69.2447256, 46.194629 ], [ -69.2480087, 46.1964708 ], [ -69.2521285, 46.1963817 ], [ -69.2546605, 46.1973026 ], [ -69.2594027, 46.2007631 ], [ -69.2656254, 46.2031987 ], [ -69.2697024, 46.2041046 ], [ -69.2718052, 46.2070152 ], [ -69.2792081, 46.2094803 ], [ -69.2854094, 46.2105791 ], [ -69.2920398, 46.2104752 ], [ -69.295001, 46.2092427 ], [ -69.2981552, 46.2098515 ], [ -69.2990135, 46.2063321 ], [ -69.2950224, 46.2054857 ], [ -69.2928337, 46.2001542 ], [ -69.2941641, 46.1981343 ], [ -69.2993569, 46.1950895 ], [ -69.3029832, 46.1943171 ], [ -69.3054294, 46.1951192 ], [ -69.3066525, 46.1978818 ], [ -69.3101072, 46.1995898 ], [ -69.3076395, 46.194941 ], [ -69.3090986, 46.1925793 ], [ -69.3143129, 46.1904551 ], [ -69.3157934, 46.1912721 ], [ -69.3156218, 46.1927129 ], [ -69.3209433, 46.1990848 ], [ -69.3201493, 46.2021591 ], [ -69.3180465, 46.2048174 ], [ -69.3272948, 46.2103712 ], [ -69.3289041, 46.2128806 ], [ -69.3334316, 46.2148703 ], [ -69.3354916, 46.2173646 ], [ -69.3346333, 46.2199925 ], [ -69.3324231, 46.221685 ], [ -69.3337106, 46.2239267 ], [ -69.3369722, 46.2272371 ], [ -69.3400406, 46.2287957 ], [ -69.3440103, 46.2323433 ], [ -69.3450832, 46.2368851 ], [ -69.3523144, 46.2435932 ], [ -69.3551039, 46.2449733 ], [ -69.3604005, 46.2490579 ], [ -69.3578049, 46.2507123 ], [ -69.3581467, 46.2530053 ], [ -69.3681931, 46.2634281 ], [ -69.375573, 46.2678813 ], [ -69.3791199, 46.2719383 ], [ -69.385482, 46.286075 ], [ -69.3901422, 46.2914276 ], [ -69.3985242, 46.2957905 ], [ -69.403942, 46.2997991 ], [ -69.4096226, 46.300691 ], [ -69.4142308, 46.3028718 ], [ -69.4184662, 46.3071559 ], [ -69.4213609, 46.3138467 ], [ -69.42319, 46.3145278 ], [ -69.4278184, 46.3185924 ], [ -69.4302201, 46.3192405 ], [ -69.4339896, 46.323096 ], [ -69.444328, 46.3222063 ], [ -69.4522964, 46.3242163 ], [ -69.455557, 46.3236671 ], [ -69.4572906, 46.3246337 ], [ -69.4600263, 46.3278628 ], [ -69.460249, 46.330883 ], [ -69.4633187, 46.3276761 ], [ -69.4667191, 46.3276512 ], [ -69.4706355, 46.3276224 ], [ -69.4723051, 46.3276102 ], [ -69.473174, 46.3283038 ], [ -69.4745477, 46.3294004 ], [ -69.4751738, 46.3295301 ], [ -69.4793193, 46.3303888 ], [ -69.4821027, 46.3325853 ], [ -69.488907, 46.3331161 ], [ -69.4889245, 46.3329652 ], [ -69.496998, 46.3287713 ], [ -69.4983962, 46.3260196 ], [ -69.5047055, 46.321584 ], [ -69.5037705, 46.3182948 ], [ -69.5009741, 46.3136655 ], [ -69.4992526, 46.3130619 ], [ -69.4973737, 46.3084804 ], [ -69.5005809, 46.3039407 ], [ -69.5045308, 46.301381 ], [ -69.5061387, 46.2989902 ], [ -69.5115217, 46.29768 ], [ -69.5151745, 46.3000528 ], [ -69.5183729, 46.3002098 ], [ -69.523284, 46.2985132 ], [ -69.5319529, 46.2989419 ], [ -69.5394856, 46.2926927 ], [ -69.5416354, 46.2917084 ], [ -69.5435404, 46.2880189 ], [ -69.548102, 46.2865937 ], [ -69.5497012, 46.2839909 ], [ -69.552716, 46.2824026 ], [ -69.5553087, 46.2827071 ], [ -69.5555228, 46.2829051 ], [ -69.5582376, 46.285415 ], [ -69.5600857, 46.2936322 ], [ -69.5575392, 46.2953184 ], [ -69.5596024, 46.3022419 ], [ -69.5567375, 46.3055242 ], [ -69.5553228, 46.3091727 ], [ -69.5524108, 46.309702 ], [ -69.547306, 46.3081628 ], [ -69.5450778, 46.3099708 ], [ -69.5456319, 46.3117705 ], [ -69.5425195, 46.3157606 ], [ -69.5405035, 46.3165341 ], [ -69.5413759, 46.3175601 ], [ -69.5419536, 46.3188059 ], [ -69.5412462, 46.3199784 ], [ -69.5431443, 46.3206949 ], [ -69.5464807, 46.328299 ], [ -69.552234, 46.3302446 ], [ -69.5584234, 46.3305947 ], [ -69.5670651, 46.3330205 ], [ -69.5671358, 46.3358125 ], [ -69.5684562, 46.3360241 ], [ -69.5754002, 46.3347788 ], [ -69.5785951, 46.3343636 ], [ -69.5817783, 46.3329798 ], [ -69.5851029, 46.3318971 ], [ -69.5889698, 46.331889 ], [ -69.5924595, 46.3305784 ], [ -69.5977058, 46.3303993 ], [ -69.5997572, 46.3315227 ], [ -69.5993048, 46.3349735 ], [ -69.6034123, 46.3360476 ], [ -69.6034693, 46.339147 ], [ -69.6017112, 46.3389224 ], [ -69.5958093, 46.3356513 ], [ -69.5935361, 46.3329378 ], [ -69.5878533, 46.3349611 ], [ -69.5858678, 46.3361429 ], [ -69.5831428, 46.3362091 ], [ -69.5822116, 46.337977 ], [ -69.5785006, 46.3387901 ], [ -69.5753511, 46.3383174 ], [ -69.5731739, 46.339414 ], [ -69.5719141, 46.3393857 ], [ -69.562849, 46.3409644 ], [ -69.5541673, 46.3393951 ], [ -69.5522228, 46.3383741 ], [ -69.5503742, 46.3387617 ], [ -69.548101, 46.3413331 ], [ -69.5391592, 46.3444999 ], [ -69.5353797, 46.3445283 ], [ -69.5332846, 46.3443298 ], [ -69.5281633, 46.3452278 ], [ -69.5236855, 46.3451144 ], [ -69.5050075, 46.3398394 ], [ -69.4974761, 46.339017 ], [ -69.4942846, 46.3372056 ], [ -69.4925601, 46.3360295 ], [ -69.489419, 46.3372195 ], [ -69.4824526, 46.3367693 ], [ -69.4797646, 46.3358249 ], [ -69.4775856, 46.3340568 ], [ -69.4749613, 46.3335297 ], [ -69.4720506, 46.3317506 ], [ -69.4687901, 46.3317287 ], [ -69.4665633, 46.3330575 ], [ -69.4665474, 46.3345291 ], [ -69.4639708, 46.3359896 ], [ -69.4590243, 46.3350013 ], [ -69.4558115, 46.3354845 ], [ -69.4531871, 46.334584 ], [ -69.4490359, 46.334584 ], [ -69.4475408, 46.3337713 ], [ -69.4472863, 46.3310148 ], [ -69.4492108, 46.3282033 ], [ -69.4483042, 46.327094 ], [ -69.4430078, 46.3261604 ], [ -69.4358982, 46.3262263 ], [ -69.4324786, 46.325776 ], [ -69.4301565, 46.3240845 ], [ -69.4285341, 46.322393 ], [ -69.4263392, 46.3238429 ], [ -69.424192, 46.3232278 ], [ -69.4234127, 46.3221513 ], [ -69.4225538, 46.3187132 ], [ -69.4166053, 46.3140335 ], [ -69.4109908, 46.3131436 ], [ -69.4096368, 46.3110574 ], [ -69.406575, 46.309816 ], [ -69.4018035, 46.3066517 ], [ -69.4009684, 46.3063693 ], [ -69.3979703, 46.3053552 ], [ -69.3932783, 46.3053937 ], [ -69.3912027, 46.3050201 ], [ -69.3883159, 46.3054926 ], [ -69.3827009, 46.3125067 ], [ -69.3847675, 46.3168903 ], [ -69.3831033, 46.3177839 ], [ -69.3776562, 46.3162047 ], [ -69.3707969, 46.3126747 ], [ -69.369721, 46.3114205 ], [ -69.3718561, 46.3074953 ], [ -69.3598523, 46.2971141 ], [ -69.3585863, 46.2919991 ], [ -69.3595733, 46.2891226 ], [ -69.3624487, 46.2867798 ], [ -69.362556, 46.2836509 ], [ -69.3529215, 46.2764583 ], [ -69.3448737, 46.2797079 ], [ -69.346946, 46.2839201 ], [ -69.3436748, 46.2860106 ], [ -69.3401286, 46.2852004 ], [ -69.3386088, 46.2865708 ], [ -69.3344836, 46.2867508 ], [ -69.3334849, 46.2879211 ], [ -69.3374508, 46.2901216 ], [ -69.344804, 46.2966524 ], [ -69.3447794, 46.3007624 ], [ -69.342705, 46.3018425 ], [ -69.3371903, 46.3008925 ], [ -69.3329783, 46.2994025 ], [ -69.3289255, 46.2997025 ], [ -69.3327901, 46.3017325 ], [ -69.3361481, 46.3062722 ], [ -69.3386232, 46.3065421 ], [ -69.3413444, 46.3085719 ], [ -69.340447, 46.3101216 ], [ -69.3425892, 46.313001 ], [ -69.3605229, 46.3218982 ], [ -69.3662547, 46.3225279 ], [ -69.3725799, 46.3209586 ], [ -69.3768209, 46.3211785 ], [ -69.3816119, 46.3239873 ], [ -69.3849846, 46.3267808 ], [ -69.3863305, 46.3278955 ], [ -69.3888346, 46.3323031 ], [ -69.392844, 46.3361807 ], [ -69.3954204, 46.3454638 ], [ -69.3942769, 46.3483213 ], [ -69.3944526, 46.3522751 ], [ -69.3998926, 46.3611318 ], [ -69.4025825, 46.3666309 ], [ -69.4062476, 46.3715959 ], [ -69.4053733, 46.3733475 ], [ -69.4013216, 46.3743334 ], [ -69.3991865, 46.3729183 ], [ -69.3977407, 46.3753194 ], [ -69.3834841, 46.3738346 ], [ -69.3824754, 46.3728487 ], [ -69.3812649, 46.3698211 ], [ -69.3801385, 46.3669325 ], [ -69.3794156, 46.3639394 ], [ -69.374456, 46.361271 ], [ -69.3706901, 46.360366 ], [ -69.3698663, 46.3617931 ], [ -69.370111, 46.3665061 ], [ -69.3689843, 46.3678649 ], [ -69.3703433, 46.372743 ], [ -69.372532, 46.3739274 ], [ -69.3805786, 46.3739274 ], [ -69.3823596, 46.37449 ], [ -69.3850203, 46.3762369 ], [ -69.3882819, 46.3847634 ], [ -69.3916079, 46.3895738 ], [ -69.3923374, 46.3930666 ], [ -69.3904706, 46.3971807 ], [ -69.3905245, 46.399114 ], [ -69.390535, 46.3994892 ], [ -69.3877884, 46.4056151 ], [ -69.3854447, 46.4071729 ], [ -69.3872378, 46.4114043 ], [ -69.3968597, 46.4182817 ], [ -69.4034674, 46.4248786 ], [ -69.3995974, 46.4259402 ], [ -69.3917509, 46.4225161 ], [ -69.3889758, 46.4220139 ], [ -69.3840569, 46.4195748 ], [ -69.3795266, 46.4183696 ], [ -69.3781391, 46.4186948 ], [ -69.3733035, 46.4174895 ], [ -69.3728803, 46.4162125 ], [ -69.3741499, 46.4153707 ], [ -69.3740319, 46.4129409 ], [ -69.3759121, 46.4105109 ], [ -69.3785407, 46.4082975 ], [ -69.3796774, 46.4048901 ], [ -69.3772312, 46.4014128 ], [ -69.3699785, 46.4013389 ], [ -69.3665453, 46.3987789 ], [ -69.3636914, 46.397447 ], [ -69.3618475, 46.3985853 ], [ -69.3634287, 46.40124 ], [ -69.3683857, 46.4025536 ], [ -69.3703747, 46.4052069 ], [ -69.3698545, 46.4088518 ], [ -69.3701834, 46.4114046 ], [ -69.369036, 46.4142527 ], [ -69.3656165, 46.4165205 ], [ -69.3640636, 46.4190994 ], [ -69.3604758, 46.4209609 ], [ -69.3574083, 46.4198693 ], [ -69.3559854, 46.41863 ], [ -69.3497585, 46.4158876 ], [ -69.3427972, 46.4172061 ], [ -69.3404028, 46.4236187 ], [ -69.345115, 46.4274732 ], [ -69.3485192, 46.4267614 ], [ -69.3513343, 46.4252744 ], [ -69.356016, 46.4264134 ], [ -69.3585481, 46.4254906 ], [ -69.3598868, 46.4259177 ], [ -69.362809, 46.4311482 ], [ -69.3662667, 46.4331464 ], [ -69.368424, 46.4372165 ], [ -69.3673989, 46.4381232 ], [ -69.3622812, 46.4383024 ], [ -69.3603764, 46.4372586 ], [ -69.3595579, 46.4357667 ], [ -69.3573853, 46.4368632 ], [ -69.3515944, 46.4378807 ], [ -69.3438299, 46.4399841 ], [ -69.3354236, 46.4454897 ], [ -69.3344438, 46.4470358 ], [ -69.3317337, 46.4485296 ], [ -69.3268646, 46.4488601 ], [ -69.3224486, 46.4498886 ], [ -69.3179437, 46.4550797 ], [ -69.3112975, 46.4557653 ], [ -69.3093072, 46.461317 ], [ -69.309787, 46.4628104 ], [ -69.3095382, 46.4654727 ], [ -69.3038161, 46.4703257 ], [ -69.3032474, 46.4745114 ], [ -69.3031853, 46.4824656 ], [ -69.3055487, 46.4884489 ], [ -69.3032919, 46.4929879 ], [ -69.2958993, 46.4941808 ], [ -69.2882046, 46.494927 ], [ -69.2827918, 46.4982815 ], [ -69.2810776, 46.5018994 ], [ -69.2857836, 46.5039253 ], [ -69.2875787, 46.505428 ], [ -69.285347, 46.5093571 ], [ -69.2831638, 46.5117055 ], [ -69.2851044, 46.5152446 ], [ -69.2842311, 46.5197183 ], [ -69.2911365, 46.5213318 ], [ -69.297573, 46.5211315 ], [ -69.3014866, 46.522834 ], [ -69.3024892, 46.5247813 ], [ -69.310268, 46.5320467 ], [ -69.3099769, 46.5341382 ], [ -69.3165725, 46.5351525 ], [ -69.3215776, 46.543492 ], [ -69.3255035, 46.5465021 ], [ -69.3300867, 46.5475873 ], [ -69.3319276, 46.5528062 ], [ -69.3349705, 46.5544079 ], [ -69.3398919, 46.5594453 ], [ -69.3463536, 46.5618993 ], [ -69.3606481, 46.5730827 ], [ -69.3696455, 46.5834892 ], [ -69.3757315, 46.5856194 ], [ -69.390815, 46.5870523 ], [ -69.3954546, 46.589221 ], [ -69.3955673, 46.5945521 ], [ -69.4021416, 46.5987081 ], [ -69.3995307, 46.6065934 ], [ -69.3996246, 46.6115485 ], [ -69.3899689, 46.6200913 ], [ -69.3887681, 46.6243291 ], [ -69.3842974, 46.6270696 ], [ -69.3822283, 46.6410487 ], [ -69.3836138, 46.6544156 ], [ -69.3855536, 46.6633546 ], [ -69.3892115, 46.6672087 ], [ -69.3936822, 46.6760822 ], [ -69.397691, 46.6804677 ], [ -69.3971368, 46.6847641 ], [ -69.3944026, 46.6862342 ], [ -69.388805, 46.6856386 ], [ -69.3878444, 46.6909484 ], [ -69.3890267, 46.6978795 ], [ -69.3878259, 46.7006795 ], [ -69.3871608, 46.704721 ], [ -69.3833922, 46.7140823 ], [ -69.3777576, 46.7209598 ], [ -69.3737303, 46.7218843 ], [ -69.3721785, 46.7233407 ], [ -69.3731761, 46.7255189 ], [ -69.3727327, 46.7333446 ], [ -69.3743399, 46.7374089 ], [ -69.3732869, 46.7402449 ], [ -69.3752082, 46.7467773 ], [ -69.3748757, 46.7489419 ], [ -69.3720491, 46.7519924 ], [ -69.3673937, 46.7556377 ], [ -69.3617776, 46.7557136 ], [ -69.3591543, 46.7566249 ], [ -69.3540001, 46.7599661 ], [ -69.3532057, 46.7630414 ], [ -69.3493077, 46.7715448 ], [ -69.3505454, 46.7755683 ], [ -69.3499728, 46.7779975 ], [ -69.3445414, 46.7824886 ], [ -69.3396941, 46.7835127 ], [ -69.3344006, 46.7827696 ], [ -69.3291599, 46.7807238 ], [ -69.3268709, 46.7772168 ], [ -69.3222276, 46.7763454 ], [ -69.3185499, 46.7733419 ], [ -69.3156027, 46.7724306 ], [ -69.3040582, 46.7663702 ], [ -69.3014315, 46.7641538 ], [ -69.2946903, 46.7629808 ], [ -69.2895263, 46.7659507 ], [ -69.2846376, 46.7673144 ], [ -69.2777791, 46.7676904 ], [ -69.2753481, 46.7695454 ], [ -69.2735046, 46.7701737 ], [ -69.2730969, 46.7779368 ], [ -69.2752475, 46.7803901 ], [ -69.2764699, 46.7849063 ], [ -69.2779007, 46.7875075 ], [ -69.2762302, 46.794615 ], [ -69.2734112, 46.7971158 ], [ -69.2721184, 46.8031707 ], [ -69.2728246, 46.8063471 ], [ -69.2728719, 46.8095002 ], [ -69.2679894, 46.8173756 ], [ -69.2618344, 46.8210267 ], [ -69.257483, 46.8215591 ], [ -69.2552799, 46.819709 ], [ -69.2557173, 46.8167035 ], [ -69.2499218, 46.8150006 ], [ -69.2459798, 46.8167643 ], [ -69.2360697, 46.8155569 ], [ -69.237534, 46.8189477 ], [ -69.2440237, 46.8261035 ], [ -69.2460615, 46.8304639 ], [ -69.2478336, 46.8329339 ], [ -69.2514504, 46.8358579 ], [ -69.2530797, 46.8380819 ], [ -69.2543918, 46.8440445 ], [ -69.2544105, 46.8508312 ], [ -69.2521784, 46.8548207 ], [ -69.2493459, 46.8583353 ], [ -69.2481454, 46.8629142 ], [ -69.2505464, 46.8655563 ], [ -69.2503026, 46.868134 ], [ -69.2485018, 46.870686 ], [ -69.2509216, 46.8751613 ], [ -69.2493647, 46.8809184 ], [ -69.2419741, 46.8859441 ], [ -69.2403422, 46.8888285 ], [ -69.2379412, 46.8911744 ], [ -69.2356902, 46.8946867 ], [ -69.2344147, 46.8983781 ], [ -69.2287123, 46.9024923 ], [ -69.2224472, 46.9043121 ], [ -69.2205151, 46.9077851 ], [ -69.2170824, 46.9091691 ], [ -69.2130316, 46.9095242 ], [ -69.2110919, 46.9118337 ], [ -69.21063, 46.9154681 ], [ -69.2070091, 46.9190771 ], [ -69.1969777, 46.9229508 ], [ -69.2002595, 46.9273034 ], [ -69.196724, 46.9337846 ], [ -69.1992848, 46.9367494 ], [ -69.199746, 46.9410173 ], [ -69.2031725, 46.9452811 ], [ -69.2032865, 46.9476566 ], [ -69.2033642, 46.9489593 ], [ -69.1983794, 46.9525914 ], [ -69.1893102, 46.9550416 ], [ -69.179685, 46.9562883 ], [ -69.1760636, 46.9545104 ], [ -69.1751901, 46.9508892 ], [ -69.1666291, 46.950216 ], [ -69.153417, 46.9457909 ], [ -69.1478301, 46.9466665 ], [ -69.1437885, 46.947925 ], [ -69.1402716, 46.9483703 ], [ -69.1347127, 46.9522037 ], [ -69.1272251, 46.9508098 ], [ -69.1247293, 46.9529297 ], [ -69.1210706, 46.9570048 ], [ -69.1140793, 46.958689 ], [ -69.1105766, 46.9621539 ], [ -69.1034294, 46.9646896 ], [ -69.0936304, 46.9656767 ], [ -69.0894477, 46.9715242 ], [ -69.0846485, 46.9750403 ], [ -69.083355, 46.9780171 ], [ -69.0858723, 46.9806587 ] ] ] } },
{ "type": "Feature", "properties": { "osm_type": "way", "id": 1328219238, "boundary": null, "state": "Maine", "name": "Damariscotta Lake State Park", "wikipedia": null, "leisure": "park" }, "geometry": { "type": "Polygon", "coordinates": [ [ [ -69.4567991, 44.198286 ], [ -69.4563771, 44.1987262 ], [ -69.456624, 44.1989216 ], [ -69.4564186, 44.1990619 ], [ -69.4557832, 44.1997656 ], [ -69.4539009, 44.1988434 ], [ -69.4531376, 44.1990843 ], [ -69.4522477, 44.1990086 ], [ -69.4522223, 44.1988755 ], [ -69.4522204, 44.1984805 ], [ -69.4522019, 44.1979947 ], [ -69.4521935, 44.196591 ], [ -69.4522005, 44.1963884 ], [ -69.452451, 44.1964539 ], [ -69.4527917, 44.1965646 ], [ -69.452899, 44.1964625 ], [ -69.4530739, 44.1964259 ], [ -69.4538305, 44.1963007 ], [ -69.4540511, 44.1961901 ], [ -69.4550078, 44.1974472 ], [ -69.4553449, 44.1977478 ], [ -69.4556362, 44.1977915 ], [ -69.4559079, 44.1979898 ], [ -69.456361, 44.1981912 ], [ -69.4567991, 44.198286 ] ] ] } },
{ "type": "Feature", "properties": { "osm_type": "way", "id": 1356212727, "boundary": null, "state": "Maine", "name": "Birch Point State Park", "wikipedia": null, "leisure": "park" }, "geometry": { "type": "Polygon", "coordinates": [ [ [ -69.0989813, 44.0451301 ], [ -69.0970542, 44.0432669 ], [ -69.0948179, 44.0388623 ], [ -69.0949098, 44.0387225 ], [ -69.0949783, 44.038578 ], [ -69.0949911, 44.0385343 ], [ -69.0950415, 44.0384086 ], [ -69.0951085, 44.038321 ], [ -69.0951537, 44.0382739 ], [ -69.095202, 44.0382365 ], [ -69.0952823, 44.0381467 ], [ -69.0953793, 44.0381153 ], [ -69.0954074, 44.0381152 ], [ -69.0954591, 44.0381224 ], [ -69.0955005, 44.038137 ], [ -69.0955566, 44.038141 ], [ -69.0956483, 44.0381639 ], [ -69.0957387, 44.0382018 ], [ -69.0958351, 44.0382512 ], [ -69.0959242, 44.0383082 ], [ -69.0960183, 44.0384226 ], [ -69.0961848, 44.0385537 ], [ -69.0962799, 44.038618 ], [ -69.0964554, 44.0386645 ], [ -69.0965617, 44.0386693 ], [ -69.096615, 44.038685 ], [ -69.0966551, 44.0387103 ], [ -69.0967491, 44.0388194 ], [ -69.0967787, 44.038833 ], [ -69.0968127, 44.038835 ], [ -69.0969616, 44.0388278 ], [ -69.0970489, 44.038812 ], [ -69.0971536, 44.0387987 ], [ -69.0972241, 44.0387718 ], [ -69.0975399, 44.0386329 ], [ -69.097719, 44.0385437 ], [ -69.0979023, 44.0384331 ], [ -69.098059, 44.0383174 ], [ -69.0981852, 44.0382119 ], [ -69.0983472, 44.038042 ], [ -69.0984624, 44.0379126 ], [ -69.0985555, 44.0377749 ], [ -69.0986186, 44.0375868 ], [ -69.0986468, 44.0374536 ], [ -69.0986499, 44.0373207 ], [ -69.0986117, 44.0371932 ], [ -69.098549, 44.0371223 ], [ -69.0984262, 44.0370857 ], [ -69.0981997, 44.0370607 ], [ -69.0981095, 44.0370378 ], [ -69.0979209, 44.0369165 ], [ -69.097836, 44.0368361 ], [ -69.097731, 44.0366643 ], [ -69.0976892, 44.0366134 ], [ -69.0976448, 44.0365988 ], [ -69.0976016, 44.0365919 ], [ -69.097542, 44.0365337 ], [ -69.0975196, 44.0365019 ], [ -69.0974995, 44.0364148 ], [ -69.09754, 44.036337 ], [ -69.0975746, 44.0362517 ], [ -69.0975817, 44.0362219 ], [ -69.0975785, 44.0362006 ], [ -69.0975591, 44.0361815 ], [ -69.0975411, 44.0361465 ], [ -69.0975217, 44.0361232 ], [ -69.0974935, 44.0361096 ], [ -69.0974684, 44.0361033 ], [ -69.0974504, 44.0360821 ], [ -69.0974474, 44.0360518 ], [ -69.0974762, 44.0359857 ], [ -69.0975417, 44.0359013 ], [ -69.0975974, 44.0358464 ], [ -69.0990595, 44.0369916 ], [ -69.0995988, 44.0391823 ], [ -69.0990817, 44.0393562 ], [ -69.1014103, 44.0436361 ], [ -69.1014754, 44.0438103 ], [ -69.101774, 44.0444047 ], [ -69.0989813, 44.0451301 ] ] ] } },
{ "type": "Feature", "properties": { "osm_type": "way", "id": 1363822201, "boundary": null, "state": "Maine", "name": "Aroostook State Park", "wikipedia": null, "leisure": null }, "geometry": { "type": "Polygon", "coordinates": [ [ [ -68.0142005, 46.5947782 ], [ -68.0057172, 46.5948962 ], [ -68.0011036, 46.5987187 ], [ -67.9966021, 46.6027555 ], [ -67.9933874, 46.6067525 ], [ -67.9951425, 46.6134603 ], [ -67.9887474, 46.6125754 ], [ -67.988556, 46.6134896 ], [ -67.9921905, 46.6139315 ], [ -67.9944866, 46.6150819 ], [ -67.9951914, 46.6171097 ], [ -67.9971706, 46.6164407 ], [ -67.99824, 46.6140995 ], [ -68.0015583, 46.61165 ], [ -68.003702, 46.6123529 ], [ -68.0075022, 46.6157553 ], [ -68.0119306, 46.6180007 ], [ -68.0143453, 46.6174506 ], [ -68.0159146, 46.6174345 ], [ -68.0177627, 46.6162358 ], [ -68.0181085, 46.6130673 ], [ -68.0148938, 46.6053287 ], [ -68.0142005, 46.5947782 ] ] ] } },
{ "type": "Feature", "properties": { "osm_type": "relation", "id": 2182430, "boundary": "protected_area", "state": "Maine", "name": "Baxter State Park", "wikipedia": "en:Baxter State Park", "leisure": "nature_reserve" }, "geometry": { "type": "MultiPolygon", "coordinates": [ [ [ [ -68.8979346, 45.8142614 ], [ -68.8824808, 45.8142503 ], [ -68.8573279, 45.8142322 ], [ -68.8573544, 45.8208346 ], [ -68.8624449, 45.8264262 ], [ -68.8246189, 45.82692 ], [ -68.8246191, 45.8277069 ], [ -68.8240408, 45.8569512 ], [ -68.8239562, 45.8607943 ], [ -68.8238461, 45.8671215 ], [ -68.8237903, 45.8692276 ], [ -68.823772, 45.8713382 ], [ -68.8238226, 45.8750555 ], [ -68.823823, 45.8750735 ], [ -68.8237101, 45.8813647 ], [ -68.8237034, 45.8814457 ], [ -68.8236775, 45.8814817 ], [ -68.8236961, 45.8823457 ], [ -68.8235585, 45.8881374 ], [ -68.8235773, 45.8887044 ], [ -68.8233189, 45.9015203 ], [ -68.823317, 45.9016164 ], [ -68.7636748, 45.9016844 ], [ -68.7640514, 45.9233285 ], [ -68.7649985, 45.9259634 ], [ -68.7719167, 45.9263343 ], [ -68.7746547, 45.9317583 ], [ -68.7791999, 45.9343922 ], [ -68.7893701, 45.9459875 ], [ -68.8015409, 45.9460816 ], [ -68.8229292, 45.9461757 ], [ -68.8229081, 45.948291 ], [ -68.8228199, 45.9663547 ], [ -68.8226996, 45.9783971 ], [ -68.8227153, 45.9814527 ], [ -68.8227156, 45.9845129 ], [ -68.822655, 45.9875774 ], [ -68.8225947, 45.9938145 ], [ -68.8225958, 46.0000518 ], [ -68.8225957, 46.0000698 ], [ -68.8226624, 46.0014425 ], [ -68.8226633, 46.0017412 ], [ -68.8226705, 46.0036971 ], [ -68.8228385, 46.0114916 ], [ -68.8228151, 46.0117481 ], [ -68.8228561, 46.0120586 ], [ -68.8228826, 46.0145068 ], [ -68.822921, 46.0167704 ], [ -68.8229691, 46.0190206 ], [ -68.8230278, 46.0212707 ], [ -68.8230662, 46.0235209 ], [ -68.8231835, 46.0280212 ], [ -68.8232114, 46.0302713 ], [ -68.8232907, 46.032508 ], [ -68.8233292, 46.0347447 ], [ -68.8233328, 46.0356627 ], [ -68.8233378, 46.0369813 ], [ -68.8233065, 46.0392133 ], [ -68.8232598, 46.0481595 ], [ -68.8232381, 46.0503915 ], [ -68.8232367, 46.0526281 ], [ -68.8232049, 46.0548646 ], [ -68.8232135, 46.0570922 ], [ -68.8231919, 46.0593197 ], [ -68.8231908, 46.0615518 ], [ -68.8231475, 46.0660068 ], [ -68.8231244, 46.0704664 ], [ -68.8231229, 46.072694 ], [ -68.8230795, 46.077185 ], [ -68.8230674, 46.0794485 ], [ -68.8230755, 46.0817121 ], [ -68.8230093, 46.0885027 ], [ -68.8229851, 46.0930297 ], [ -68.8229831, 46.0952933 ], [ -68.8229509, 46.0975523 ], [ -68.8229388, 46.0998068 ], [ -68.8229469, 46.1020659 ], [ -68.8229247, 46.1043204 ], [ -68.822861, 46.1088339 ], [ -68.8228691, 46.1110839 ], [ -68.8228271, 46.1133339 ], [ -68.8228035, 46.1178159 ], [ -68.8227817, 46.1200615 ], [ -68.8227494, 46.1223024 ], [ -68.8227666, 46.1231305 ], [ -68.8227369, 46.1250745 ], [ -68.8227728, 46.1254839 ], [ -68.7963504, 46.1254611 ], [ -68.7963604, 46.1254946 ], [ -68.796521, 46.1258203 ], [ -68.7968514, 46.1264172 ], [ -68.7968729, 46.1267592 ], [ -68.7969265, 46.1273838 ], [ -68.7968353, 46.1279341 ], [ -68.796905, 46.1281045 ], [ -68.7966765, 46.128341 ], [ -68.7963686, 46.1285958 ], [ -68.7959411, 46.1286779 ], [ -68.7955858, 46.1286879 ], [ -68.795314, 46.1286384 ], [ -68.7950189, 46.1286087 ], [ -68.794799, 46.1286384 ], [ -68.7944423, 46.1289252 ], [ -68.7942047, 46.1292357 ], [ -68.7940486, 46.1296871 ], [ -68.7939498, 46.130012 ], [ -68.7940059, 46.1302622 ], [ -68.8035339, 46.1301484 ], [ -68.8029324, 46.1445254 ], [ -68.8007712, 46.1445304 ], [ -68.800874, 46.144681 ], [ -68.800962, 46.144879 ], [ -68.801538, 46.145389 ], [ -68.801551, 46.145483 ], [ -68.801438, 46.145609 ], [ -68.801503, 46.145766 ], [ -68.801691, 46.145731 ], [ -68.801748, 46.145573 ], [ -68.801889, 46.145533 ], [ -68.80204, 46.145569 ], [ -68.80214, 46.145664 ], [ -68.802172, 46.146438 ], [ -68.801975, 46.147063 ], [ -68.801735, 46.147211 ], [ -68.801295, 46.147265 ], [ -68.801169, 46.147359 ], [ -68.801064, 46.147863 ], [ -68.800732, 46.148254 ], [ -68.800807, 46.148366 ], [ -68.800998, 46.14838 ], [ -68.801343, 46.148106 ], [ -68.801486, 46.148052 ], [ -68.801889, 46.148062 ], [ -68.802283, 46.148234 ], [ -68.802366, 46.148571 ], [ -68.802383, 46.149044 ], [ -68.802174, 46.149417 ], [ -68.802162, 46.149611 ], [ -68.80263, 46.150165 ], [ -68.802669, 46.150467 ], [ -68.802739, 46.150557 ], [ -68.80304, 46.150733 ], [ -68.803103, 46.150832 ], [ -68.803309, 46.151521 ], [ -68.803709, 46.151832 ], [ -68.803679, 46.151989 ], [ -68.8036216, 46.152124 ], [ -68.8035885, 46.1522132 ], [ -68.8035482, 46.1522782 ], [ -68.8033497, 46.1522132 ], [ -68.803091, 46.1522243 ], [ -68.802759, 46.1523714 ], [ -68.8027201, 46.1525073 ], [ -68.8026305, 46.1525959 ], [ -68.8025424, 46.1527371 ], [ -68.802596, 46.1528802 ], [ -68.8025397, 46.1530084 ], [ -68.8023939, 46.153096 ], [ -68.8023278, 46.1531478 ], [ -68.8021749, 46.1531924 ], [ -68.8020811, 46.153289 ], [ -68.802132, 46.1534897 ], [ -68.8024405, 46.1535528 ], [ -68.8025638, 46.1534525 ], [ -68.8027623, 46.1533559 ], [ -68.8029528, 46.1532184 ], [ -68.8030171, 46.1531218 ], [ -68.8029957, 46.1529898 ], [ -68.8031083, 46.1529192 ], [ -68.8032779, 46.1529101 ], [ -68.8036479, 46.1529562 ], [ -68.8038509, 46.1528807 ], [ -68.8039903, 46.152689 ], [ -68.8040765, 46.1525468 ], [ -68.8042121, 46.1525692 ], [ -68.8043112, 46.1528015 ], [ -68.8044403, 46.1529738 ], [ -68.8045407, 46.1530918 ], [ -68.8047177, 46.1532555 ], [ -68.8050509, 46.1534244 ], [ -68.8052285, 46.1536993 ], [ -68.8053143, 46.1538658 ], [ -68.8053919, 46.1542099 ], [ -68.8052461, 46.1544949 ], [ -68.805128, 46.1546361 ], [ -68.8049859, 46.1548163 ], [ -68.8049564, 46.1549816 ], [ -68.804962, 46.155236 ], [ -68.8049357, 46.1552586 ], [ -68.8048694, 46.155287 ], [ -68.8048624, 46.1553124 ], [ -68.8049056, 46.1553341 ], [ -68.8049583, 46.1553322 ], [ -68.8050348, 46.1553542 ], [ -68.8054253, 46.1555761 ], [ -68.8055456, 46.1556631 ], [ -68.805615, 46.155993 ], [ -68.805765, 46.156124 ], [ -68.8058391, 46.1565706 ], [ -68.805768, 46.1566357 ], [ -68.805667, 46.156668 ], [ -68.8056663, 46.1570086 ], [ -68.8055944, 46.1571813 ], [ -68.805555, 46.1573817 ], [ -68.805678, 46.157672 ], [ -68.8056459, 46.1577715 ], [ -68.805564, 46.1578675 ], [ -68.8055247, 46.1579395 ], [ -68.8055751, 46.1579805 ], [ -68.8056642, 46.1579705 ], [ -68.8057246, 46.1579173 ], [ -68.8058265, 46.1578351 ], [ -68.805906, 46.157803 ], [ -68.806184, 46.1579117 ], [ -68.806457, 46.158029 ], [ -68.806588, 46.158492 ], [ -68.8065252, 46.1587837 ], [ -68.8066769, 46.1588405 ], [ -68.8070003, 46.1588251 ], [ -68.807504, 46.158768 ], [ -68.807611, 46.158827 ], [ -68.807624, 46.15889 ], [ -68.8075054, 46.159024 ], [ -68.807218, 46.158975 ], [ -68.8070994, 46.1590712 ], [ -68.8069764, 46.1591361 ], [ -68.8071526, 46.1593048 ], [ -68.8072407, 46.1593862 ], [ -68.8072, 46.159524 ], [ -68.8071909, 46.1599398 ], [ -68.8072911, 46.1599506 ], [ -68.8073776, 46.1598639 ], [ -68.8074942, 46.159847 ], [ -68.8075331, 46.159811 ], [ -68.8076042, 46.1598464 ], [ -68.8076242, 46.1599409 ], [ -68.8073637, 46.160112 ], [ -68.8074393, 46.1602611 ], [ -68.807659, 46.160366 ], [ -68.8076, 46.160582 ], [ -68.8076853, 46.1608223 ], [ -68.8078783, 46.1610113 ], [ -68.808014, 46.161078 ], [ -68.8080284, 46.161251 ], [ -68.8079871, 46.16137 ], [ -68.8074981, 46.1613986 ], [ -68.807212, 46.161688 ], [ -68.8069665, 46.1619767 ], [ -68.806682, 46.162169 ], [ -68.806328, 46.16242 ], [ -68.80629, 46.1627066 ], [ -68.8061555, 46.1629564 ], [ -68.8060272, 46.1631654 ], [ -68.8058867, 46.1633774 ], [ -68.8057422, 46.1635343 ], [ -68.8055259, 46.1636268 ], [ -68.8056487, 46.1637985 ], [ -68.8060596, 46.1639135 ], [ -68.806481, 46.1639499 ], [ -68.8070308, 46.1639241 ], [ -68.8073137, 46.1639799 ], [ -68.8078283, 46.1638164 ], [ -68.8083929, 46.1640746 ], [ -68.8086812, 46.1639465 ], [ -68.8090511, 46.1640185 ], [ -68.8093285, 46.1640619 ], [ -68.8095553, 46.1638836 ], [ -68.809967, 46.1637486 ], [ -68.8101721, 46.1638989 ], [ -68.8104185, 46.1640208 ], [ -68.8106444, 46.1640855 ], [ -68.8102118, 46.1643134 ], [ -68.8098311, 46.1643984 ], [ -68.8097275, 46.1646412 ], [ -68.8093158, 46.1647762 ], [ -68.8090686, 46.164883 ], [ -68.8087584, 46.1652301 ], [ -68.8090984, 46.1651902 ], [ -68.8094685, 46.1652122 ], [ -68.8097349, 46.1654627 ], [ -68.8098991, 46.1655487 ], [ -68.8101662, 46.1656349 ], [ -68.8102788, 46.1657637 ], [ -68.8102475, 46.1659136 ], [ -68.8103804, 46.166121 ], [ -68.8106781, 46.1662715 ], [ -68.8110078, 46.1660649 ], [ -68.8112646, 46.1661368 ], [ -68.8114079, 46.1663228 ], [ -68.8114893, 46.1665586 ], [ -68.8114989, 46.1667587 ], [ -68.8117559, 46.1667948 ], [ -68.8118264, 46.1670315 ], [ -68.8116827, 46.1671519 ], [ -68.8118672, 46.1673094 ], [ -68.8119799, 46.1674238 ], [ -68.8121539, 46.1676599 ], [ -68.8124314, 46.1677032 ], [ -68.8128325, 46.1676681 ], [ -68.8131927, 46.1675687 ], [ -68.8136046, 46.1673765 ], [ -68.8139543, 46.1673413 ], [ -68.8142215, 46.1673918 ], [ -68.8142518, 46.167549 ], [ -68.8140255, 46.1675844 ], [ -68.8139736, 46.1677343 ], [ -68.81424, 46.1679919 ], [ -68.8143945, 46.1679207 ], [ -68.8145499, 46.1675852 ], [ -68.8148174, 46.1675213 ], [ -68.8151054, 46.1674861 ], [ -68.8153623, 46.1675508 ], [ -68.815568, 46.1675154 ], [ -68.8158559, 46.1675159 ], [ -68.8160718, 46.1675234 ], [ -68.8162267, 46.1673379 ], [ -68.8164181, 46.167143 ], [ -68.8166903, 46.1670386 ], [ -68.816957, 46.167086 ], [ -68.817421, 46.167281 ], [ -68.817668, 46.167304 ], [ -68.818218, 46.167196 ], [ -68.8194877, 46.1673236 ], [ -68.8198938, 46.1673421 ], [ -68.82028, 46.167305 ], [ -68.8205053, 46.167253 ], [ -68.8205643, 46.1671824 ], [ -68.8207413, 46.1670858 ], [ -68.8209827, 46.1670152 ], [ -68.8212027, 46.1669818 ], [ -68.8215353, 46.1670189 ], [ -68.8218303, 46.1670189 ], [ -68.8220529, 46.1669604 ], [ -68.8220339, 46.1679675 ], [ -68.8206338, 46.2150585 ], [ -68.9525833, 46.2164463 ], [ -69.0850898, 46.2162562 ], [ -69.085196, 46.1263085 ], [ -69.0858782, 46.036879 ], [ -69.0702794, 46.0368392 ], [ -69.070709, 46.0377731 ], [ -69.071141, 46.0381841 ], [ -69.0715719, 46.0383421 ], [ -69.071822, 46.0385631 ], [ -69.072073, 46.0388321 ], [ -69.072234, 46.0390701 ], [ -69.072234, 46.0390791 ], [ -69.072213, 46.0390911 ], [ -69.071597, 46.0394551 ], [ -69.0703639, 46.0399401 ], [ -69.069371, 46.040434 ], [ -69.0689609, 46.040839 ], [ -69.0664358, 46.0408611 ], [ -69.0664488, 46.0392411 ], [ -69.0667609, 46.0392601 ], [ -69.0671849, 46.0391422 ], [ -69.0675969, 46.0390131 ], [ -69.068082, 46.0387595 ], [ -69.068574, 46.0384734 ], [ -69.0687801, 46.0380773 ], [ -69.0688675, 46.0378241 ], [ -69.0689139, 46.0372941 ], [ -69.0688139, 46.0368301 ], [ -69.0650637, 46.036761 ], [ -69.0651549, 46.0168751 ], [ -69.0859013, 46.0167778 ], [ -69.0861784, 45.974447 ], [ -69.0858025, 45.937986 ], [ -69.0724184, 45.9380158 ], [ -69.0723518, 45.9116588 ], [ -69.0723092, 45.8947699 ], [ -69.0723001, 45.8934338 ], [ -69.0722116, 45.8804549 ], [ -69.0722084, 45.8799851 ], [ -69.0720648, 45.858924 ], [ -69.0720152, 45.8534399 ], [ -69.0620191, 45.8537288 ], [ -69.061794, 45.8532961 ], [ -69.061383, 45.8529381 ], [ -69.0605609, 45.8528431 ], [ -69.0600479, 45.8525572 ], [ -69.0594309, 45.8519842 ], [ -69.0582319, 45.8519362 ], [ -69.0575129, 45.8516022 ], [ -69.0572389, 45.8511972 ], [ -69.0559029, 45.8512682 ], [ -69.0554919, 45.8507431 ], [ -69.0549438, 45.8502662 ], [ -69.0543959, 45.8500992 ], [ -69.0538479, 45.8500272 ], [ -69.0534368, 45.8495982 ], [ -69.0530608, 45.8494072 ], [ -69.0525468, 45.8494072 ], [ -69.0523408, 45.8491922 ], [ -69.0517248, 45.8491212 ], [ -69.0509368, 45.8487632 ], [ -69.0503548, 45.8488342 ], [ -69.0498748, 45.8488342 ], [ -69.0493267, 45.8485722 ], [ -69.0483338, 45.8485722 ], [ -69.0465187, 45.8482143 ], [ -69.0459017, 45.8480943 ], [ -69.0453197, 45.8475462 ], [ -69.0446006, 45.8477602 ], [ -69.0436417, 45.8474023 ], [ -69.0432987, 45.8474023 ], [ -69.0425457, 45.8470683 ], [ -69.0419286, 45.8470213 ], [ -69.0408676, 45.8472353 ], [ -69.0402847, 45.8472833 ], [ -69.0400796, 45.8471404 ], [ -69.0391886, 45.8464483 ], [ -69.0383666, 45.8462333 ], [ -69.0382986, 45.8459474 ], [ -69.0379906, 45.8459473 ], [ -69.0373056, 45.8462333 ], [ -69.0364836, 45.8467104 ], [ -69.0362776, 45.8466874 ], [ -69.0361066, 45.8468544 ], [ -69.0355586, 45.8471644 ], [ -69.0348045, 45.8472354 ], [ -69.0339825, 45.8472354 ], [ -69.0329896, 45.8471884 ], [ -69.0324756, 45.8470214 ], [ -69.0323045, 45.8469014 ], [ -69.0319275, 45.8466394 ], [ -69.0314485, 45.8466154 ], [ -69.0312085, 45.8466155 ], [ -69.0309344, 45.8465204 ], [ -69.0304205, 45.8464724 ], [ -69.0301465, 45.8466155 ], [ -69.0299075, 45.8468784 ], [ -69.0300444, 45.8473555 ], [ -69.0300444, 45.8475704 ], [ -69.0299755, 45.8477604 ], [ -69.0297705, 45.8478084 ], [ -69.0287764, 45.8477844 ], [ -69.0286395, 45.8479045 ], [ -69.0285025, 45.8479275 ], [ -69.0277494, 45.8479275 ], [ -69.0274415, 45.8478085 ], [ -69.0271675, 45.8477844 ], [ -69.0267214, 45.8476894 ], [ -69.0257624, 45.8476654 ], [ -69.0252494, 45.8478565 ], [ -69.0247694, 45.8482615 ], [ -69.0244274, 45.8483815 ], [ -69.0237424, 45.8485244 ], [ -69.0229544, 45.8484525 ], [ -69.0217894, 45.8482145 ], [ -69.0213784, 45.8480715 ], [ -69.0210364, 45.8478325 ], [ -69.0203514, 45.8475225 ], [ -69.0195974, 45.8473315 ], [ -69.0184673, 45.8472355 ], [ -69.0168923, 45.8470925 ], [ -69.0166183, 45.8470456 ], [ -69.0156243, 45.8467586 ], [ -69.0136043, 45.8461386 ], [ -69.0134323, 45.8459476 ], [ -69.0130213, 45.8458286 ], [ -69.0127132, 45.8454706 ], [ -69.0124732, 45.8453506 ], [ -69.0120622, 45.8449216 ], [ -69.0116512, 45.8446826 ], [ -69.0113772, 45.8443246 ], [ -69.0112402, 45.8438717 ], [ -69.0110352, 45.8437047 ], [ -69.0107271, 45.8437756 ], [ -69.0105552, 45.8437996 ], [ -69.0099732, 45.8438236 ], [ -69.0085002, 45.8439426 ], [ -69.0074732, 45.8438236 ], [ -69.0067881, 45.8437287 ], [ -69.0062062, 45.8434187 ], [ -69.0050751, 45.8430607 ], [ -69.0046991, 45.8430607 ], [ -69.0035681, 45.8431077 ], [ -69.002575, 45.8431317 ], [ -69.0023011, 45.8432987 ], [ -69.0020611, 45.8435617 ], [ -69.0018901, 45.8435857 ], [ -69.0012051, 45.8436328 ], [ -69.0001781, 45.8436328 ], [ -68.999047, 45.8435857 ], [ -68.997951, 45.8434657 ], [ -68.9976769, 45.8433708 ], [ -68.997369, 45.8432988 ], [ -68.996547, 45.8432278 ], [ -68.996444, 45.8431558 ], [ -68.9954509, 45.8426068 ], [ -68.9946979, 45.8417718 ], [ -68.9945259, 45.8416767 ], [ -68.9940809, 45.8414138 ], [ -68.9929849, 45.8414138 ], [ -68.9923688, 45.8413188 ], [ -68.9918889, 45.8412468 ], [ -68.9914098, 45.8412708 ], [ -68.9911358, 45.8412948 ], [ -68.9910328, 45.8412228 ], [ -68.9908958, 45.8410798 ], [ -68.9895937, 45.8405788 ], [ -68.9877107, 45.8400779 ], [ -68.9869226, 45.8399818 ], [ -68.9862717, 45.8400779 ], [ -68.9857237, 45.8401728 ], [ -68.9854156, 45.8402208 ], [ -68.9848336, 45.8401258 ], [ -68.9845247, 45.8399819 ], [ -68.9838396, 45.8398149 ], [ -68.9833266, 45.8396719 ], [ -68.9829156, 45.8394569 ], [ -68.9825386, 45.8392669 ], [ -68.9819905, 45.8391229 ], [ -68.9814765, 45.8391229 ], [ -68.9814425, 45.8393139 ], [ -68.9813055, 45.8394569 ], [ -68.9810316, 45.8397439 ], [ -68.9806545, 45.8397439 ], [ -68.9801744, 45.8397439 ], [ -68.9793524, 45.8398389 ], [ -68.9790445, 45.8396479 ], [ -68.9787364, 45.8393619 ], [ -68.9786674, 45.8390279 ], [ -68.9782914, 45.8388609 ], [ -68.9778454, 45.838288 ], [ -68.9773664, 45.8378829 ], [ -68.9764754, 45.837549 ], [ -68.9755163, 45.837358 ], [ -68.9745923, 45.83731 ], [ -68.9740443, 45.837405 ], [ -68.9733593, 45.837525 ], [ -68.9715783, 45.837596 ], [ -68.9705502, 45.837596 ], [ -68.9698237, 45.837331 ], [ -68.9688712, 45.837452 ], [ -68.9668851, 45.836259 ], [ -68.9660631, 45.836689 ], [ -68.9653781, 45.8375961 ], [ -68.9651721, 45.8382641 ], [ -68.96435, 45.8384551 ], [ -68.963323, 45.8384551 ], [ -68.9627059, 45.8378821 ], [ -68.961953, 45.8378821 ], [ -68.9614729, 45.8380731 ], [ -68.9612679, 45.8380731 ], [ -68.9607879, 45.8378341 ], [ -68.9604459, 45.8378341 ], [ -68.9602399, 45.8380251 ], [ -68.9601029, 45.8383591 ], [ -68.9601029, 45.8386461 ], [ -68.960446, 45.8389321 ], [ -68.9603089, 45.8390271 ], [ -68.9600344, 45.8392192 ], [ -68.9599309, 45.8392916 ], [ -68.9594869, 45.8396001 ], [ -68.9592809, 45.8394571 ], [ -68.9581849, 45.8394091 ], [ -68.9578428, 45.8393141 ], [ -68.9577739, 45.8393612 ], [ -68.9572948, 45.8394091 ], [ -68.9569518, 45.8393142 ], [ -68.9566779, 45.8394571 ], [ -68.9564039, 45.8396482 ], [ -68.9560618, 45.8396002 ], [ -68.9558558, 45.8396002 ], [ -68.9554448, 45.8396002 ], [ -68.9553078, 45.8397912 ], [ -68.9549658, 45.8399341 ], [ -68.9547598, 45.8399341 ], [ -68.9539377, 45.8399342 ], [ -68.9531847, 45.8401252 ], [ -68.9523093, 45.8407176 ], [ -68.9512981, 45.8411049 ], [ -68.9509734, 45.8414263 ], [ -68.9506694, 45.8414893 ], [ -68.949992, 45.8414318 ], [ -68.9495322, 45.8412027 ], [ -68.9484707, 45.8410491 ], [ -68.9484495, 45.8341733 ], [ -68.9421725, 45.8313589 ], [ -68.9391993, 45.8306161 ], [ -68.9382622, 45.8299972 ], [ -68.9275843, 45.8259399 ], [ -68.9082873, 45.825714 ], [ -68.8979346, 45.8142614 ] ], [ [ -68.8865917, 45.8167669 ], [ -68.8860017, 45.8172389 ], [ -68.8855409, 45.817755 ], [ -68.8852724, 45.8180558 ], [ -68.8850851, 45.8191069 ], [ -68.8849627, 45.8197939 ], [ -68.8847162, 45.8211348 ], [ -68.8840198, 45.8211327 ], [ -68.883694, 45.8205798 ], [ -68.8826315, 45.8204835 ], [ -68.8825504, 45.8201595 ], [ -68.8837784, 45.8192844 ], [ -68.8832889, 45.8188267 ], [ -68.8823638, 45.818197 ], [ -68.8805395, 45.8176427 ], [ -68.8800229, 45.8171277 ], [ -68.8794781, 45.81707 ], [ -68.8787693, 45.8172598 ], [ -68.8782238, 45.8175259 ], [ -68.8784137, 45.8178881 ], [ -68.8786847, 45.8185933 ], [ -68.8777019, 45.8194495 ], [ -68.8771305, 45.819106 ], [ -68.8770222, 45.818782 ], [ -68.8767505, 45.8184578 ], [ -68.8765551, 45.8182142 ], [ -68.8776786, 45.816762 ], [ -68.8777301, 45.8166998 ], [ -68.8865917, 45.8167669 ] ], [ [ -68.8677519, 45.8202755 ], [ -68.8670106, 45.8198676 ], [ -68.8662452, 45.8193884 ], [ -68.8656446, 45.8189536 ], [ -68.8650389, 45.8186543 ], [ -68.8653107, 45.8186377 ], [ -68.8657573, 45.8185093 ], [ -68.8660778, 45.818374 ], [ -68.8663253, 45.8183539 ], [ -68.8665342, 45.8182287 ], [ -68.8670191, 45.818331 ], [ -68.8671983, 45.8184398 ], [ -68.86745, 45.8186877 ], [ -68.8679921, 45.8192141 ], [ -68.8682484, 45.8195672 ], [ -68.8677519, 45.8202755 ] ], [ [ -68.8696498, 45.8255141 ], [ -68.8691254, 45.8255212 ], [ -68.8679408, 45.8256435 ], [ -68.8677153, 45.8253335 ], [ -68.8680184, 45.8251463 ], [ -68.8680722, 45.8251008 ], [ -68.8680763, 45.8249964 ], [ -68.8680842, 45.8248678 ], [ -68.868203, 45.8248599 ], [ -68.8683758, 45.8247075 ], [ -68.8685561, 45.8246032 ], [ -68.8686022, 45.8245176 ], [ -68.8686805, 45.8245897 ], [ -68.8696498, 45.8255141 ] ] ] ] } },
{ "type": "Feature", "properties": { "osm_type": "relation", "id": 2405308, "boundary": null, "state": "Maine", "name": "Crescent Beach State Park", "wikipedia": null, "leisure": "nature_reserve" }, "geometry": { "type": "MultiPolygon", "coordinates": [ [ [ [ -70.2325121, 43.5656293 ], [ -70.2349578, 43.5649074 ], [ -70.2363088, 43.5669747 ], [ -70.2368902, 43.5670138 ], [ -70.2378126, 43.5671887 ], [ -70.239061, 43.5671843 ], [ -70.2380818, 43.5618467 ], [ -70.2385924, 43.5617985 ], [ -70.23829, 43.5601409 ], [ -70.2378124, 43.5603273 ], [ -70.2372392, 43.5571819 ], [ -70.2370876, 43.5573216 ], [ -70.2370676, 43.557346 ], [ -70.2368107, 43.5576596 ], [ -70.2365466, 43.5579752 ], [ -70.2361239, 43.558297 ], [ -70.2357509, 43.5585744 ], [ -70.2353649, 43.5587939 ], [ -70.2349103, 43.558922 ], [ -70.2345905, 43.559036 ], [ -70.2342124, 43.5591611 ], [ -70.233811, 43.5592268 ], [ -70.2336779, 43.5592542 ], [ -70.2334643, 43.5593821 ], [ -70.2333024, 43.5595779 ], [ -70.2330671, 43.5598099 ], [ -70.2329863, 43.5598812 ], [ -70.2329412, 43.5599944 ], [ -70.2330187, 43.5600985 ], [ -70.233072, 43.5601986 ], [ -70.2331078, 43.5602841 ], [ -70.2331444, 43.5603718 ], [ -70.2332045, 43.5604502 ], [ -70.2331824, 43.5606179 ], [ -70.233048, 43.5608378 ], [ -70.2328617, 43.5610559 ], [ -70.2325413, 43.5614438 ], [ -70.2321003, 43.5618253 ], [ -70.2316199, 43.5622462 ], [ -70.2315187, 43.5623271 ], [ -70.2311319, 43.5627719 ], [ -70.2310739, 43.5628067 ], [ -70.2308082, 43.5629658 ], [ -70.2302263, 43.5632131 ], [ -70.230084, 43.5632859 ], [ -70.2297759, 43.5634434 ], [ -70.2291828, 43.5636824 ], [ -70.2287242, 43.5638365 ], [ -70.2284467, 43.5639297 ], [ -70.228191, 43.564013 ], [ -70.227698, 43.5641735 ], [ -70.2275666, 43.5642163 ], [ -70.2272718, 43.5642658 ], [ -70.2269427, 43.564341 ], [ -70.2263908, 43.5644477 ], [ -70.2257355, 43.5646274 ], [ -70.2251293, 43.5646364 ], [ -70.224552, 43.5646181 ], [ -70.2239962, 43.5646066 ], [ -70.2236373, 43.5646023 ], [ -70.2235397, 43.5655831 ], [ -70.2235395, 43.5656149 ], [ -70.2235449, 43.5656496 ], [ -70.223559, 43.5656763 ], [ -70.2235777, 43.565703 ], [ -70.2235985, 43.5657271 ], [ -70.2236163, 43.5657412 ], [ -70.2236652, 43.565764 ], [ -70.2236524, 43.5657085 ], [ -70.2241017, 43.565645 ], [ -70.2242175, 43.5661094 ], [ -70.2247389, 43.5681994 ], [ -70.2249903, 43.5681068 ], [ -70.2253441, 43.5679903 ], [ -70.2256539, 43.5679046 ], [ -70.2260087, 43.567841 ], [ -70.226081, 43.5678306 ], [ -70.226193, 43.5678145 ], [ -70.2260907, 43.5672863 ], [ -70.2264628, 43.5672445 ], [ -70.2264249, 43.5670392 ], [ -70.226202, 43.5670589 ], [ -70.2261096, 43.5666744 ], [ -70.2263588, 43.5666302 ], [ -70.2285368, 43.5669081 ], [ -70.2286852, 43.5669353 ], [ -70.2304897, 43.5668452 ], [ -70.2316738, 43.5662538 ], [ -70.2325121, 43.5656293 ] ] ], [ [ [ -70.2203004, 43.5661226 ], [ -70.2204476, 43.5666674 ], [ -70.2210152, 43.5667027 ], [ -70.2221324, 43.5668028 ], [ -70.222729, 43.5668299 ], [ -70.2228758, 43.565773 ], [ -70.2233138, 43.5657839 ], [ -70.223347, 43.5657168 ], [ -70.2233665, 43.5656651 ], [ -70.2233849, 43.5655979 ], [ -70.223463, 43.5645561 ], [ -70.2232208, 43.5645383 ], [ -70.2227296, 43.5644508 ], [ -70.2220807, 43.5643225 ], [ -70.2217305, 43.5642287 ], [ -70.2215625, 43.5641582 ], [ -70.2210268, 43.5639929 ], [ -70.2205339, 43.5638723 ], [ -70.2197461, 43.5635324 ], [ -70.2195602, 43.5636666 ], [ -70.2196414, 43.5640554 ], [ -70.2197196, 43.5647496 ], [ -70.2197619, 43.5649009 ], [ -70.2198123, 43.5650131 ], [ -70.2201431, 43.5656174 ], [ -70.2203004, 43.5661226 ] ] ] ] } },
{ "type": "Feature", "properties": { "osm_type": "relation", "id": 8803089, "boundary": null, "state": "Maine", "name": "Holbrook Island Sanctuary State Park", "wikipedia": null, "leisure": "nature_reserve" }, "geometry": { "type": "MultiPolygon", "coordinates": [ [ [ [ -68.785844, 44.3433619 ], [ -68.7857447, 44.3434156 ], [ -68.7843041, 44.3441948 ], [ -68.7836164, 44.3444506 ], [ -68.7828866, 44.3446735 ], [ -68.7826987, 44.3446401 ], [ -68.7824171, 44.3450389 ], [ -68.7821873, 44.3454751 ], [ -68.7820877, 44.3458036 ], [ -68.7820916, 44.3459116 ], [ -68.7831997, 44.3467285 ], [ -68.7822044, 44.3473343 ], [ -68.7822703, 44.3475415 ], [ -68.782744, 44.3483616 ], [ -68.7827974, 44.3486498 ], [ -68.7827837, 44.3488659 ], [ -68.7840256, 44.3503132 ], [ -68.7838152, 44.3511186 ], [ -68.7807773, 44.3509957 ], [ -68.7799582, 44.3517459 ], [ -68.7795221, 44.3521907 ], [ -68.7793308, 44.3524695 ], [ -68.7786873, 44.3537376 ], [ -68.7785955, 44.354066 ], [ -68.7785343, 44.3543945 ], [ -68.778587, 44.3551734 ], [ -68.7783651, 44.3556816 ], [ -68.7780513, 44.3561447 ], [ -68.7784715, 44.3564741 ], [ -68.7790143, 44.3570873 ], [ -68.7793659, 44.3576417 ], [ -68.7795036, 44.3577365 ], [ -68.7796873, 44.3577999 ], [ -68.7799318, 44.3578499 ], [ -68.7801154, 44.3578322 ], [ -68.7805287, 44.3577205 ], [ -68.7808194, 44.3576985 ], [ -68.7810566, 44.3577125 ], [ -68.7812708, 44.3577849 ], [ -68.781852, 44.3581011 ], [ -68.7821577, 44.3582368 ], [ -68.7824865, 44.3583049 ], [ -68.7825684, 44.3583096 ], [ -68.7871262, 44.3601953 ], [ -68.7889143, 44.359897 ], [ -68.7893646, 44.3600779 ], [ -68.7851761, 44.3639053 ], [ -68.7789528, 44.3637404 ], [ -68.7790029, 44.3639746 ], [ -68.7789798, 44.3642761 ], [ -68.7790563, 44.3645013 ], [ -68.7792318, 44.3646547 ], [ -68.7792932, 44.3647854 ], [ -68.7794076, 44.3649207 ], [ -68.7794997, 44.3649614 ], [ -68.7796831, 44.3648717 ], [ -68.7797828, 44.3648629 ], [ -68.7798975, 44.3649216 ], [ -68.779943, 44.3651108 ], [ -68.7798818, 44.3652457 ], [ -68.7796294, 44.3656188 ], [ -68.77917, 44.3659646 ], [ -68.779147, 44.3660275 ], [ -68.7791854, 44.3661446 ], [ -68.7791776, 44.3663337 ], [ -68.7791315, 44.3665092 ], [ -68.7789478, 44.3669454 ], [ -68.7789632, 44.36713 ], [ -68.779078, 44.3672788 ], [ -68.7792766, 44.3674412 ], [ -68.7796206, 44.3676355 ], [ -68.7797202, 44.3679463 ], [ -68.7798501, 44.3680545 ], [ -68.7800185, 44.3681134 ], [ -68.7806381, 44.3682271 ], [ -68.7808675, 44.3683536 ], [ -68.7809822, 44.3685114 ], [ -68.7809285, 44.3686058 ], [ -68.7809436, 44.3687769 ], [ -68.7811733, 44.3689124 ], [ -68.7819152, 44.3691839 ], [ -68.782206, 44.3693375 ], [ -68.7823819, 44.3693918 ], [ -68.7825578, 44.3693471 ], [ -68.7828487, 44.3691586 ], [ -68.7829943, 44.3691589 ], [ -68.7832543, 44.3692539 ], [ -68.7835065, 44.3694615 ], [ -68.7837741, 44.369552 ], [ -68.7841565, 44.3695617 ], [ -68.7844856, 44.3695399 ], [ -68.7846077, 44.3696166 ], [ -68.7847148, 44.3698284 ], [ -68.7851967, 44.3702974 ], [ -68.7853116, 44.3705227 ], [ -68.7854416, 44.3708966 ], [ -68.7853706, 44.3711836 ], [ -68.7873068, 44.3709263 ], [ -68.7872392, 44.3705714 ], [ -68.7872548, 44.3703868 ], [ -68.787339, 44.3702024 ], [ -68.7875688, 44.3700003 ], [ -68.7879664, 44.369794 ], [ -68.7882421, 44.3696954 ], [ -68.7884485, 44.3695608 ], [ -68.7889768, 44.3691431 ], [ -68.7894208, 44.3689144 ], [ -68.7896197, 44.3687842 ], [ -68.7897881, 44.3686359 ], [ -68.7899639, 44.3683932 ], [ -68.7905844, 44.3673005 ], [ -68.7911045, 44.3668468 ], [ -68.7915102, 44.3665819 ], [ -68.7918315, 44.3663349 ], [ -68.7924671, 44.3654853 ], [ -68.7925894, 44.3652695 ], [ -68.792643, 44.3648869 ], [ -68.7926202, 44.3647789 ], [ -68.7929261, 44.3645543 ], [ -68.7933779, 44.3638979 ], [ -68.7934926, 44.3638351 ], [ -68.7942195, 44.3636564 ], [ -68.7943191, 44.3636701 ], [ -68.7943954, 44.3637287 ], [ -68.7945026, 44.3641296 ], [ -68.7945942, 44.3641927 ], [ -68.7949078, 44.3642293 ], [ -68.7949997, 44.3642835 ], [ -68.7951524, 44.3644818 ], [ -68.7952445, 44.3645135 ], [ -68.7953361, 44.3644326 ], [ -68.7953746, 44.3642031 ], [ -68.7951604, 44.3637751 ], [ -68.7951912, 44.3637077 ], [ -68.7953211, 44.3636854 ], [ -68.79552, 44.3637623 ], [ -68.7961319, 44.364092 ], [ -68.7962542, 44.3640877 ], [ -68.7964993, 44.3638856 ], [ -68.7967516, 44.3637284 ], [ -68.7970424, 44.3636569 ], [ -68.7973178, 44.3636484 ], [ -68.7975321, 44.3637208 ], [ -68.7977234, 44.3638562 ], [ -68.7978686, 44.36405 ], [ -68.7979912, 44.3640998 ], [ -68.7998655, 44.3632793 ], [ -68.8003552, 44.3628345 ], [ -68.8006076, 44.3625559 ], [ -68.8009137, 44.3620297 ], [ -68.8009444, 44.3617597 ], [ -68.8009141, 44.3607603 ], [ -68.8007229, 44.3603638 ], [ -68.8007305, 44.3603053 ], [ -68.8008073, 44.3602064 ], [ -68.802368, 44.3593089 ], [ -68.8025669, 44.3591516 ], [ -68.8027198, 44.3589223 ], [ -68.8028958, 44.3584995 ], [ -68.8030717, 44.3579551 ], [ -68.8031792, 44.3577212 ], [ -68.803248, 44.3576538 ], [ -68.8033551, 44.357645 ], [ -68.8035081, 44.3577308 ], [ -68.8037144, 44.3579697 ], [ -68.803944, 44.3583618 ], [ -68.804028, 44.358578 ], [ -68.8040279, 44.358722 ], [ -68.8040662, 44.3587806 ], [ -68.8043646, 44.3590062 ], [ -68.8044102, 44.3590918 ], [ -68.8044181, 44.3592044 ], [ -68.8043184, 44.3595778 ], [ -68.8044026, 44.3597355 ], [ -68.8047544, 44.3599567 ], [ -68.8048768, 44.3599569 ], [ -68.8049993, 44.3599121 ], [ -68.8051448, 44.3598943 ], [ -68.8055424, 44.360021 ], [ -68.8056953, 44.3599313 ], [ -68.8058101, 44.3598414 ], [ -68.8059097, 44.3597066 ], [ -68.805925, 44.3596076 ], [ -68.8058713, 44.3594679 ], [ -68.805879, 44.3592699 ], [ -68.8064298, 44.3589692 ], [ -68.8069885, 44.3585245 ], [ -68.8073708, 44.358192 ], [ -68.807646, 44.3578459 ], [ -68.8079977, 44.3571442 ], [ -68.8080896, 44.3568743 ], [ -68.8084035, 44.3563212 ], [ -68.8085035, 44.3561953 ], [ -68.8073823, 44.3537266 ], [ -68.8073479, 44.3536725 ], [ -68.8072562, 44.3534338 ], [ -68.8071264, 44.353204 ], [ -68.8069505, 44.3530281 ], [ -68.8067593, 44.3529918 ], [ -68.8065218, 44.3530454 ], [ -68.8063229, 44.3531981 ], [ -68.8059712, 44.3536882 ], [ -68.805757, 44.354183 ], [ -68.8056958, 44.3545385 ], [ -68.8055733, 44.3548219 ], [ -68.8052903, 44.3552851 ], [ -68.8052901, 44.3553436 ], [ -68.8053515, 44.3554922 ], [ -68.8052212, 44.3557801 ], [ -68.8049765, 44.3560093 ], [ -68.8046705, 44.3561618 ], [ -68.8043649, 44.3562288 ], [ -68.8041814, 44.356197 ], [ -68.8040896, 44.3561068 ], [ -68.8042499, 44.3555444 ], [ -68.8042729, 44.3553553 ], [ -68.8041354, 44.355076 ], [ -68.8040207, 44.3549048 ], [ -68.8039823, 44.3547697 ], [ -68.8040359, 44.3545807 ], [ -68.804204, 44.3543784 ], [ -68.8043573, 44.3542526 ], [ -68.8044338, 44.3541267 ], [ -68.804426, 44.3540007 ], [ -68.8041815, 44.353352 ], [ -68.8041125, 44.3532259 ], [ -68.8039825, 44.3531806 ], [ -68.8037301, 44.3531487 ], [ -68.8035926, 44.3531124 ], [ -68.8035082, 44.3530223 ], [ -68.8032252, 44.3520315 ], [ -68.8032636, 44.3518155 ], [ -68.8034244, 44.3515816 ], [ -68.8037456, 44.3511951 ], [ -68.8037994, 44.3510466 ], [ -68.8037383, 44.350934 ], [ -68.8035467, 44.3508751 ], [ -68.8029502, 44.3508021 ], [ -68.8027132, 44.3507251 ], [ -68.8026289, 44.350617 ], [ -68.8025754, 44.3504278 ], [ -68.8026752, 44.3496627 ], [ -68.80279, 44.3494784 ], [ -68.8030577, 44.3491367 ], [ -68.8034553, 44.3484172 ], [ -68.8035332, 44.3481721 ], [ -68.8035397, 44.3481517 ], [ -68.8035396, 44.347607 ], [ -68.8036087, 44.347211 ], [ -68.8037464, 44.3469547 ], [ -68.8039298, 44.3467569 ], [ -68.8039371, 44.3465236 ], [ -68.8039377, 44.3465049 ], [ -68.8037769, 44.3462795 ], [ -68.8035325, 44.34609 ], [ -68.8034942, 44.3459504 ], [ -68.8035707, 44.3456985 ], [ -68.8035705, 44.3453879 ], [ -68.8033795, 44.3451805 ], [ -68.8027752, 44.3447518 ], [ -68.8026377, 44.3446165 ], [ -68.8025537, 44.3444048 ], [ -68.8026989, 44.3437748 ], [ -68.8026837, 44.3436218 ], [ -68.8027758, 44.3431718 ], [ -68.8029438, 44.3428795 ], [ -68.8033418, 44.342493 ], [ -68.8033954, 44.3423085 ], [ -68.8030388, 44.3416652 ], [ -68.8030283, 44.3416462 ], [ -68.802837, 44.3414118 ], [ -68.8026535, 44.3412944 ], [ -68.8025084, 44.3413167 ], [ -68.802317, 44.3418205 ], [ -68.802141, 44.3420408 ], [ -68.8019652, 44.34209 ], [ -68.8016974, 44.342103 ], [ -68.8015063, 44.3421432 ], [ -68.801323, 44.3422239 ], [ -68.8011851, 44.3424083 ], [ -68.8010549, 44.3426646 ], [ -68.8008561, 44.343254 ], [ -68.8008025, 44.3433484 ], [ -68.8008485, 44.343407 ], [ -68.8010015, 44.3434883 ], [ -68.8011161, 44.343583 ], [ -68.8010853, 44.343628 ], [ -68.80094, 44.3436998 ], [ -68.8007411, 44.343875 ], [ -68.8006417, 44.3440368 ], [ -68.8006801, 44.344172 ], [ -68.8005194, 44.3442572 ], [ -68.8003971, 44.3443965 ], [ -68.8004121, 44.3447117 ], [ -68.8003891, 44.3447792 ], [ -68.8002671, 44.3448059 ], [ -68.8001906, 44.3447023 ], [ -68.8002132, 44.3444952 ], [ -68.8002901, 44.3442433 ], [ -68.8005348, 44.3436765 ], [ -68.8005653, 44.343456 ], [ -68.8005273, 44.3432219 ], [ -68.8003896, 44.3430056 ], [ -68.7999384, 44.3427617 ], [ -68.7998695, 44.3426175 ], [ -68.7999157, 44.3424195 ], [ -68.7997233, 44.3416292 ], [ -68.792107, 44.3423156 ], [ -68.7916656, 44.336895 ], [ -68.7933561, 44.3367225 ], [ -68.7914664, 44.3325912 ], [ -68.7886019, 44.3325859 ], [ -68.7875537, 44.3330341 ], [ -68.7872017, 44.333245 ], [ -68.7867273, 44.3335998 ], [ -68.7851515, 44.3348978 ], [ -68.784226, 44.3357738 ], [ -68.7835297, 44.3367493 ], [ -68.7832848, 44.3372485 ], [ -68.7831774, 44.3375814 ], [ -68.7830858, 44.3377568 ], [ -68.7829153, 44.3379725 ], [ -68.7824501, 44.3385024 ], [ -68.7822846, 44.3386561 ], [ -68.7822336, 44.3391236 ], [ -68.7822668, 44.3392722 ], [ -68.782473, 44.3396958 ], [ -68.7824958, 44.3397637 ], [ -68.7827303, 44.3397302 ], [ -68.7834257, 44.3395008 ], [ -68.7838116, 44.3401015 ], [ -68.7829466, 44.3403283 ], [ -68.7828725, 44.340388 ], [ -68.7829696, 44.3405565 ], [ -68.783168, 44.3409845 ], [ -68.7832508, 44.3412584 ], [ -68.7834294, 44.3412241 ], [ -68.784196, 44.3411092 ], [ -68.7841936, 44.341752 ], [ -68.7834553, 44.3417809 ], [ -68.7832135, 44.3418171 ], [ -68.7830786, 44.3422027 ], [ -68.7828615, 44.3427931 ], [ -68.7829741, 44.3427991 ], [ -68.7829455, 44.3436331 ], [ -68.7830414, 44.3437021 ], [ -68.7831045, 44.3441362 ], [ -68.7834874, 44.3440912 ], [ -68.7848574, 44.3435422 ], [ -68.7855148, 44.3431623 ], [ -68.7858455, 44.3429711 ], [ -68.7860216, 44.3428315 ], [ -68.7867529, 44.3429113 ], [ -68.7862785, 44.3431272 ], [ -68.785844, 44.3433619 ] ] ], [ [ [ -68.8156565, 44.3577348 ], [ -68.8154925, 44.357688 ], [ -68.8153485, 44.357723 ], [ -68.8152126, 44.357762 ], [ -68.815083, 44.3577351 ], [ -68.8149441, 44.3577334 ], [ -68.8145636, 44.3578394 ], [ -68.8141946, 44.3580696 ], [ -68.8137473, 44.3582286 ], [ -68.8134195, 44.3583357 ], [ -68.8127948, 44.3582516 ], [ -68.8121959, 44.3585904 ], [ -68.8118044, 44.3588732 ], [ -68.8110599, 44.359469 ], [ -68.8107408, 44.3598862 ], [ -68.8105533, 44.3600494 ], [ -68.8105214, 44.3602928 ], [ -68.8101712, 44.3614167 ], [ -68.8100079, 44.3617334 ], [ -68.8097559, 44.3619681 ], [ -68.8095964, 44.3621741 ], [ -68.8095502, 44.3624065 ], [ -68.8096013, 44.3626806 ], [ -68.8095582, 44.3629222 ], [ -68.8092085, 44.3632023 ], [ -68.8091524, 44.3634887 ], [ -68.8091365, 44.3638028 ], [ -68.8091322, 44.3639018 ], [ -68.809249, 44.3638933 ], [ -68.8093094, 44.3639421 ], [ -68.8092232, 44.3640299 ], [ -68.8092306, 44.3640909 ], [ -68.8092979, 44.3640812 ], [ -68.8093933, 44.3640045 ], [ -68.8098471, 44.3640981 ], [ -68.8100102, 44.3642103 ], [ -68.8101488, 44.3643597 ], [ -68.8101616, 44.364597 ], [ -68.8101516, 44.3647666 ], [ -68.8100717, 44.3649395 ], [ -68.8099371, 44.3650615 ], [ -68.8096567, 44.3653966 ], [ -68.8096396, 44.3656182 ], [ -68.8095064, 44.3657921 ], [ -68.8094262, 44.3659191 ], [ -68.809578, 44.3660157 ], [ -68.8096843, 44.3661535 ], [ -68.8096903, 44.366544 ], [ -68.8097262, 44.3667339 ], [ -68.8094814, 44.3673321 ], [ -68.80926, 44.3677348 ], [ -68.8089105, 44.3678841 ], [ -68.8085464, 44.3682525 ], [ -68.8083654, 44.3685021 ], [ -68.8083586, 44.3687739 ], [ -68.8084242, 44.368846 ], [ -68.808531, 44.3689215 ], [ -68.8084957, 44.3690622 ], [ -68.8083737, 44.3692081 ], [ -68.8081778, 44.3692566 ], [ -68.8078143, 44.3693194 ], [ -68.8078082, 44.3693868 ], [ -68.8078689, 44.3694666 ], [ -68.8079354, 44.3694757 ], [ -68.8080107, 44.3695946 ], [ -68.8080514, 44.3695802 ], [ -68.808049, 44.3694477 ], [ -68.8081509, 44.3694228 ], [ -68.8082533, 44.3694275 ], [ -68.8082998, 44.3693773 ], [ -68.808476, 44.3693799 ], [ -68.8087035, 44.3694805 ], [ -68.8089731, 44.3696284 ], [ -68.8090958, 44.3697591 ], [ -68.8090223, 44.3700376 ], [ -68.8088962, 44.3703923 ], [ -68.8087927, 44.3705156 ], [ -68.8087354, 44.3707078 ], [ -68.8087193, 44.3708552 ], [ -68.8087722, 44.3708945 ], [ -68.808821, 44.3709728 ], [ -68.8088921, 44.370964 ], [ -68.8089736, 44.37092 ], [ -68.8090884, 44.3709117 ], [ -68.8090539, 44.3707941 ], [ -68.809098, 44.3706136 ], [ -68.8091572, 44.3704793 ], [ -68.8093172, 44.3703425 ], [ -68.8094605, 44.3703045 ], [ -68.8095473, 44.3702011 ], [ -68.809689, 44.3701627 ], [ -68.8098992, 44.3701867 ], [ -68.8099043, 44.3702319 ], [ -68.8100065, 44.3702504 ], [ -68.8101141, 44.3701468 ], [ -68.8102002, 44.3701629 ], [ -68.8102969, 44.3700162 ], [ -68.8104356, 44.3699894 ], [ -68.8105026, 44.3699119 ], [ -68.8105217, 44.3696929 ], [ -68.8104692, 44.3694474 ], [ -68.8103703, 44.3691812 ], [ -68.8103188, 44.3689104 ], [ -68.8102736, 44.3688336 ], [ -68.8101886, 44.3687783 ], [ -68.8101568, 44.3686781 ], [ -68.8101704, 44.3685201 ], [ -68.810369, 44.3679656 ], [ -68.8105248, 44.367741 ], [ -68.8105637, 44.3676412 ], [ -68.8106413, 44.3675502 ], [ -68.8107874, 44.3674571 ], [ -68.8109389, 44.3673465 ], [ -68.8111045, 44.3671565 ], [ -68.8111207, 44.3671169 ], [ -68.8112258, 44.3671652 ], [ -68.8112782, 44.3671428 ], [ -68.8112901, 44.3671016 ], [ -68.8111387, 44.3670422 ], [ -68.811255, 44.366859 ], [ -68.8112788, 44.3667738 ], [ -68.8112361, 44.3667145 ], [ -68.8112446, 44.3666662 ], [ -68.8113604, 44.3666185 ], [ -68.8113433, 44.3665789 ], [ -68.8113499, 44.3665699 ], [ -68.8113995, 44.3665021 ], [ -68.8117717, 44.3663491 ], [ -68.8120754, 44.3662583 ], [ -68.8125075, 44.3661795 ], [ -68.8128006, 44.3661686 ], [ -68.8129106, 44.3661805 ], [ -68.8130629, 44.366197 ], [ -68.8132168, 44.3662341 ], [ -68.8133435, 44.3663543 ], [ -68.813424, 44.3666911 ], [ -68.8134759, 44.3667359 ], [ -68.8136059, 44.3669927 ], [ -68.8136292, 44.36726 ], [ -68.8137856, 44.3675713 ], [ -68.8137859, 44.3676913 ], [ -68.8138688, 44.3677695 ], [ -68.8140401, 44.3676783 ], [ -68.8141916, 44.3676452 ], [ -68.8142485, 44.367662 ], [ -68.814483, 44.3676287 ], [ -68.8145929, 44.3675513 ], [ -68.8148275, 44.3675016 ], [ -68.8150881, 44.3672733 ], [ -68.8152899, 44.3669989 ], [ -68.8154758, 44.3667241 ], [ -68.8156664, 44.3665565 ], [ -68.8156986, 44.3663835 ], [ -68.8157365, 44.3662909 ], [ -68.8156837, 44.3660945 ], [ -68.8157498, 44.3660531 ], [ -68.8157361, 44.3659232 ], [ -68.815648, 44.3658755 ], [ -68.8156359, 44.365812 ], [ -68.8157218, 44.3657796 ], [ -68.8157456, 44.3657357 ], [ -68.8156658, 44.3656692 ], [ -68.8155638, 44.3654716 ], [ -68.8155758, 44.3654051 ], [ -68.8154634, 44.3654117 ], [ -68.8154861, 44.3652423 ], [ -68.8156128, 44.3650009 ], [ -68.8156064, 44.3649128 ], [ -68.8155827, 44.3648579 ], [ -68.8155401, 44.3648895 ], [ -68.8153709, 44.3648471 ], [ -68.8152748, 44.3645453 ], [ -68.8150611, 44.3644296 ], [ -68.8149683, 44.3643227 ], [ -68.8149338, 44.3641897 ], [ -68.8148726, 44.3640397 ], [ -68.8148987, 44.3638577 ], [ -68.8148216, 44.3637436 ], [ -68.8147405, 44.3636372 ], [ -68.8147906, 44.3634939 ], [ -68.8148046, 44.3634538 ], [ -68.8148694, 44.3633619 ], [ -68.8149663, 44.3633282 ], [ -68.815068, 44.3633747 ], [ -68.8152141, 44.3633546 ], [ -68.8151713, 44.36312 ], [ -68.8151462, 44.3628753 ], [ -68.8151813, 44.3627446 ], [ -68.815081, 44.3626988 ], [ -68.8150093, 44.3626102 ], [ -68.8149477, 44.3622394 ], [ -68.8148648, 44.3622591 ], [ -68.8147122, 44.3622177 ], [ -68.8146372, 44.3622072 ], [ -68.8145168, 44.3622204 ], [ -68.8143701, 44.3621325 ], [ -68.8142081, 44.361952 ], [ -68.8141218, 44.3617618 ], [ -68.814111, 44.3615387 ], [ -68.814167, 44.3613767 ], [ -68.8142972, 44.3611551 ], [ -68.8143869, 44.361009 ], [ -68.8144829, 44.3609079 ], [ -68.8150087, 44.3608214 ], [ -68.8152343, 44.3607532 ], [ -68.8153583, 44.3606571 ], [ -68.8154987, 44.3605375 ], [ -68.8156605, 44.3603592 ], [ -68.815843, 44.360105 ], [ -68.8160512, 44.3598137 ], [ -68.8161155, 44.3596724 ], [ -68.8160253, 44.3595648 ], [ -68.8160484, 44.359394 ], [ -68.8159609, 44.3592787 ], [ -68.8159392, 44.3590346 ], [ -68.8159701, 44.3589743 ], [ -68.8158051, 44.3588143 ], [ -68.8157782, 44.358707 ], [ -68.815924, 44.3587062 ], [ -68.8159295, 44.3586312 ], [ -68.8158472, 44.3586578 ], [ -68.815779, 44.3586295 ], [ -68.8157849, 44.3585136 ], [ -68.8157645, 44.3583762 ], [ -68.8157002, 44.3582882 ], [ -68.8156309, 44.3582232 ], [ -68.8156479, 44.3581398 ], [ -68.8156442, 44.3580173 ], [ -68.8155906, 44.357974 ], [ -68.8155083, 44.3579539 ], [ -68.8155261, 44.3578667 ], [ -68.8156565, 44.3577348 ] ] ] ] } },
{ "type": "Feature", "properties": { "osm_type": "relation", "id": 12114118, "boundary": "protected_area", "state": "Maine", "name": "Camden Hills State Park", "wikipedia": null, "leisure": "nature_reserve" }, "geometry": { "type": "MultiPolygon", "coordinates": [ [ [ [ -69.0604518, 44.278471 ], [ -69.063077, 44.2777377 ], [ -69.0591971, 44.2704168 ], [ -69.0602548, 44.270142 ], [ -69.0642972, 44.2747642 ], [ -69.0671618, 44.2743695 ], [ -69.066213, 44.2731738 ], [ -69.0668317, 44.2730885 ], [ -69.0677805, 44.2742842 ], [ -69.0684622, 44.2741946 ], [ -69.0688502, 44.2741504 ], [ -69.0711823, 44.2739292 ], [ -69.0715197, 44.2738934 ], [ -69.0675453, 44.2691205 ], [ -69.0702481, 44.2679585 ], [ -69.0707588, 44.2678038 ], [ -69.069409, 44.2662826 ], [ -69.0712726, 44.2661641 ], [ -69.0717938, 44.2660903 ], [ -69.0729572, 44.2660069 ], [ -69.0786241, 44.2723309 ], [ -69.0792826, 44.2721483 ], [ -69.0812705, 44.2716894 ], [ -69.0757913, 44.2655753 ], [ -69.0786521, 44.2641673 ], [ -69.0780627, 44.2635094 ], [ -69.0838544, 44.2608997 ], [ -69.0811101, 44.2576568 ], [ -69.0850925, 44.2574568 ], [ -69.0858507, 44.2583451 ], [ -69.0880894, 44.2574964 ], [ -69.0927833, 44.2630951 ], [ -69.0915453, 44.2638365 ], [ -69.0924904, 44.2649363 ], [ -69.0937241, 44.2642378 ], [ -69.0934646, 44.2639381 ], [ -69.0944298, 44.2629873 ], [ -69.09572, 44.2626241 ], [ -69.0959829, 44.2627136 ], [ -69.0963134, 44.2628122 ], [ -69.0981103, 44.2617874 ], [ -69.0983698, 44.2615203 ], [ -69.0976381, 44.2604567 ], [ -69.0972847, 44.2599738 ], [ -69.0969406, 44.2594078 ], [ -69.0964325, 44.2586727 ], [ -69.0962404, 44.2584301 ], [ -69.0960907, 44.2582138 ], [ -69.0959925, 44.258047 ], [ -69.0959066, 44.2578767 ], [ -69.0955065, 44.2569355 ], [ -69.0910976, 44.2571549 ], [ -69.0905954, 44.2551188 ], [ -69.0855151, 44.2525102 ], [ -69.0823091, 44.2548087 ], [ -69.0792207, 44.2536261 ], [ -69.0801711, 44.2523877 ], [ -69.08033, 44.2521806 ], [ -69.083056, 44.2486187 ], [ -69.0833181, 44.2482762 ], [ -69.0833258, 44.2482655 ], [ -69.0847305, 44.2464304 ], [ -69.0851745, 44.2458504 ], [ -69.0850561, 44.2457153 ], [ -69.084925, 44.2455402 ], [ -69.0847876, 44.2453204 ], [ -69.0846945, 44.2451365 ], [ -69.0846366, 44.2449958 ], [ -69.0845754, 44.2448052 ], [ -69.0845328, 44.244612 ], [ -69.0845091, 44.2444171 ], [ -69.0845044, 44.2442215 ], [ -69.0845133, 44.2440749 ], [ -69.0845252, 44.2439775 ], [ -69.0847836, 44.2427027 ], [ -69.0848202, 44.2425025 ], [ -69.0848519, 44.2423018 ], [ -69.0849045, 44.2418945 ], [ -69.0829334, 44.239873 ], [ -69.0831708, 44.2395708 ], [ -69.0826011, 44.238635 ], [ -69.0815445, 44.2366523 ], [ -69.0778008, 44.2364147 ], [ -69.0766453, 44.2362659 ], [ -69.0752161, 44.2355078 ], [ -69.0770278, 44.2339993 ], [ -69.0773669, 44.2337514 ], [ -69.0799399, 44.2295679 ], [ -69.0802232, 44.2290789 ], [ -69.0791764, 44.227584 ], [ -69.078329, 44.2264278 ], [ -69.0779956, 44.2259658 ], [ -69.0777711, 44.2260465 ], [ -69.077551, 44.2257232 ], [ -69.0777785, 44.2256435 ], [ -69.0773993, 44.2250341 ], [ -69.0769416, 44.2242625 ], [ -69.0760655, 44.2245164 ], [ -69.0756768, 44.2238431 ], [ -69.0747901, 44.224105 ], [ -69.0741119, 44.2208785 ], [ -69.0742482, 44.2207198 ], [ -69.0735136, 44.2196448 ], [ -69.0734036, 44.219682 ], [ -69.0724634, 44.2190175 ], [ -69.070035, 44.2171089 ], [ -69.0680617, 44.2198086 ], [ -69.0680211, 44.2198481 ], [ -69.0679784, 44.2198993 ], [ -69.0679434, 44.2199535 ], [ -69.0679165, 44.22001 ], [ -69.067898, 44.2200683 ], [ -69.0678817, 44.2202004 ], [ -69.0678668, 44.2202726 ], [ -69.0678433, 44.2203437 ], [ -69.0678115, 44.220413 ], [ -69.0677716, 44.2204801 ], [ -69.0677239, 44.2205446 ], [ -69.0676688, 44.2206058 ], [ -69.0676066, 44.2206635 ], [ -69.0673921, 44.2207934 ], [ -69.0672937, 44.2208652 ], [ -69.0672017, 44.2209413 ], [ -69.067184, 44.2209803 ], [ -69.0671757, 44.2210209 ], [ -69.0671769, 44.2210619 ], [ -69.0671877, 44.2211021 ], [ -69.0672078, 44.2211405 ], [ -69.0672831, 44.2212268 ], [ -69.067322, 44.2212809 ], [ -69.0673527, 44.2213376 ], [ -69.0673748, 44.2213964 ], [ -69.0673882, 44.2214565 ], [ -69.0673926, 44.2215173 ], [ -69.0673881, 44.2215781 ], [ -69.0673747, 44.2216383 ], [ -69.0673525, 44.221697 ], [ -69.0673217, 44.2217537 ], [ -69.0672828, 44.2218078 ], [ -69.0670747, 44.22196 ], [ -69.0668716, 44.2221156 ], [ -69.0666155, 44.2221343 ], [ -69.0663775, 44.2221458 ], [ -69.0661391, 44.2221515 ], [ -69.0659025, 44.2221516 ], [ -69.0656622, 44.2221458 ], [ -69.065388, 44.2221321 ], [ -69.0652912, 44.2225072 ], [ -69.0650815, 44.2240892 ], [ -69.0649989, 44.2246581 ], [ -69.0648958, 44.2252626 ], [ -69.0665748, 44.2264315 ], [ -69.0671694, 44.2260071 ], [ -69.0677137, 44.2264026 ], [ -69.0671206, 44.2268115 ], [ -69.0674393, 44.2270333 ], [ -69.0663524, 44.2279017 ], [ -69.0645199, 44.2266661 ], [ -69.0615548, 44.2286458 ], [ -69.0585799, 44.2263657 ], [ -69.0532457, 44.228745 ], [ -69.051706, 44.2279329 ], [ -69.0508926, 44.2284632 ], [ -69.0498928, 44.2289726 ], [ -69.0487017, 44.2284123 ], [ -69.0483901, 44.2288167 ], [ -69.0433122, 44.2263684 ], [ -69.0433043, 44.2264153 ], [ -69.0432734, 44.2264454 ], [ -69.0432133, 44.2264472 ], [ -69.043128, 44.2265085 ], [ -69.0430915, 44.2265142 ], [ -69.0430753, 44.2265221 ], [ -69.0430555, 44.2265551 ], [ -69.0430599, 44.2265826 ], [ -69.0430863, 44.2266186 ], [ -69.0430958, 44.2266592 ], [ -69.0430915, 44.2266764 ], [ -69.0430491, 44.2267758 ], [ -69.0430249, 44.2267991 ], [ -69.043001, 44.22681 ], [ -69.0429823, 44.2268364 ], [ -69.0429804, 44.226849 ], [ -69.0429655, 44.2268715 ], [ -69.0429515, 44.226884 ], [ -69.0429232, 44.2269231 ], [ -69.0429225, 44.2269714 ], [ -69.042905, 44.2270135 ], [ -69.0428936, 44.2270709 ], [ -69.0428712, 44.2271033 ], [ -69.0428541, 44.2271391 ], [ -69.0428386, 44.2272258 ], [ -69.0428087, 44.227311 ], [ -69.0426563, 44.2274184 ], [ -69.0426227, 44.2274746 ], [ -69.0426045, 44.2275239 ], [ -69.0426043, 44.2276089 ], [ -69.0425984, 44.2276308 ], [ -69.0425763, 44.2276513 ], [ -69.0425231, 44.2276823 ], [ -69.0424958, 44.2277288 ], [ -69.0424802, 44.2277779 ], [ -69.0424537, 44.2278341 ], [ -69.0424273, 44.2279197 ], [ -69.0424351, 44.2279864 ], [ -69.0424306, 44.228025 ], [ -69.0423997, 44.2280693 ], [ -69.042384, 44.2281453 ], [ -69.0423576, 44.2282186 ], [ -69.0423426, 44.2283202 ], [ -69.0423176, 44.228394 ], [ -69.042329, 44.228419 ], [ -69.0423306, 44.2284786 ], [ -69.0423197, 44.2285007 ], [ -69.0423026, 44.2285196 ], [ -69.0421992, 44.2285987 ], [ -69.0421821, 44.2286254 ], [ -69.0421778, 44.2286598 ], [ -69.0421808, 44.2286827 ], [ -69.0422048, 44.2287203 ], [ -69.0422149, 44.2287501 ], [ -69.0421818, 44.2288149 ], [ -69.0421474, 44.2288645 ], [ -69.0421349, 44.2289061 ], [ -69.0421267, 44.2289751 ], [ -69.0421129, 44.2290186 ], [ -69.0420858, 44.2290654 ], [ -69.0420642, 44.2290908 ], [ -69.0419623, 44.2291591 ], [ -69.041927, 44.229207 ], [ -69.0419169, 44.2292471 ], [ -69.041904, 44.2292689 ], [ -69.0418814, 44.2292941 ], [ -69.0418288, 44.2293312 ], [ -69.0418016, 44.2293437 ], [ -69.0417514, 44.2293763 ], [ -69.0416635, 44.2294468 ], [ -69.0415891, 44.229539 ], [ -69.0415671, 44.2295837 ], [ -69.041544, 44.2296173 ], [ -69.0415056, 44.2296959 ], [ -69.0414787, 44.2297413 ], [ -69.0414419, 44.2297887 ], [ -69.0414352, 44.2298345 ], [ -69.0414152, 44.229868 ], [ -69.0413834, 44.2298986 ], [ -69.041344, 44.2299473 ], [ -69.0413181, 44.2299978 ], [ -69.0412991, 44.2300396 ], [ -69.0412935, 44.2300796 ], [ -69.0412769, 44.2301404 ], [ -69.0412523, 44.230206 ], [ -69.0412419, 44.2302586 ], [ -69.0412379, 44.2303259 ], [ -69.0411738, 44.2304297 ], [ -69.0411311, 44.2305497 ], [ -69.0411014, 44.2305996 ], [ -69.0423088, 44.2311918 ], [ -69.0491825, 44.2345445 ], [ -69.0483816, 44.235369 ], [ -69.0487471, 44.2355486 ], [ -69.0487412, 44.2356649 ], [ -69.0477949, 44.2366471 ], [ -69.0521076, 44.2387789 ], [ -69.0507991, 44.2398471 ], [ -69.0495637, 44.2438438 ], [ -69.0448171, 44.2408941 ], [ -69.0431898, 44.242267 ], [ -69.0427369, 44.2448607 ], [ -69.0407932, 44.2467413 ], [ -69.0560943, 44.2542848 ], [ -69.0542885, 44.2558237 ], [ -69.0365801, 44.2470944 ], [ -69.0354182, 44.2464909 ], [ -69.0353815, 44.2465763 ], [ -69.0353473, 44.2466344 ], [ -69.0372143, 44.2475744 ], [ -69.0355419, 44.2500653 ], [ -69.0380504, 44.2513836 ], [ -69.0365272, 44.2529123 ], [ -69.0377577, 44.2535412 ], [ -69.0358915, 44.2557728 ], [ -69.0403252, 44.2581409 ], [ -69.0389653, 44.2596373 ], [ -69.0363963, 44.2625462 ], [ -69.0432359, 44.2660243 ], [ -69.0389471, 44.2676078 ], [ -69.0367281, 44.2706458 ], [ -69.0331404, 44.2685612 ], [ -69.0307916, 44.2670472 ], [ -69.0296295, 44.2678969 ], [ -69.0273272, 44.2694702 ], [ -69.030929, 44.2720581 ], [ -69.0304812, 44.272656 ], [ -69.0313129, 44.2732053 ], [ -69.0297988, 44.2742784 ], [ -69.0262549, 44.2717658 ], [ -69.0261561, 44.2718327 ], [ -69.0205867, 44.2678816 ], [ -69.0183925, 44.2662334 ], [ -69.0183257, 44.2663219 ], [ -69.0189898, 44.2668237 ], [ -69.0186994, 44.2672037 ], [ -69.0181578, 44.2678692 ], [ -69.0190296, 44.2679035 ], [ -69.0195135, 44.2683935 ], [ -69.0184658, 44.2689427 ], [ -69.0275726, 44.2754587 ], [ -69.0248165, 44.2764337 ], [ -69.0231075, 44.2778051 ], [ -69.0245968, 44.2789124 ], [ -69.0263584, 44.2802071 ], [ -69.024709, 44.2813256 ], [ -69.0243978, 44.2810969 ], [ -69.0225315, 44.2824113 ], [ -69.0201718, 44.2816642 ], [ -69.0189822, 44.2830945 ], [ -69.0197907, 44.2834773 ], [ -69.0169222, 44.2867342 ], [ -69.0167532, 44.2866024 ], [ -69.0166633, 44.2865218 ], [ -69.0165793, 44.2864379 ], [ -69.0165102, 44.2863612 ], [ -69.0161175, 44.2858897 ], [ -69.0154031, 44.2863883 ], [ -69.0172771, 44.2872073 ], [ -69.0162787, 44.2883492 ], [ -69.0240735, 44.2921418 ], [ -69.0249969, 44.2911021 ], [ -69.0266193, 44.2893909 ], [ -69.0279332, 44.2901971 ], [ -69.0297545, 44.2885028 ], [ -69.0294677, 44.28824 ], [ -69.0275385, 44.288388 ], [ -69.0271775, 44.2838818 ], [ -69.0271506, 44.2837391 ], [ -69.0276886, 44.2830856 ], [ -69.031384, 44.2822799 ], [ -69.0328557, 44.2827799 ], [ -69.0376684, 44.2844756 ], [ -69.0400097, 44.282398 ], [ -69.0401407, 44.2822859 ], [ -69.040303, 44.2821555 ], [ -69.0405582, 44.2819678 ], [ -69.0407358, 44.2818481 ], [ -69.0409865, 44.2816922 ], [ -69.041239, 44.2821677 ], [ -69.0428167, 44.2849944 ], [ -69.043042, 44.285421 ], [ -69.0408435, 44.2865742 ], [ -69.041411, 44.2868538 ], [ -69.0403529, 44.2879622 ], [ -69.0414109, 44.2886354 ], [ -69.0424027, 44.2887401 ], [ -69.0430991, 44.2889306 ], [ -69.0386781, 44.2934305 ], [ -69.0389326, 44.293535 ], [ -69.0392473, 44.2936786 ], [ -69.0394511, 44.2937808 ], [ -69.0402679, 44.2942062 ], [ -69.0410139, 44.2929425 ], [ -69.0449127, 44.2935045 ], [ -69.0443811, 44.2941582 ], [ -69.0454112, 44.2947338 ], [ -69.0457075, 44.2944849 ], [ -69.0464192, 44.2952527 ], [ -69.049114, 44.2966931 ], [ -69.050313, 44.2953804 ], [ -69.0509898, 44.2965997 ], [ -69.0514248, 44.2961639 ], [ -69.0516603, 44.2925942 ], [ -69.0518137, 44.2917608 ], [ -69.0539917, 44.2919232 ], [ -69.0557753, 44.2944114 ], [ -69.0581127, 44.2939069 ], [ -69.0571087, 44.2908158 ], [ -69.0589292, 44.2902358 ], [ -69.0573962, 44.287647 ], [ -69.0519559, 44.2891623 ], [ -69.0514481, 44.2894996 ], [ -69.0519876, 44.2901716 ], [ -69.0511837, 44.2905512 ], [ -69.0509384, 44.2917566 ], [ -69.0509172, 44.2917526 ], [ -69.0508764, 44.2917416 ], [ -69.0508238, 44.2917134 ], [ -69.050734, 44.2916429 ], [ -69.0506836, 44.2916116 ], [ -69.050621, 44.2915826 ], [ -69.0505426, 44.2915397 ], [ -69.0504859, 44.2915165 ], [ -69.0504563, 44.2914927 ], [ -69.0504051, 44.2914653 ], [ -69.0503906, 44.2914474 ], [ -69.0503726, 44.2914343 ], [ -69.0503215, 44.2914036 ], [ -69.0501954, 44.2913386 ], [ -69.0501064, 44.2912981 ], [ -69.0499428, 44.2911961 ], [ -69.0498684, 44.2911565 ], [ -69.049824, 44.2911215 ], [ -69.0497511, 44.2910912 ], [ -69.0497037, 44.2910641 ], [ -69.0496646, 44.2910506 ], [ -69.0495411, 44.2909873 ], [ -69.0495197, 44.2909729 ], [ -69.0494378, 44.2909451 ], [ -69.0493788, 44.2909094 ], [ -69.0492456, 44.2908239 ], [ -69.0491877, 44.2907823 ], [ -69.049173, 44.2907599 ], [ -69.0491493, 44.290662 ], [ -69.0490107, 44.2907384 ], [ -69.0487068, 44.2904417 ], [ -69.0481845, 44.2894645 ], [ -69.0457243, 44.287626 ], [ -69.0497225, 44.2864335 ], [ -69.0489724, 44.2846785 ], [ -69.0480511, 44.2830961 ], [ -69.0472804, 44.2816951 ], [ -69.0466767, 44.2811471 ], [ -69.0459597, 44.2798644 ], [ -69.0456406, 44.2797833 ], [ -69.0451055, 44.2782606 ], [ -69.0452951, 44.2782323 ], [ -69.0452071, 44.2780926 ], [ -69.0444992, 44.2768533 ], [ -69.0429993, 44.2743912 ], [ -69.0459862, 44.2735131 ], [ -69.0473785, 44.2730841 ], [ -69.0489094, 44.2726291 ], [ -69.0504825, 44.275369 ], [ -69.0511614, 44.27667 ], [ -69.0537222, 44.2760928 ], [ -69.052402, 44.2738386 ], [ -69.0548397, 44.2731503 ], [ -69.0555041, 44.2744537 ], [ -69.0579147, 44.2737505 ], [ -69.0592189, 44.2761214 ], [ -69.0592761, 44.2762527 ], [ -69.0604518, 44.278471 ] ] ], [ [ [ -69.0307385, 44.3240721 ], [ -69.0308497, 44.324191 ], [ -69.033867, 44.32121 ], [ -69.0338669, 44.3212326 ], [ -69.0339164, 44.3213944 ], [ -69.0340392, 44.3216023 ], [ -69.0341145, 44.3216846 ], [ -69.0343487, 44.3218585 ], [ -69.0346968, 44.3220411 ], [ -69.0350845, 44.3223488 ], [ -69.0353761, 44.3227358 ], [ -69.0355011, 44.3228432 ], [ -69.0355396, 44.3228676 ], [ -69.040371, 44.3181496 ], [ -69.04258, 44.3192779 ], [ -69.0444026, 44.3174075 ], [ -69.0465243, 44.3153006 ], [ -69.0467715, 44.3152921 ], [ -69.0470794, 44.3153267 ], [ -69.0473085, 44.3153909 ], [ -69.0476015, 44.3155475 ], [ -69.0476665, 44.3155652 ], [ -69.0476843, 44.3155786 ], [ -69.0477042, 44.3155255 ], [ -69.0477352, 44.3154722 ], [ -69.0480927, 44.3149285 ], [ -69.0481176, 44.3148518 ], [ -69.0481279, 44.3142455 ], [ -69.0481382, 44.3142223 ], [ -69.048156, 44.3142008 ], [ -69.0481794, 44.3141834 ], [ -69.0482088, 44.3141667 ], [ -69.0482729, 44.31414 ], [ -69.0483407, 44.3141336 ], [ -69.0491292, 44.3142017 ], [ -69.0492905, 44.3141916 ], [ -69.0495549, 44.3141267 ], [ -69.0496089, 44.3141042 ], [ -69.050136, 44.3137543 ], [ -69.0504396, 44.3135289 ], [ -69.0506818, 44.3133806 ], [ -69.0511813, 44.3130568 ], [ -69.0511943, 44.313035 ], [ -69.0512029, 44.3129827 ], [ -69.0511986, 44.31293 ], [ -69.0511686, 44.3128612 ], [ -69.0508353, 44.3124006 ], [ -69.0506954, 44.312094 ], [ -69.0506778, 44.3119943 ], [ -69.0506823, 44.3117671 ], [ -69.0506464, 44.3117031 ], [ -69.0504841, 44.3115056 ], [ -69.0504719, 44.3114552 ], [ -69.0504872, 44.3114084 ], [ -69.0505009, 44.3113879 ], [ -69.0505419, 44.3113545 ], [ -69.0507045, 44.3112765 ], [ -69.0512756, 44.3110964 ], [ -69.0516234, 44.3109206 ], [ -69.0522008, 44.3105507 ], [ -69.0523255, 44.3104325 ], [ -69.0523412, 44.310409 ], [ -69.0523627, 44.3103589 ], [ -69.0523702, 44.310308 ], [ -69.0523398, 44.3100745 ], [ -69.0523494, 44.3100496 ], [ -69.052364, 44.310028 ], [ -69.052386, 44.3100062 ], [ -69.0524116, 44.309989 ], [ -69.0524982, 44.3099436 ], [ -69.052711, 44.3098712 ], [ -69.0530189, 44.3096658 ], [ -69.0530469, 44.3096564 ], [ -69.0525159, 44.3094615 ], [ -69.0536605, 44.3090167 ], [ -69.0532517, 44.3083645 ], [ -69.0533441, 44.3083502 ], [ -69.0519779, 44.3064332 ], [ -69.0514873, 44.3046119 ], [ -69.051846, 44.3041352 ], [ -69.0503849, 44.3038715 ], [ -69.0492617, 44.3036071 ], [ -69.0494033, 44.3033284 ], [ -69.048182, 44.3027242 ], [ -69.0485967, 44.3013024 ], [ -69.0487377, 44.3013062 ], [ -69.0497749, 44.2999713 ], [ -69.0481215, 44.29869 ], [ -69.0472766, 44.2981791 ], [ -69.0449368, 44.3014324 ], [ -69.044157, 44.301458 ], [ -69.0436552, 44.3021762 ], [ -69.0433878, 44.3021252 ], [ -69.0432166, 44.3020995 ], [ -69.0429858, 44.3020753 ], [ -69.0428115, 44.3020647 ], [ -69.0426509, 44.3020608 ], [ -69.0404353, 44.3020441 ], [ -69.0402117, 44.3020362 ], [ -69.0400632, 44.3020263 ], [ -69.039769, 44.3019955 ], [ -69.0375133, 44.3016792 ], [ -69.03727, 44.3016313 ], [ -69.0370319, 44.3015714 ], [ -69.0350509, 44.30098 ], [ -69.0328192, 44.3003767 ], [ -69.0279591, 44.3057484 ], [ -69.020693, 44.3022012 ], [ -69.0223173, 44.3003413 ], [ -69.0180404, 44.2982333 ], [ -69.0142469, 44.2964167 ], [ -69.0124319, 44.2982133 ], [ -69.0124492, 44.2982216 ], [ -69.0109135, 44.3010052 ], [ -69.0109724, 44.3011233 ], [ -69.010989, 44.3012046 ], [ -69.0109937, 44.3014001 ], [ -69.0110552, 44.3015951 ], [ -69.0111627, 44.301771 ], [ -69.0112853, 44.3020778 ], [ -69.0113185, 44.3025397 ], [ -69.011291, 44.3026846 ], [ -69.0112669, 44.3027324 ], [ -69.0111443, 44.302909 ], [ -69.010875, 44.3032345 ], [ -69.0108317, 44.3033029 ], [ -69.0107883, 44.3037831 ], [ -69.0108287, 44.3039171 ], [ -69.0108573, 44.303961 ], [ -69.0109109, 44.3040205 ], [ -69.0110362, 44.304091 ], [ -69.0111018, 44.3041106 ], [ -69.011204, 44.3041285 ], [ -69.0112684, 44.304132 ], [ -69.0114009, 44.3041194 ], [ -69.0114679, 44.3041049 ], [ -69.0116154, 44.3040521 ], [ -69.012121, 44.3038362 ], [ -69.012692, 44.3036897 ], [ -69.0128014, 44.3036796 ], [ -69.0129805, 44.3036759 ], [ -69.0130489, 44.3036855 ], [ -69.0131121, 44.3037022 ], [ -69.0132974, 44.3037658 ], [ -69.013443, 44.3038414 ], [ -69.0136565, 44.3039863 ], [ -69.0139127, 44.3041887 ], [ -69.0139484, 44.3042308 ], [ -69.0140162, 44.304291 ], [ -69.0142122, 44.3045235 ], [ -69.0143509, 44.3047413 ], [ -69.0144151, 44.3048816 ], [ -69.0144977, 44.3051824 ], [ -69.0146129, 44.3060548 ], [ -69.0146489, 44.3061625 ], [ -69.0147904, 44.3064534 ], [ -69.0148323, 44.3064887 ], [ -69.014883, 44.3065151 ], [ -69.0149117, 44.3065231 ], [ -69.0149747, 44.3065322 ], [ -69.0150383, 44.3065318 ], [ -69.0150704, 44.3065261 ], [ -69.0151659, 44.3065018 ], [ -69.015193, 44.3064907 ], [ -69.0152469, 44.3064608 ], [ -69.0155806, 44.3062193 ], [ -69.0157144, 44.3060725 ], [ -69.0160603, 44.3056291 ], [ -69.0162187, 44.3053875 ], [ -69.0164329, 44.3051741 ], [ -69.0168334, 44.304861 ], [ -69.0170434, 44.3047506 ], [ -69.0173444, 44.3046415 ], [ -69.0175283, 44.3046085 ], [ -69.0178745, 44.3046018 ], [ -69.0185094, 44.3046479 ], [ -69.0188594, 44.3046523 ], [ -69.0192565, 44.3046917 ], [ -69.0195504, 44.3047685 ], [ -69.0199051, 44.3049016 ], [ -69.020287, 44.305036 ], [ -69.0210607, 44.3052923 ], [ -69.0212105, 44.3054014 ], [ -69.0212671, 44.3054285 ], [ -69.0215704, 44.305544 ], [ -69.0217655, 44.3056526 ], [ -69.0218945, 44.3057733 ], [ -69.0219475, 44.3058288 ], [ -69.0220302, 44.3059798 ], [ -69.0220552, 44.3059964 ], [ -69.0221749, 44.3060369 ], [ -69.0222021, 44.3060517 ], [ -69.0222929, 44.3061237 ], [ -69.022398, 44.3062842 ], [ -69.0227753, 44.3067856 ], [ -69.0230465, 44.3072594 ], [ -69.0231482, 44.3076227 ], [ -69.0231941, 44.3077177 ], [ -69.0232145, 44.3077375 ], [ -69.0233114, 44.3078047 ], [ -69.023368, 44.3078269 ], [ -69.0233996, 44.3078321 ], [ -69.0234337, 44.3078333 ], [ -69.0234638, 44.3078293 ], [ -69.023492, 44.3078173 ], [ -69.0236161, 44.3077393 ], [ -69.0236481, 44.3077297 ], [ -69.0237217, 44.3077176 ], [ -69.023788, 44.307714 ], [ -69.0238224, 44.3077163 ], [ -69.0239515, 44.3077333 ], [ -69.0240447, 44.3077597 ], [ -69.0240971, 44.3077891 ], [ -69.0241969, 44.3078621 ], [ -69.0248637, 44.3082041 ], [ -69.0254691, 44.308428 ], [ -69.0260198, 44.3087908 ], [ -69.0262636, 44.3089822 ], [ -69.0263957, 44.3092042 ], [ -69.0264184, 44.3093552 ], [ -69.0264063, 44.3094064 ], [ -69.0263277, 44.3095985 ], [ -69.0262312, 44.3097368 ], [ -69.0261977, 44.3098533 ], [ -69.0261986, 44.3099269 ], [ -69.0262209, 44.3100741 ], [ -69.0262512, 44.3104226 ], [ -69.0261209, 44.310978 ], [ -69.0261293, 44.311109 ], [ -69.0261859, 44.3112631 ], [ -69.0263681, 44.3116941 ], [ -69.0267386, 44.3126751 ], [ -69.0267368, 44.3127432 ], [ -69.0267497, 44.312815 ], [ -69.0268248, 44.3129298 ], [ -69.0269105, 44.3133081 ], [ -69.0270157, 44.3135084 ], [ -69.0270929, 44.3135945 ], [ -69.0271864, 44.3136794 ], [ -69.0274327, 44.3140252 ], [ -69.0275231, 44.3140914 ], [ -69.0275534, 44.3141054 ], [ -69.0279063, 44.3142028 ], [ -69.0281943, 44.3142144 ], [ -69.0283752, 44.314253 ], [ -69.028487, 44.3142986 ], [ -69.0287364, 44.3144817 ], [ -69.0287652, 44.3145238 ], [ -69.0288756, 44.3147408 ], [ -69.0289798, 44.3148525 ], [ -69.0291718, 44.3152388 ], [ -69.029191, 44.3152592 ], [ -69.0294207, 44.3154342 ], [ -69.0303778, 44.3158722 ], [ -69.0307349, 44.3160546 ], [ -69.0309971, 44.3161592 ], [ -69.031316, 44.3162449 ], [ -69.0313905, 44.3162497 ], [ -69.0315961, 44.3162399 ], [ -69.0318172, 44.3162079 ], [ -69.0318847, 44.3162131 ], [ -69.0319452, 44.3162304 ], [ -69.0320008, 44.3162581 ], [ -69.0320833, 44.3163145 ], [ -69.0324312, 44.316471 ], [ -69.0322737, 44.3166374 ], [ -69.0273981, 44.3208554 ], [ -69.0275915, 44.3210196 ], [ -69.0282725, 44.321706 ], [ -69.0296928, 44.3231024 ], [ -69.0302342, 44.3236086 ], [ -69.0306229, 44.3239574 ], [ -69.0307385, 44.3240721 ] ] ] ] } },
{ "type": "Feature", "properties": { "osm_type": "relation", "id": 12121914, "boundary": "national_park", "state": "Maine", "name": "Mount Blue State Park", "wikipedia": null, "leisure": "nature_reserve" }, "geometry": { "type": "MultiPolygon", "coordinates": [ [ [ [ -70.4493078, 44.6614775 ], [ -70.4534383, 44.6681303 ], [ -70.4378356, 44.6746351 ], [ -70.438091, 44.6747264 ], [ -70.4381669, 44.674829 ], [ -70.4381786, 44.6749369 ], [ -70.4381005, 44.6750954 ], [ -70.4380293, 44.6751638 ], [ -70.4379484, 44.6752909 ], [ -70.4379505, 44.6753583 ], [ -70.4380278, 44.6754699 ], [ -70.4381684, 44.6755897 ], [ -70.4383358, 44.6756956 ], [ -70.4388033, 44.6759148 ], [ -70.4389629, 44.6760073 ], [ -70.4391915, 44.676225 ], [ -70.4392387, 44.6762613 ], [ -70.4393124, 44.676318 ], [ -70.4399049, 44.6766616 ], [ -70.4401271, 44.6768928 ], [ -70.4402219, 44.6770267 ], [ -70.4402846, 44.6771564 ], [ -70.4406417, 44.6773095 ], [ -70.4407181, 44.677385 ], [ -70.4409479, 44.6774316 ], [ -70.4414855, 44.6774879 ], [ -70.4415366, 44.6775097 ], [ -70.4417157, 44.67753 ], [ -70.4417664, 44.6775563 ], [ -70.4418689, 44.677573 ], [ -70.4419965, 44.6776299 ], [ -70.4422124, 44.6777983 ], [ -70.4423897, 44.6780616 ], [ -70.44254, 44.6784288 ], [ -70.4425647, 44.6785365 ], [ -70.44264, 44.6786931 ], [ -70.4426397, 44.6787291 ], [ -70.4427156, 44.6788497 ], [ -70.4427278, 44.6789261 ], [ -70.442841, 44.6791362 ], [ -70.4429683, 44.6792426 ], [ -70.442968, 44.6792651 ], [ -70.4430443, 44.6793362 ], [ -70.4434826, 44.6797087 ], [ -70.4437938, 44.6800154 ], [ -70.4441118, 44.6802769 ], [ -70.4443155, 44.6803959 ], [ -70.4444299, 44.680525 ], [ -70.4445063, 44.680569 ], [ -70.4446076, 44.6806803 ], [ -70.4446195, 44.6807611 ], [ -70.4445932, 44.6808785 ], [ -70.4445083, 44.6810326 ], [ -70.4444949, 44.6811093 ], [ -70.4445762, 44.6813198 ], [ -70.4446062, 44.681351 ], [ -70.4447398, 44.6816508 ], [ -70.444827, 44.6819558 ], [ -70.4448448, 44.6821311 ], [ -70.4448374, 44.6822303 ], [ -70.4446684, 44.682507 ], [ -70.4446219, 44.6826966 ], [ -70.4446522, 44.6829168 ], [ -70.444803, 44.6832435 ], [ -70.444999, 44.6834976 ], [ -70.4454367, 44.6839872 ], [ -70.445544, 44.6841478 ], [ -70.4455501, 44.6841883 ], [ -70.4457086, 44.6843933 ], [ -70.4457658, 44.6844241 ], [ -70.4458543, 44.684576 ], [ -70.4462475, 44.6850032 ], [ -70.44643, 44.6853654 ], [ -70.446601, 44.6855973 ], [ -70.4467896, 44.6859956 ], [ -70.4468278, 44.6860266 ], [ -70.4470253, 44.6861051 ], [ -70.4471339, 44.6861712 ], [ -70.4473116, 44.68634 ], [ -70.4475537, 44.6864675 ], [ -70.4475858, 44.6865031 ], [ -70.4477065, 44.6865691 ], [ -70.4480619, 44.6869382 ], [ -70.4483364, 44.6870787 ], [ -70.448668, 44.6872051 ], [ -70.4489, 44.6873507 ], [ -70.4490961, 44.6875089 ], [ -70.450229, 44.6869102 ], [ -70.4501619, 44.6855202 ], [ -70.4504182, 44.685374 ], [ -70.4508037, 44.6847706 ], [ -70.4515792, 44.6844797 ], [ -70.4519609, 44.6846117 ], [ -70.451949, 44.684501 ], [ -70.4534188, 44.6837123 ], [ -70.4535718, 44.6836723 ], [ -70.45388, 44.6835694 ], [ -70.4541304, 44.6834942 ], [ -70.45449, 44.6833951 ], [ -70.4546245, 44.6833663 ], [ -70.4546501, 44.683366 ], [ -70.4547529, 44.6833287 ], [ -70.4547658, 44.6833105 ], [ -70.4549974, 44.6832176 ], [ -70.4551132, 44.6831666 ], [ -70.4552162, 44.6830932 ], [ -70.4553319, 44.6830197 ], [ -70.4555925, 44.6828139 ], [ -70.4557155, 44.6826863 ], [ -70.4557641, 44.6826271 ], [ -70.4558867, 44.682513 ], [ -70.4559641, 44.6824265 ], [ -70.4560096, 44.6823539 ], [ -70.4560288, 44.6823492 ], [ -70.4560809, 44.6822855 ], [ -70.4561324, 44.6822173 ], [ -70.4561327, 44.6821993 ], [ -70.4561457, 44.6821811 ], [ -70.4562099, 44.6821173 ], [ -70.4562881, 44.6820083 ], [ -70.456353, 44.6818634 ], [ -70.4563801, 44.6817325 ], [ -70.4563865, 44.681719 ], [ -70.4564057, 44.6817007 ], [ -70.4564256, 44.6816104 ], [ -70.4564262, 44.6815744 ], [ -70.4564459, 44.6814796 ], [ -70.4564717, 44.6814703 ], [ -70.4564723, 44.6814163 ], [ -70.4564857, 44.6813351 ], [ -70.4565446, 44.6811858 ], [ -70.4565847, 44.6809917 ], [ -70.4566436, 44.6808379 ], [ -70.4566441, 44.6807659 ], [ -70.4566577, 44.6806937 ], [ -70.4566835, 44.6806844 ], [ -70.4566842, 44.6806034 ], [ -70.4566975, 44.6805492 ], [ -70.4567102, 44.68054 ], [ -70.4567232, 44.6805218 ], [ -70.4567365, 44.6804542 ], [ -70.456737, 44.6803821 ], [ -70.4567965, 44.6802058 ], [ -70.4568298, 44.6800253 ], [ -70.4568824, 44.6798716 ], [ -70.4569084, 44.6798263 ], [ -70.4569344, 44.679808 ], [ -70.4569637, 44.6797896 ], [ -70.4576388, 44.6794742 ], [ -70.4602522, 44.6789343 ], [ -70.4606142, 44.6782711 ], [ -70.463399, 44.6782497 ], [ -70.4632655, 44.6780002 ], [ -70.4631387, 44.677725 ], [ -70.4631146, 44.6775913 ], [ -70.4631012, 44.6774705 ], [ -70.4631031, 44.6771889 ], [ -70.4631854, 44.6767124 ], [ -70.4632253, 44.6765608 ], [ -70.4633629, 44.6763341 ], [ -70.463439, 44.6762175 ], [ -70.4635401, 44.6760861 ], [ -70.463749, 44.6758614 ], [ -70.4640262, 44.6756019 ], [ -70.4643038, 44.6753304 ], [ -70.4644106, 44.6752047 ], [ -70.4646127, 44.6749342 ], [ -70.4647833, 44.6746422 ], [ -70.4649272, 44.6743497 ], [ -70.4650117, 44.6741376 ], [ -70.4650817, 44.6740041 ], [ -70.4652087, 44.6737152 ], [ -70.465352, 44.6734337 ], [ -70.4654825, 44.6731335 ], [ -70.4655452, 44.6730112 ], [ -70.4655921, 44.6728754 ], [ -70.4656434, 44.6727525 ], [ -70.4656817, 44.6726112 ], [ -70.4657268, 44.672409 ], [ -70.465776, 44.6720373 ], [ -70.4657908, 44.671851 ], [ -70.4653562, 44.6719842 ], [ -70.4648716, 44.6709895 ], [ -70.464423, 44.6704603 ], [ -70.4638447, 44.6686213 ], [ -70.4629919, 44.667407 ], [ -70.4615671, 44.6646964 ], [ -70.4576133, 44.666342 ], [ -70.4538943, 44.6594805 ], [ -70.4493078, 44.6614775 ] ] ], [ [ [ -70.3909678, 44.7104617 ], [ -70.3891623, 44.7072097 ], [ -70.3870505, 44.7032345 ], [ -70.3860027, 44.7035368 ], [ -70.3852672, 44.7014857 ], [ -70.3844553, 44.7000332 ], [ -70.389222, 44.6980605 ], [ -70.3872146, 44.6943025 ], [ -70.3823986, 44.6963534 ], [ -70.3768493, 44.6909495 ], [ -70.3730209, 44.6842012 ], [ -70.370578, 44.6852152 ], [ -70.374389, 44.6919502 ], [ -70.3662393, 44.6952646 ], [ -70.3625218, 44.6885763 ], [ -70.354565, 44.6919108 ], [ -70.3611983, 44.7034496 ], [ -70.3509732, 44.7077126 ], [ -70.3514103, 44.7086394 ], [ -70.3522202, 44.7102998 ], [ -70.3530525, 44.7119861 ], [ -70.3429863, 44.7153947 ], [ -70.3464093, 44.7210813 ], [ -70.327389, 44.7273085 ], [ -70.327383, 44.727296 ], [ -70.3272067, 44.7273558 ], [ -70.3272111, 44.7273874 ], [ -70.3180569, 44.7303902 ], [ -70.3201944, 44.7345044 ], [ -70.3107578, 44.7374637 ], [ -70.3127348, 44.7412111 ], [ -70.3312789, 44.735402 ], [ -70.3347867, 44.741947 ], [ -70.3440068, 44.7392672 ], [ -70.3479049, 44.746583 ], [ -70.366676, 44.7402193 ], [ -70.3667653, 44.7404015 ], [ -70.3668122, 44.7403516 ], [ -70.3671741, 44.7410492 ], [ -70.3679697, 44.7426826 ], [ -70.3682664, 44.7433317 ], [ -70.3687658, 44.7443205 ], [ -70.3691515, 44.7451081 ], [ -70.3695771, 44.7459627 ], [ -70.3702014, 44.7473236 ], [ -70.3756094, 44.7451148 ], [ -70.3912551, 44.7387222 ], [ -70.3991603, 44.7354909 ], [ -70.3991453, 44.7347748 ], [ -70.3991836, 44.7341245 ], [ -70.3992103, 44.7340084 ], [ -70.3992678, 44.7339241 ], [ -70.3992917, 44.7339034 ], [ -70.3993707, 44.7338623 ], [ -70.3994468, 44.733806 ], [ -70.3988273, 44.7340023 ], [ -70.3952416, 44.7275411 ], [ -70.3994888, 44.7258598 ], [ -70.4020655, 44.7304468 ], [ -70.4002729, 44.7310402 ], [ -70.4014182, 44.7331297 ], [ -70.4013446, 44.7331559 ], [ -70.4020873, 44.7343509 ], [ -70.4060465, 44.7327672 ], [ -70.4086485, 44.7331083 ], [ -70.4094967, 44.7345728 ], [ -70.4101445, 44.7356911 ], [ -70.4164214, 44.7332256 ], [ -70.4183047, 44.7365793 ], [ -70.4145747, 44.7380445 ], [ -70.4150168, 44.7383688 ], [ -70.4152163, 44.7385239 ], [ -70.4153242, 44.7385945 ], [ -70.4154589, 44.7386469 ], [ -70.4155963, 44.7386812 ], [ -70.4158389, 44.7387052 ], [ -70.4160371, 44.7386937 ], [ -70.4161779, 44.738674 ], [ -70.4163441, 44.7386269 ], [ -70.4165544, 44.7385433 ], [ -70.4166445, 44.7384971 ], [ -70.416787, 44.7383378 ], [ -70.416826, 44.7382833 ], [ -70.4168393, 44.7382472 ], [ -70.416917, 44.7381652 ], [ -70.4169945, 44.7381057 ], [ -70.417085, 44.7380281 ], [ -70.4171106, 44.7380097 ], [ -70.4171622, 44.7379911 ], [ -70.4172517, 44.737972 ], [ -70.417316, 44.7379847 ], [ -70.4173478, 44.7379933 ], [ -70.4173988, 44.7380287 ], [ -70.4174819, 44.7380546 ], [ -70.4176476, 44.7381471 ], [ -70.417654, 44.7381695 ], [ -70.4177241, 44.7382092 ], [ -70.4179029, 44.7382925 ], [ -70.4179794, 44.7383185 ], [ -70.4180564, 44.7383356 ], [ -70.4181579, 44.7384063 ], [ -70.4182533, 44.7384817 ], [ -70.418323, 44.7385888 ], [ -70.4183354, 44.7386247 ], [ -70.4183354, 44.7386427 ], [ -70.4183733, 44.7387052 ], [ -70.4184113, 44.7387453 ], [ -70.4184622, 44.7387897 ], [ -70.4184875, 44.7388073 ], [ -70.4185386, 44.7388337 ], [ -70.4188075, 44.7388844 ], [ -70.4188331, 44.7388841 ], [ -70.4189291, 44.7389009 ], [ -70.4190565, 44.7389623 ], [ -70.4190946, 44.7389888 ], [ -70.4191583, 44.7390601 ], [ -70.4192026, 44.7390955 ], [ -70.4193304, 44.7391705 ], [ -70.4194834, 44.7392316 ], [ -70.4196365, 44.7392792 ], [ -70.4197834, 44.7393449 ], [ -70.4198599, 44.7393889 ], [ -70.4199367, 44.739415 ], [ -70.4200129, 44.7394501 ], [ -70.4201088, 44.7395119 ], [ -70.4201343, 44.7395206 ], [ -70.4201599, 44.7395202 ], [ -70.4201854, 44.7395289 ], [ -70.4205101, 44.7397499 ], [ -70.4205807, 44.7397941 ], [ -70.4206314, 44.7398205 ], [ -70.4206824, 44.7398378 ], [ -70.4207594, 44.7398549 ], [ -70.4211049, 44.7399091 ], [ -70.4211241, 44.7399044 ], [ -70.4211862, 44.7399141 ], [ -70.4206277, 44.7400379 ], [ -70.4212026, 44.740029 ], [ -70.4214512, 44.7400763 ], [ -70.4216545, 44.7401998 ], [ -70.421999, 44.740313 ], [ -70.4223655, 44.7403672 ], [ -70.4226246, 44.740364 ], [ -70.4231132, 44.740106 ], [ -70.4233836, 44.7400858 ], [ -70.4236917, 44.7401576 ], [ -70.423906, 44.7402473 ], [ -70.4239915, 44.7403722 ], [ -70.4241108, 44.7404295 ], [ -70.4243362, 44.7404938 ], [ -70.4245505, 44.7405835 ], [ -70.4246722, 44.7407416 ], [ -70.4246532, 44.7409265 ], [ -70.4246108, 44.7411202 ], [ -70.4245804, 44.7413221 ], [ -70.4246079, 44.7414813 ], [ -70.424793, 44.7416034 ], [ -70.4283311, 44.7402405 ], [ -70.4266932, 44.7372415 ], [ -70.4240572, 44.7382274 ], [ -70.4222501, 44.7350585 ], [ -70.4314752, 44.731442 ], [ -70.4364556, 44.7400443 ], [ -70.4369947, 44.7398503 ], [ -70.4373382, 44.7395943 ], [ -70.4375175, 44.7393439 ], [ -70.4375967, 44.7388523 ], [ -70.4381192, 44.7383851 ], [ -70.4382365, 44.738319 ], [ -70.4383353, 44.7383268 ], [ -70.4387017, 44.738515 ], [ -70.4388964, 44.738539 ], [ -70.4393398, 44.7383143 ], [ -70.4396972, 44.737975 ], [ -70.4396636, 44.7377999 ], [ -70.4394045, 44.7375856 ], [ -70.4391163, 44.7374551 ], [ -70.4385376, 44.737349 ], [ -70.4382384, 44.7372221 ], [ -70.4381466, 44.7370957 ], [ -70.4381312, 44.7369339 ], [ -70.4380605, 44.7363719 ], [ -70.4381562, 44.7360613 ], [ -70.4383757, 44.7358686 ], [ -70.4391601, 44.7354816 ], [ -70.4397199, 44.7349838 ], [ -70.4400207, 44.7347962 ], [ -70.4402651, 44.7347863 ], [ -70.4407722, 44.7350725 ], [ -70.4415668, 44.7352886 ], [ -70.4420396, 44.7354869 ], [ -70.4423747, 44.7355302 ], [ -70.4429698, 44.7355081 ], [ -70.4432746, 44.7353891 ], [ -70.4439145, 44.7353267 ], [ -70.4442176, 44.735202 ], [ -70.4444654, 44.7350321 ], [ -70.445392, 44.7337303 ], [ -70.4460539, 44.7331161 ], [ -70.4458899, 44.7328198 ], [ -70.448311, 44.7321585 ], [ -70.448209, 44.73198 ], [ -70.4484457, 44.7319473 ], [ -70.4495001, 44.731139 ], [ -70.4498826, 44.7310348 ], [ -70.4504268, 44.7309983 ], [ -70.4506873, 44.7307397 ], [ -70.4508754, 44.7306912 ], [ -70.4512724, 44.7306551 ], [ -70.4516996, 44.730545 ], [ -70.4524879, 44.7304436 ], [ -70.4527609, 44.7303536 ], [ -70.4528865, 44.7302427 ], [ -70.453287, 44.7291366 ], [ -70.4534402, 44.7289184 ], [ -70.4538158, 44.7290083 ], [ -70.4544967, 44.7293711 ], [ -70.454785, 44.7294037 ], [ -70.4548746, 44.7293205 ], [ -70.4549122, 44.7291718 ], [ -70.4535355, 44.7278597 ], [ -70.4541676, 44.7275646 ], [ -70.4538334, 44.7265135 ], [ -70.4550372, 44.7254596 ], [ -70.4526288, 44.7248148 ], [ -70.4512636, 44.7232618 ], [ -70.4544159, 44.7218509 ], [ -70.4539182, 44.7196364 ], [ -70.4536041, 44.7196628 ], [ -70.4532891, 44.7196823 ], [ -70.4529733, 44.7196948 ], [ -70.4527394, 44.719699 ], [ -70.4523409, 44.719699 ], [ -70.4520248, 44.7196907 ], [ -70.4517093, 44.7196755 ], [ -70.4513946, 44.7196533 ], [ -70.451081, 44.7196242 ], [ -70.4507688, 44.7195882 ], [ -70.4504583, 44.7195454 ], [ -70.4501498, 44.7194957 ], [ -70.4498435, 44.7194393 ], [ -70.4495399, 44.7193762 ], [ -70.4492392, 44.7193065 ], [ -70.4489416, 44.7192302 ], [ -70.4486474, 44.7191473 ], [ -70.448357, 44.7190581 ], [ -70.4480706, 44.7189625 ], [ -70.4477885, 44.7188606 ], [ -70.4436709, 44.7173114 ], [ -70.4457881, 44.7164545 ], [ -70.4478286, 44.7156087 ], [ -70.4466299, 44.714907 ], [ -70.446064, 44.7145491 ], [ -70.4443152, 44.7153966 ], [ -70.4431318, 44.7158422 ], [ -70.4418355, 44.7165043 ], [ -70.4409734, 44.7166743 ], [ -70.4372786, 44.7112144 ], [ -70.4304442, 44.713952 ], [ -70.4295482, 44.714347 ], [ -70.4287272, 44.7145913 ], [ -70.4230448, 44.7167869 ], [ -70.4220457, 44.716061 ], [ -70.421818, 44.7164061 ], [ -70.4216128, 44.7166453 ], [ -70.420758, 44.7176136 ], [ -70.4198484, 44.7159843 ], [ -70.4205545, 44.7157743 ], [ -70.4204169, 44.7156122 ], [ -70.4212601, 44.715081 ], [ -70.4216099, 44.7153597 ], [ -70.4220752, 44.7151569 ], [ -70.4201536, 44.711687 ], [ -70.4183756, 44.7127134 ], [ -70.4189671, 44.7132152 ], [ -70.4191271, 44.7133459 ], [ -70.417784, 44.7136887 ], [ -70.4175485, 44.7133419 ], [ -70.4113868, 44.7151158 ], [ -70.4084112, 44.7098737 ], [ -70.4037979, 44.7117837 ], [ -70.4025246, 44.7123235 ], [ -70.4001604, 44.7079067 ], [ -70.39962, 44.7069113 ], [ -70.3909678, 44.7104617 ] ] ] ] } },
{ "type": "Feature", "properties": { "osm_type": "relation", "id": 18017213, "boundary": "national_park", "state": "Maine", "name": "Grafton Notch State Park", "wikipedia": "en:Grafton Notch State Park", "leisure": "nature_reserve" }, "geometry": { "type": "MultiPolygon", "coordinates": [ [ [ [ -70.8982466, 44.576579 ], [ -70.8992076, 44.576464 ], [ -70.9007264, 44.5758445 ], [ -70.9008976, 44.5747434 ], [ -70.9066371, 44.5739776 ], [ -70.9136444, 44.5765254 ], [ -70.9145953, 44.5788768 ], [ -70.917839, 44.5819732 ], [ -70.9179796, 44.5834473 ], [ -70.9198117, 44.5846678 ], [ -70.9210816, 44.584858 ], [ -70.9222258, 44.5853069 ], [ -70.922649, 44.5857004 ], [ -70.9242866, 44.5886796 ], [ -70.9328346, 44.5867207 ], [ -70.9347617, 44.5878719 ], [ -70.9361523, 44.6018742 ], [ -70.9428953, 44.6008684 ], [ -70.9436198, 44.6100881 ], [ -70.9367839, 44.6112215 ], [ -70.937111, 44.6161298 ], [ -70.9312169, 44.6167788 ], [ -70.9313451, 44.6200206 ], [ -70.9543184, 44.6172142 ], [ -70.9609261, 44.6163735 ], [ -70.9606436, 44.6159788 ], [ -70.9605077, 44.6157888 ], [ -70.950967, 44.6024539 ], [ -70.9508808, 44.6023334 ], [ -70.9498418, 44.600881 ], [ -70.9550458, 44.593248 ], [ -70.954857, 44.5928326 ], [ -70.9550102, 44.5921863 ], [ -70.9552869, 44.5917629 ], [ -70.9556066, 44.5917394 ], [ -70.9557427, 44.591467 ], [ -70.9562886, 44.5912506 ], [ -70.9570758, 44.5912776 ], [ -70.9578386, 44.5914491 ], [ -70.95849, 44.591771 ], [ -70.9590214, 44.5919915 ], [ -70.9596367, 44.592107 ], [ -70.9603057, 44.5920955 ], [ -70.9609083, 44.5918331 ], [ -70.9614464, 44.5913872 ], [ -70.9618047, 44.5907779 ], [ -70.9621299, 44.5899846 ], [ -70.9621804, 44.5898352 ], [ -70.9625583, 44.5889554 ], [ -70.9629608, 44.5879312 ], [ -70.9629633, 44.5862882 ], [ -70.96309, 44.5857234 ], [ -70.9632991, 44.5850131 ], [ -70.9637996, 44.5843158 ], [ -70.9642773, 44.5838079 ], [ -70.9644636, 44.5832781 ], [ -70.9644662, 44.5828742 ], [ -70.9644682, 44.5825578 ], [ -70.9642449, 44.581981 ], [ -70.963811, 44.5811962 ], [ -70.9635424, 44.5807597 ], [ -70.9616837, 44.5794008 ], [ -70.9596715, 44.5784181 ], [ -70.9591041, 44.5779912 ], [ -70.9589183, 44.5776613 ], [ -70.9588674, 44.577014 ], [ -70.9589757, 44.575036 ], [ -70.9592523, 44.5737439 ], [ -70.9594415, 44.5732596 ], [ -70.9595475, 44.5730581 ], [ -70.9598175, 44.5723181 ], [ -70.9599875, 44.5717581 ], [ -70.9597775, 44.5713382 ], [ -70.9592975, 44.5713481 ], [ -70.9587075, 44.5715182 ], [ -70.9580175, 44.5716482 ], [ -70.9572774, 44.5717182 ], [ -70.9566175, 44.5717582 ], [ -70.9561075, 44.5716782 ], [ -70.9553875, 44.5714982 ], [ -70.9549254, 44.5712903 ], [ -70.9544478, 44.5708344 ], [ -70.9540873, 44.5705183 ], [ -70.9537174, 44.5703783 ], [ -70.9532173, 44.5704383 ], [ -70.9531974, 44.5711383 ], [ -70.9532034, 44.5711783 ], [ -70.9532243, 44.5717303 ], [ -70.9532174, 44.5718983 ], [ -70.9530874, 44.5722583 ], [ -70.9529274, 44.5726783 ], [ -70.9527527, 44.5728609 ], [ -70.9527073, 44.5729077 ], [ -70.9526818, 44.5729304 ], [ -70.9520448, 44.5735616 ], [ -70.9517091, 44.5739092 ], [ -70.9515438, 44.5740856 ], [ -70.9515103, 44.5741233 ], [ -70.9511664, 44.5744682 ], [ -70.9509043, 44.5747313 ], [ -70.9503603, 44.5753293 ], [ -70.9498643, 44.5758732 ], [ -70.9493222, 44.5764162 ], [ -70.9485852, 44.5767903 ], [ -70.9480682, 44.5770363 ], [ -70.9474112, 44.5773233 ], [ -70.9465822, 44.5777073 ], [ -70.9459401, 44.5779833 ], [ -70.9453782, 44.5782063 ], [ -70.9444901, 44.5785014 ], [ -70.9439771, 44.5786363 ], [ -70.9437581, 44.5787093 ], [ -70.9433231, 44.5788133 ], [ -70.9428421, 44.5789154 ], [ -70.9415051, 44.5788064 ], [ -70.939951, 44.5787034 ], [ -70.938989, 44.5784345 ], [ -70.9383187, 44.5780084 ], [ -70.9380135, 44.5778144 ], [ -70.9365069, 44.5768575 ], [ -70.9329378, 44.5795425 ], [ -70.9259207, 44.5748619 ], [ -70.9231956, 44.572422 ], [ -70.9224427, 44.5716707 ], [ -70.9201087, 44.5693123 ], [ -70.9177515, 44.5669892 ], [ -70.9151724, 44.5673418 ], [ -70.8999471, 44.5694231 ], [ -70.8999486, 44.5694342 ], [ -70.8998941, 44.5694417 ], [ -70.8997161, 44.5658988 ], [ -70.8808133, 44.568602 ], [ -70.8811019, 44.5730503 ], [ -70.8871402, 44.5721997 ], [ -70.8874751, 44.5766586 ], [ -70.897037, 44.5754153 ], [ -70.8967047, 44.576258 ], [ -70.8982466, 44.576579 ] ] ] ] } },
{ "type": "Feature", "properties": { "osm_type": "way", "id": 142811955, "boundary": null, "state": "Maine", "name": "Wolfe's Neck Woods State Park", "wikipedia": "en:Wolfe's Neck Woods State Park", "leisure": "nature_reserve" }, "geometry": { "type": "Polygon", "coordinates": [ [ [ -70.0846645, 43.826801 ], [ -70.0847772, 43.8265838 ], [ -70.0848977, 43.8264116 ], [ -70.085161, 43.826058 ], [ -70.0853267, 43.8258943 ], [ -70.0836812, 43.8250546 ], [ -70.0822167, 43.8265766 ], [ -70.0812228, 43.8262484 ], [ -70.0811813, 43.8262488 ], [ -70.0811733, 43.8258077 ], [ -70.0811416, 43.8255829 ], [ -70.0811706, 43.82529 ], [ -70.0812375, 43.8250147 ], [ -70.0814247, 43.8245808 ], [ -70.0815805, 43.823868 ], [ -70.0815872, 43.8237194 ], [ -70.0815563, 43.8236206 ], [ -70.0813577, 43.8232984 ], [ -70.0812806, 43.8231415 ], [ -70.0812651, 43.8230336 ], [ -70.0813328, 43.822934 ], [ -70.0815667, 43.8227787 ], [ -70.081595, 43.8223642 ], [ -70.0815387, 43.8217435 ], [ -70.0814998, 43.8215278 ], [ -70.0814078, 43.8213801 ], [ -70.0812634, 43.8213049 ], [ -70.0811868, 43.8212156 ], [ -70.0812087, 43.8210308 ], [ -70.0812537, 43.8209179 ], [ -70.0813749, 43.8208492 ], [ -70.0815406, 43.8206676 ], [ -70.0816696, 43.8206213 ], [ -70.0821841, 43.8203193 ], [ -70.0823647, 43.8201015 ], [ -70.0825461, 43.8199422 ], [ -70.0826808, 43.8195943 ], [ -70.0830589, 43.8192936 ], [ -70.0833528, 43.8189352 ], [ -70.083784, 43.818688 ], [ -70.0839885, 43.818632 ], [ -70.0842391, 43.8186071 ], [ -70.0846794, 43.8186705 ], [ -70.0849301, 43.8187401 ], [ -70.0850515, 43.818703 ], [ -70.0852933, 43.8185386 ], [ -70.0858683, 43.818254 ], [ -70.0863988, 43.8180869 ], [ -70.0868161, 43.8180604 ], [ -70.0872868, 43.81811 ], [ -70.0875066, 43.8181034 ], [ -70.088022, 43.8179814 ], [ -70.0882715, 43.817835 ], [ -70.0884599, 43.8176171 ], [ -70.0889811, 43.817153 ], [ -70.0891021, 43.8170978 ], [ -70.0893161, 43.8170507 ], [ -70.0894219, 43.8171848 ], [ -70.0892218, 43.8172272 ], [ -70.0891003, 43.8172734 ], [ -70.0888808, 43.8174736 ], [ -70.0887129, 43.8177273 ], [ -70.0889507, 43.8179411 ], [ -70.0896968, 43.8175108 ], [ -70.0897552, 43.8175823 ], [ -70.0898966, 43.8175179 ], [ -70.0901146, 43.8178985 ], [ -70.0902211, 43.818028 ], [ -70.0902673, 43.8181581 ], [ -70.0902763, 43.8182256 ], [ -70.09071, 43.8179693 ], [ -70.0915241, 43.8185063 ], [ -70.0929518, 43.8189698 ], [ -70.0936049, 43.8200867 ], [ -70.0939455, 43.8206691 ], [ -70.0940697, 43.8208814 ], [ -70.0940327, 43.8210709 ], [ -70.0940867, 43.8212369 ], [ -70.0941861, 43.821344 ], [ -70.0944446, 43.8214721 ], [ -70.0944527, 43.8215755 ], [ -70.0939161, 43.8219633 ], [ -70.0936973, 43.8221545 ], [ -70.0935621, 43.8224304 ], [ -70.0933908, 43.8230128 ], [ -70.0932098, 43.8232306 ], [ -70.0930378, 43.8237275 ], [ -70.0929093, 43.8237782 ], [ -70.09278, 43.823784 ], [ -70.0926359, 43.8237448 ], [ -70.0924308, 43.8237513 ], [ -70.0922112, 43.8237939 ], [ -70.0920298, 43.8239262 ], [ -70.0919698, 43.8240888 ], [ -70.0920386, 43.8242187 ], [ -70.0922829, 43.8244415 ], [ -70.0923824, 43.8246116 ], [ -70.0926192, 43.8248975 ], [ -70.0926503, 43.8250457 ], [ -70.0926207, 43.8251721 ], [ -70.092553, 43.8252943 ], [ -70.0919871, 43.8259299 ], [ -70.0918375, 43.8262735 ], [ -70.0917316, 43.826351 ], [ -70.0914362, 43.8264979 ], [ -70.0912851, 43.8266074 ], [ -70.0911954, 43.8268469 ], [ -70.0910973, 43.8269648 ], [ -70.0908175, 43.8271161 ], [ -70.0905728, 43.8272068 ], [ -70.0898093, 43.8277809 ], [ -70.0894988, 43.8279649 ], [ -70.0892288, 43.8280631 ], [ -70.0890922, 43.8281184 ], [ -70.0887741, 43.8281935 ], [ -70.0886227, 43.828267 ], [ -70.0885195, 43.8287046 ], [ -70.0846645, 43.826801 ] ] ] } },
{ "type": "Feature", "properties": { "osm_type": "way", "id": 231337521, "boundary": null, "state": "Maine", "name": "Two Lights State Park", "wikipedia": null, "leisure": "park" }, "geometry": { "type": "Polygon", "coordinates": [ [ [ -70.2085628, 43.5597949 ], [ -70.2095279, 43.5601843 ], [ -70.2096418, 43.5602453 ], [ -70.2105625, 43.5605924 ], [ -70.2099023, 43.5606669 ], [ -70.2058445, 43.5623125 ], [ -70.2050478, 43.562553 ], [ -70.204933, 43.5625877 ], [ -70.2033192, 43.5612946 ], [ -70.202134, 43.5605327 ], [ -70.2025877, 43.5600958 ], [ -70.2029189, 43.5597923 ], [ -70.2033297, 43.5593839 ], [ -70.203881, 43.5588386 ], [ -70.2042527, 43.5585025 ], [ -70.2046528, 43.5583009 ], [ -70.2047169, 43.5581826 ], [ -70.2050271, 43.5581467 ], [ -70.2055035, 43.5581076 ], [ -70.2056984, 43.5581253 ], [ -70.2061028, 43.557952 ], [ -70.2062778, 43.5580747 ], [ -70.2061463, 43.5582587 ], [ -70.2062501, 43.5583667 ], [ -70.2065292, 43.5583577 ], [ -70.2070724, 43.5582864 ], [ -70.207464, 43.558348 ], [ -70.2079912, 43.5584078 ], [ -70.2084783, 43.5592098 ], [ -70.2085628, 43.5597949 ] ] ] } },
{ "type": "Feature", "properties": { "osm_type": "way", "id": 301765881, "boundary": "national_park", "state": "Maine", "name": "Peaks-Kenny State Park", "wikipedia": null, "leisure": null }, "geometry": { "type": "Polygon", "coordinates": [ [ [ -69.2928325, 45.2712224 ], [ -69.2888805, 45.2714119 ], [ -69.2890978, 45.2730061 ], [ -69.2683284, 45.2642098 ], [ -69.2669246, 45.2590736 ], [ -69.2637051, 45.2594887 ], [ -69.2553597, 45.2578771 ], [ -69.2546279, 45.2571776 ], [ -69.2540838, 45.2570211 ], [ -69.252857, 45.2569016 ], [ -69.2540607, 45.2560161 ], [ -69.2636665, 45.2577874 ], [ -69.2782408, 45.2555863 ], [ -69.2971664, 45.2525954 ], [ -69.3007627, 45.2656615 ], [ -69.3005508, 45.265856 ], [ -69.3000718, 45.2656721 ], [ -69.2996711, 45.265253 ], [ -69.2989104, 45.2648366 ], [ -69.2980226, 45.264698 ], [ -69.2971916, 45.264718 ], [ -69.2962963, 45.2646146 ], [ -69.2956386, 45.2648876 ], [ -69.2956113, 45.2652417 ], [ -69.2949343, 45.2651235 ], [ -69.2943555, 45.2654985 ], [ -69.295121, 45.2659517 ], [ -69.2938024, 45.2655959 ], [ -69.2929398, 45.2649612 ], [ -69.2914837, 45.2650626 ], [ -69.2911663, 45.2648332 ], [ -69.2907479, 45.2644594 ], [ -69.2901964, 45.2641117 ], [ -69.2898295, 45.2638719 ], [ -69.2898483, 45.263688 ], [ -69.2893617, 45.2634169 ], [ -69.2885844, 45.262692 ], [ -69.2881617, 45.2622699 ], [ -69.2876773, 45.2621581 ], [ -69.2873678, 45.261853 ], [ -69.2870757, 45.261529 ], [ -69.2868429, 45.2615526 ], [ -69.286518, 45.2615872 ], [ -69.286035, 45.2617682 ], [ -69.2858267, 45.2618949 ], [ -69.2854548, 45.2621211 ], [ -69.2850477, 45.2623672 ], [ -69.2854409, 45.2634147 ], [ -69.2851224, 45.2641811 ], [ -69.2847604, 45.2644387 ], [ -69.284582, 45.2652087 ], [ -69.2842188, 45.2652097 ], [ -69.2842161, 45.2646965 ], [ -69.2824502, 45.2646456 ], [ -69.2818462, 45.264661 ], [ -69.2824062, 45.2652512 ], [ -69.2821316, 45.2663283 ], [ -69.2824438, 45.2667984 ], [ -69.2827744, 45.2670089 ], [ -69.283654, 45.2671763 ], [ -69.285143, 45.2682858 ], [ -69.2855364, 45.2688451 ], [ -69.2858775, 45.269129 ], [ -69.2887657, 45.269545 ], [ -69.2898284, 45.2699973 ], [ -69.2905435, 45.2702468 ], [ -69.2909668, 45.2702049 ], [ -69.2915729, 45.2704892 ], [ -69.2926045, 45.2708898 ], [ -69.2928325, 45.2712224 ] ] ] } },
{ "type": "Feature", "properties": { "osm_type": "way", "id": 406087079, "boundary": null, "state": "Maine", "name": "Swan Lake State Park", "wikipedia": "en:Swan Lake State Park", "leisure": "park" }, "geometry": { "type": "Polygon", "coordinates": [ [ [ -68.9806815, 44.5626111 ], [ -68.9824203, 44.5654851 ], [ -68.9806457, 44.5661671 ], [ -68.9832049, 44.5699499 ], [ -68.984387, 44.571361 ], [ -68.9840032, 44.5715114 ], [ -68.9833381, 44.571772 ], [ -68.9824963, 44.5721019 ], [ -68.9818412, 44.5723585 ], [ -68.9771424, 44.5668133 ], [ -68.9768245, 44.5653285 ], [ -68.9768245, 44.5651068 ], [ -68.9767977, 44.5645679 ], [ -68.9766904, 44.5644495 ], [ -68.9766475, 44.5640749 ], [ -68.9766797, 44.5635398 ], [ -68.9766958, 44.5632837 ], [ -68.9767763, 44.5631347 ], [ -68.9770498, 44.5630735 ], [ -68.9773395, 44.5631309 ], [ -68.9776024, 44.563257 ], [ -68.9779618, 44.5634787 ], [ -68.9784178, 44.5636354 ], [ -68.9788576, 44.5637233 ], [ -68.9792439, 44.5637271 ], [ -68.979555, 44.5635589 ], [ -68.9799574, 44.5632761 ], [ -68.9801129, 44.563043 ], [ -68.9803704, 44.5628251 ], [ -68.9806815, 44.5626111 ] ] ] } },
{ "type": "Feature", "properties": { "osm_type": "way", "id": 497963503, "boundary": null, "state": "Maine", "name": "Sebago Lake State Park", "wikipedia": null, "leisure": "nature_reserve" }, "geometry": { "type": "Polygon", "coordinates": [ [ [ -70.5752252, 43.914974 ], [ -70.5753713, 43.9150232 ], [ -70.5755272, 43.9151074 ], [ -70.5756928, 43.9151846 ], [ -70.5757902, 43.9152056 ], [ -70.5758973, 43.9151986 ], [ -70.5759948, 43.9151776 ], [ -70.5761993, 43.9151004 ], [ -70.5765208, 43.914967 ], [ -70.5771637, 43.9147284 ], [ -70.5772514, 43.9147144 ], [ -70.5772709, 43.9147635 ], [ -70.577154, 43.9148407 ], [ -70.576628, 43.9150302 ], [ -70.576628, 43.9150793 ], [ -70.5768746, 43.9151649 ], [ -70.5770276, 43.9152258 ], [ -70.5772904, 43.9152688 ], [ -70.5774852, 43.9152688 ], [ -70.5777775, 43.9152056 ], [ -70.5779528, 43.9151776 ], [ -70.5782061, 43.9151074 ], [ -70.578547, 43.9148968 ], [ -70.5785958, 43.9148828 ], [ -70.5786445, 43.9148898 ], [ -70.5786932, 43.914946 ], [ -70.5786639, 43.9150653 ], [ -70.5785958, 43.9151635 ], [ -70.5783717, 43.9153951 ], [ -70.5781769, 43.9156056 ], [ -70.5780794, 43.915753 ], [ -70.5780015, 43.9158933 ], [ -70.5779918, 43.9160056 ], [ -70.578021, 43.9161109 ], [ -70.5780892, 43.9162161 ], [ -70.5781866, 43.9164056 ], [ -70.5782353, 43.916581 ], [ -70.5782743, 43.9166933 ], [ -70.5784399, 43.9167354 ], [ -70.5788288, 43.9167491 ], [ -70.5785777, 43.9169782 ], [ -70.578631, 43.9169992 ], [ -70.5786798, 43.9170254 ], [ -70.578693, 43.9170375 ], [ -70.5787265, 43.9170567 ], [ -70.5787665, 43.9170676 ], [ -70.5787877, 43.9170696 ], [ -70.5788285, 43.917098 ], [ -70.5788735, 43.9171227 ], [ -70.5789744, 43.9171644 ], [ -70.5790164, 43.9171951 ], [ -70.5790608, 43.9172138 ], [ -70.5791084, 43.9172276 ], [ -70.5791583, 43.9172362 ], [ -70.5792094, 43.9172396 ], [ -70.5796291, 43.9172281 ], [ -70.5796941, 43.9172234 ], [ -70.5797594, 43.9172258 ], [ -70.5798235, 43.9172353 ], [ -70.5798848, 43.9172517 ], [ -70.5799449, 43.9172602 ], [ -70.5799984, 43.9172818 ], [ -70.58004, 43.9173143 ], [ -70.580055, 43.9173337 ], [ -70.5800577, 43.917391 ], [ -70.5800753, 43.9174714 ], [ -70.5800767, 43.9175242 ], [ -70.5800707, 43.9175768 ], [ -70.580052, 43.9176585 ], [ -70.5800383, 43.917766 ], [ -70.5800145, 43.9178131 ], [ -70.5799951, 43.9178339 ], [ -70.5799828, 43.9178779 ], [ -70.5799619, 43.9179202 ], [ -70.5799329, 43.9179598 ], [ -70.5798964, 43.9179961 ], [ -70.5832068, 43.9176382 ], [ -70.5838066, 43.9175782 ], [ -70.5839892, 43.9175417 ], [ -70.5859452, 43.9172937 ], [ -70.5861665, 43.9169097 ], [ -70.586245, 43.9168112 ], [ -70.586414, 43.9166232 ], [ -70.5865092, 43.9165287 ], [ -70.5866489, 43.9164549 ], [ -70.5867215, 43.9164208 ], [ -70.5868416, 43.9163726 ], [ -70.5869418, 43.9163388 ], [ -70.5870448, 43.9163094 ], [ -70.5871773, 43.9162791 ], [ -70.5873013, 43.9162576 ], [ -70.5874326, 43.916242 ], [ -70.5885844, 43.9161369 ], [ -70.5885522, 43.9162115 ], [ -70.5888136, 43.9162032 ], [ -70.591135, 43.9144448 ], [ -70.5911719, 43.9144581 ], [ -70.5914147, 43.9144547 ], [ -70.5916269, 43.9144427 ], [ -70.5919456, 43.9144428 ], [ -70.5926279, 43.9143972 ], [ -70.592848, 43.9143897 ], [ -70.5933328, 43.9143559 ], [ -70.5935297, 43.9143261 ], [ -70.5938694, 43.9142359 ], [ -70.5942396, 43.9141497 ], [ -70.5945269, 43.9141097 ], [ -70.5947624, 43.9141109 ], [ -70.5948931, 43.9141946 ], [ -70.5951489, 43.9144431 ], [ -70.5953481, 43.9145439 ], [ -70.5955089, 43.9146046 ], [ -70.5956856, 43.9147057 ], [ -70.595855, 43.9148249 ], [ -70.595995, 43.9149805 ], [ -70.5960803, 43.9150874 ], [ -70.5961813, 43.915194 ], [ -70.5963371, 43.9153899 ], [ -70.5964538, 43.9155188 ], [ -70.5965846, 43.915607 ], [ -70.5966612, 43.9156465 ], [ -70.5967985, 43.9156715 ], [ -70.5970028, 43.9156417 ], [ -70.5972376, 43.9156159 ], [ -70.5974878, 43.9155989 ], [ -70.5979422, 43.915561 ], [ -70.5987519, 43.9154371 ], [ -70.5990834, 43.9153155 ], [ -70.5997709, 43.9151618 ], [ -70.6000964, 43.9151212 ], [ -70.6005806, 43.9150334 ], [ -70.6010489, 43.9149233 ], [ -70.6013277, 43.9148384 ], [ -70.6014493, 43.9148457 ], [ -70.6015567, 43.9148892 ], [ -70.6017001, 43.9149579 ], [ -70.601878, 43.9150962 ], [ -70.6019094, 43.9151498 ], [ -70.6019412, 43.9152169 ], [ -70.6019333, 43.9152994 ], [ -70.6009192, 43.9165746 ], [ -70.6007048, 43.9167333 ], [ -70.6005224, 43.917087 ], [ -70.6004635, 43.9171688 ], [ -70.6003425, 43.917202 ], [ -70.6002592, 43.9171987 ], [ -70.6001427, 43.9170788 ], [ -70.6000055, 43.9170582 ], [ -70.5999846, 43.917135 ], [ -70.5999258, 43.9172349 ], [ -70.5997782, 43.9177997 ], [ -70.5997726, 43.9178943 ], [ -70.599786, 43.9179996 ], [ -70.5974528, 43.9209332 ], [ -70.595714, 43.9232015 ], [ -70.593579, 43.9217448 ], [ -70.5895518, 43.9269512 ], [ -70.5869351, 43.9303107 ], [ -70.5877977, 43.9311992 ], [ -70.5888634, 43.9322042 ], [ -70.5877288, 43.9320759 ], [ -70.5868008, 43.932196 ], [ -70.5861087, 43.9321996 ], [ -70.5851636, 43.9319865 ], [ -70.5843737, 43.9317235 ], [ -70.5834913, 43.9317 ], [ -70.5828484, 43.9313813 ], [ -70.5824219, 43.931149 ], [ -70.5818505, 43.9310438 ], [ -70.5811903, 43.9310053 ], [ -70.5806073, 43.9315478 ], [ -70.5805361, 43.9314504 ], [ -70.5804475, 43.9313565 ], [ -70.5803531, 43.9312781 ], [ -70.5802302, 43.9312108 ], [ -70.5801165, 43.9311623 ], [ -70.5800338, 43.9311409 ], [ -70.5799573, 43.9311282 ], [ -70.5798863, 43.931122 ], [ -70.5797618, 43.9311211 ], [ -70.579688, 43.931127 ], [ -70.5794815, 43.9311597 ], [ -70.5792921, 43.9311993 ], [ -70.5792186, 43.9312164 ], [ -70.5783985, 43.9314542 ], [ -70.5782739, 43.931363 ], [ -70.5745211, 43.9301768 ], [ -70.5744554, 43.930191 ], [ -70.574393, 43.9302115 ], [ -70.574335, 43.9302379 ], [ -70.5742824, 43.9302696 ], [ -70.5742363, 43.9303063 ], [ -70.5741849, 43.930362 ], [ -70.5741834, 43.9307138 ], [ -70.5744946, 43.9307147 ], [ -70.5747125, 43.9307921 ], [ -70.5749927, 43.9309185 ], [ -70.5752392, 43.9310803 ], [ -70.5753869, 43.9312617 ], [ -70.5755028, 43.931468 ], [ -70.5756195, 43.9317626 ], [ -70.5757629, 43.9319672 ], [ -70.5757865, 43.9320713 ], [ -70.5757413, 43.9321607 ], [ -70.5757189, 43.9322542 ], [ -70.5756641, 43.9322759 ], [ -70.5755611, 43.9322779 ], [ -70.5754119, 43.9322222 ], [ -70.5752741, 43.9321615 ], [ -70.5751228, 43.9321289 ], [ -70.5749763, 43.9321245 ], [ -70.5748344, 43.93213 ], [ -70.5746357, 43.9322068 ], [ -70.5744463, 43.9322901 ], [ -70.5741509, 43.9325457 ], [ -70.5740837, 43.9326864 ], [ -70.5740193, 43.9329116 ], [ -70.5740518, 43.9329941 ], [ -70.5741162, 43.9330658 ], [ -70.5743462, 43.933237 ], [ -70.5745444, 43.9333397 ], [ -70.5747129, 43.933387 ], [ -70.5748176, 43.9334585 ], [ -70.5748442, 43.9335354 ], [ -70.5748068, 43.9336177 ], [ -70.5747244, 43.9336864 ], [ -70.574469, 43.9337472 ], [ -70.573954, 43.9337647 ], [ -70.5735174, 43.9339035 ], [ -70.5733284, 43.9339744 ], [ -70.5730803, 43.9340522 ], [ -70.5729986, 43.9340755 ], [ -70.5728897, 43.934093 ], [ -70.572733, 43.9340405 ], [ -70.5726285, 43.9339895 ], [ -70.5725189, 43.9339009 ], [ -70.5724096, 43.9338397 ], [ -70.5720753, 43.9337981 ], [ -70.5718739, 43.93378 ], [ -70.5717697, 43.9337821 ], [ -70.5716633, 43.9338116 ], [ -70.5715572, 43.9338855 ], [ -70.5714515, 43.9340228 ], [ -70.5714166, 43.9341136 ], [ -70.5713933, 43.9343005 ], [ -70.5713899, 43.9344973 ], [ -70.5714026, 43.9346273 ], [ -70.5715313, 43.9347484 ], [ -70.5716601, 43.9348865 ], [ -70.5719118, 43.9349763 ], [ -70.5720731, 43.9350117 ], [ -70.5722728, 43.9350769 ], [ -70.5725971, 43.9352474 ], [ -70.5726797, 43.9353493 ], [ -70.5727162, 43.9354506 ], [ -70.572691, 43.9355774 ], [ -70.5725946, 43.9356769 ], [ -70.5723711, 43.9358226 ], [ -70.572359, 43.9358989 ], [ -70.5722459, 43.93599 ], [ -70.5720449, 43.9360352 ], [ -70.5718603, 43.9360581 ], [ -70.5716517, 43.9360434 ], [ -70.5714263, 43.9359912 ], [ -70.5711509, 43.9358963 ], [ -70.5708968, 43.9357894 ], [ -70.5707814, 43.9357144 ], [ -70.5707193, 43.935641 ], [ -70.5706, 43.9355165 ], [ -70.570469, 43.9354041 ], [ -70.5703146, 43.9353396 ], [ -70.5701604, 43.9353042 ], [ -70.5699851, 43.9353048 ], [ -70.5697748, 43.9353723 ], [ -70.5696, 43.9354499 ], [ -70.5694285, 43.9355117 ], [ -70.5687671, 43.9351478 ], [ -70.5693856, 43.9347099 ], [ -70.5696263, 43.9345144 ], [ -70.57009, 43.9338672 ], [ -70.5702848, 43.9335817 ], [ -70.5702584, 43.9335081 ], [ -70.5702589, 43.9333493 ], [ -70.5703132, 43.9332465 ], [ -70.5702878, 43.9331105 ], [ -70.5702966, 43.9330508 ], [ -70.5703493, 43.9329455 ], [ -70.570338, 43.9328518 ], [ -70.5702949, 43.9328122 ], [ -70.5702317, 43.9327096 ], [ -70.569891, 43.9325507 ], [ -70.5696802, 43.9328376 ], [ -70.5694051, 43.9333177 ], [ -70.5687265, 43.9331736 ], [ -70.5677635, 43.9347414 ], [ -70.5617687, 43.9315607 ], [ -70.5634862, 43.9298502 ], [ -70.5652799, 43.928181 ], [ -70.5641329, 43.9247171 ], [ -70.5561211, 43.9200979 ], [ -70.5596669, 43.9156278 ], [ -70.5563104, 43.9138565 ], [ -70.5571666, 43.9127547 ], [ -70.5572432, 43.9127203 ], [ -70.5573944, 43.9126288 ], [ -70.5574729, 43.9126161 ], [ -70.5575126, 43.9125988 ], [ -70.5575641, 43.9125668 ], [ -70.5576135, 43.9125611 ], [ -70.5576533, 43.9125439 ], [ -70.5576714, 43.912522 ], [ -70.5576723, 43.9124917 ], [ -70.5576375, 43.9124303 ], [ -70.5576061, 43.9123938 ], [ -70.5576058, 43.9123549 ], [ -70.5576585, 43.9123438 ], [ -70.5576854, 43.9123445 ], [ -70.5577331, 43.9123926 ], [ -70.5577677, 43.9124205 ], [ -70.5578184, 43.9124366 ], [ -70.5579142, 43.9124309 ], [ -70.557995, 43.9124111 ], [ -70.5580551, 43.9123875 ], [ -70.5581087, 43.9123554 ], [ -70.5581141, 43.9123242 ], [ -70.5581515, 43.9122859 ], [ -70.558197, 43.9122544 ], [ -70.5582796, 43.9122121 ], [ -70.5584146, 43.9121136 ], [ -70.5584304, 43.9120622 ], [ -70.558402, 43.9119923 ], [ -70.5583402, 43.911931 ], [ -70.5583713, 43.9118837 ], [ -70.5584146, 43.9117676 ], [ -70.5584751, 43.9116305 ], [ -70.5584874, 43.9115402 ], [ -70.5585067, 43.911497 ], [ -70.5585407, 43.9114393 ], [ -70.5585606, 43.9113568 ], [ -70.5585105, 43.911269 ], [ -70.5584522, 43.9112404 ], [ -70.5583828, 43.9111866 ], [ -70.5582813, 43.9111488 ], [ -70.5581639, 43.911129 ], [ -70.5580595, 43.9111402 ], [ -70.5579513, 43.9111124 ], [ -70.5578622, 43.9109867 ], [ -70.5578359, 43.9109183 ], [ -70.5578316, 43.9108114 ], [ -70.5578612, 43.9107249 ], [ -70.5578585, 43.9106235 ], [ -70.5578763, 43.9105495 ], [ -70.5579275, 43.9104879 ], [ -70.5579855, 43.910447 ], [ -70.5579999, 43.9103427 ], [ -70.5579738, 43.9101358 ], [ -70.5580173, 43.9100264 ], [ -70.5580307, 43.9099454 ], [ -70.5581063, 43.9097612 ], [ -70.5581654, 43.9096539 ], [ -70.5582383, 43.9095425 ], [ -70.5583678, 43.9094622 ], [ -70.5584719, 43.9093775 ], [ -70.5586114, 43.9092319 ], [ -70.5586743, 43.9090556 ], [ -70.5587781, 43.9089285 ], [ -70.5589832, 43.9086972 ], [ -70.5591507, 43.9087023 ], [ -70.5592456, 43.908804 ], [ -70.5593643, 43.9089606 ], [ -70.559488, 43.9090774 ], [ -70.5597168, 43.9092581 ], [ -70.559953, 43.9093556 ], [ -70.5603248, 43.9095438 ], [ -70.5606515, 43.9096497 ], [ -70.5610413, 43.909743 ], [ -70.5612, 43.9097648 ], [ -70.5614239, 43.9097694 ], [ -70.5615815, 43.9097476 ], [ -70.5617004, 43.9096888 ], [ -70.5617363, 43.9096193 ], [ -70.5617145, 43.909566 ], [ -70.5638666, 43.9094895 ], [ -70.5640593, 43.9094767 ], [ -70.5644157, 43.9094674 ], [ -70.5644405, 43.9094517 ], [ -70.5644615, 43.909429 ], [ -70.564545, 43.9093743 ], [ -70.5646188, 43.9093489 ], [ -70.5646585, 43.9093419 ], [ -70.5646862, 43.9093416 ], [ -70.5647348, 43.9093515 ], [ -70.5647781, 43.9093761 ], [ -70.5647347, 43.9093972 ], [ -70.5647081, 43.9094326 ], [ -70.5646989, 43.9094952 ], [ -70.5646982, 43.9095586 ], [ -70.5647361, 43.9096384 ], [ -70.5648276, 43.9097276 ], [ -70.5649317, 43.9097922 ], [ -70.565164, 43.9099074 ], [ -70.5653532, 43.9099632 ], [ -70.565745, 43.9100515 ], [ -70.566286, 43.9101386 ], [ -70.5665681, 43.9101795 ], [ -70.5669243, 43.9102192 ], [ -70.5672715, 43.9102505 ], [ -70.568132, 43.9103087 ], [ -70.5684013, 43.9103308 ], [ -70.5691531, 43.9103567 ], [ -70.569932, 43.9103982 ], [ -70.5708899, 43.9104349 ], [ -70.571692, 43.9104904 ], [ -70.5724113, 43.9105628 ], [ -70.5725666, 43.9105985 ], [ -70.572647, 43.9107311 ], [ -70.5726569, 43.9108044 ], [ -70.5726484, 43.9109416 ], [ -70.5725647, 43.9110646 ], [ -70.5725352, 43.911179 ], [ -70.5725432, 43.9113894 ], [ -70.5725769, 43.9115078 ], [ -70.572685, 43.9117141 ], [ -70.5727202, 43.9118183 ], [ -70.5727881, 43.911918 ], [ -70.5728637, 43.9119901 ], [ -70.5729881, 43.9120764 ], [ -70.5731088, 43.9121343 ], [ -70.5732673, 43.9121842 ], [ -70.5735199, 43.9122361 ], [ -70.5736345, 43.9122326 ], [ -70.5738347, 43.9122195 ], [ -70.5739428, 43.9122219 ], [ -70.5740128, 43.9122426 ], [ -70.5740381, 43.9122892 ], [ -70.574035, 43.9124111 ], [ -70.5739776, 43.9125014 ], [ -70.5739584, 43.9125871 ], [ -70.5739567, 43.9128094 ], [ -70.5739831, 43.9129226 ], [ -70.5739636, 43.9131336 ], [ -70.5739694, 43.9132174 ], [ -70.5740025, 43.9134344 ], [ -70.5740726, 43.9136197 ], [ -70.5742494, 43.9138721 ], [ -70.5742919, 43.91391 ], [ -70.5743231, 43.9140056 ], [ -70.5743988, 43.9140881 ], [ -70.5744676, 43.9141317 ], [ -70.5745311, 43.9141658 ], [ -70.5745736, 43.9142015 ], [ -70.5746332, 43.914275 ], [ -70.5746532, 43.9143807 ], [ -70.5748221, 43.9146539 ], [ -70.5752252, 43.914974 ] ] ] } },
{ "type": "Feature", "properties": { "osm_type": "way", "id": 539493569, "boundary": null, "state": "Maine", "name": "Roque Bluffs State Park", "wikipedia": null, "leisure": "park" }, "geometry": { "type": "Polygon", "coordinates": [ [ [ -67.4899894, 44.608479 ], [ -67.4909296, 44.6098095 ], [ -67.4909931, 44.6099204 ], [ -67.4915091, 44.6097967 ], [ -67.491866, 44.6102607 ], [ -67.493273, 44.6103089 ], [ -67.4931969, 44.6107478 ], [ -67.4915616, 44.6107073 ], [ -67.4919746, 44.6125212 ], [ -67.4929619, 44.6131778 ], [ -67.4946434, 44.6129088 ], [ -67.4947668, 44.6131608 ], [ -67.4948473, 44.6137489 ], [ -67.4954266, 44.6145929 ], [ -67.4957109, 44.6151733 ], [ -67.4957056, 44.615326 ], [ -67.4960113, 44.6155093 ], [ -67.4961162, 44.6157327 ], [ -67.4958918, 44.6158049 ], [ -67.4956214, 44.6158749 ], [ -67.4947836, 44.6158587 ], [ -67.4945132, 44.61585 ], [ -67.4939231, 44.6157625 ], [ -67.4936649, 44.615675 ], [ -67.4929519, 44.6152987 ], [ -67.4927306, 44.6151499 ], [ -67.4925339, 44.6149836 ], [ -67.4924356, 44.6147999 ], [ -67.4923618, 44.6145986 ], [ -67.4918209, 44.6148174 ], [ -67.4915505, 44.6149049 ], [ -67.4912677, 44.6149836 ], [ -67.4907637, 44.6151587 ], [ -67.4904687, 44.6152199 ], [ -67.4903977, 44.6152972 ], [ -67.4901837, 44.6152993 ], [ -67.4900329, 44.6152437 ], [ -67.4899525, 44.6154118 ], [ -67.4900061, 44.6155301 ], [ -67.4900755, 44.6156102 ], [ -67.4901906, 44.6157683 ], [ -67.490375, 44.6159182 ], [ -67.4907196, 44.616248 ], [ -67.4911863, 44.6165993 ], [ -67.4913998, 44.6166616 ], [ -67.4916184, 44.6168265 ], [ -67.4917603, 44.6170805 ], [ -67.4920387, 44.6172362 ], [ -67.492328, 44.6173762 ], [ -67.4925064, 44.6174797 ], [ -67.4927552, 44.6175651 ], [ -67.4928413, 44.6177489 ], [ -67.4928044, 44.6179501 ], [ -67.4926938, 44.6181339 ], [ -67.4927675, 44.6183264 ], [ -67.492915, 44.6185014 ], [ -67.492915, 44.6188777 ], [ -67.4928413, 44.6192189 ], [ -67.4928167, 44.6194114 ], [ -67.4928167, 44.6196039 ], [ -67.4927798, 44.6198052 ], [ -67.4927798, 44.620444 ], [ -67.4927429, 44.6206627 ], [ -67.4926446, 44.6211177 ], [ -67.4924725, 44.621494 ], [ -67.4922479, 44.6218348 ], [ -67.4874296, 44.6224235 ], [ -67.4856111, 44.6226457 ], [ -67.4851649, 44.6227002 ], [ -67.4828419, 44.6182935 ], [ -67.4809913, 44.6189412 ], [ -67.4822619, 44.6162033 ], [ -67.479481, 44.6153836 ], [ -67.4804301, 44.6138198 ], [ -67.4808651, 44.6132237 ], [ -67.4802026, 44.6130556 ], [ -67.4802382, 44.6129411 ], [ -67.4804048, 44.6123891 ], [ -67.4805058, 44.612148 ], [ -67.4805111, 44.612141 ], [ -67.4808069, 44.6122519 ], [ -67.4812308, 44.6124169 ], [ -67.4817395, 44.6121811 ], [ -67.4822974, 44.612036 ], [ -67.482186, 44.6113564 ], [ -67.4821356, 44.6111668 ], [ -67.4826765, 44.6111668 ], [ -67.4832297, 44.6111143 ], [ -67.4835124, 44.6111056 ], [ -67.4840779, 44.6110356 ], [ -67.4846434, 44.6109043 ], [ -67.4854302, 44.6106592 ], [ -67.4864874, 44.6102742 ], [ -67.4879626, 44.6098103 ], [ -67.4886633, 44.609434 ], [ -67.4889092, 44.6093202 ], [ -67.4893518, 44.6090577 ], [ -67.4895485, 44.6089001 ], [ -67.4898927, 44.6085851 ], [ -67.4899894, 44.608479 ] ] ] } },
{ "type": "Feature", "properties": { "osm_type": "way", "id": 743239092, "boundary": "protected_area", "state": "Maine", "name": "Vaughan Woods State Park", "wikipedia": null, "leisure": "nature_reserve" }, "geometry": { "type": "Polygon", "coordinates": [ [ [ -70.8188227, 43.2022461 ], [ -70.8182185, 43.2022904 ], [ -70.8111763, 43.2028062 ], [ -70.8110583, 43.2019929 ], [ -70.8075923, 43.2029617 ], [ -70.8086506, 43.2049012 ], [ -70.8127641, 43.2050618 ], [ -70.8128292, 43.2065862 ], [ -70.809389, 43.2063553 ], [ -70.8085269, 43.2084929 ], [ -70.8090541, 43.2086329 ], [ -70.8114732, 43.209481 ], [ -70.8116477, 43.2109026 ], [ -70.8107323, 43.2111695 ], [ -70.8091049, 43.2118556 ], [ -70.8092828, 43.2123923 ], [ -70.8144802, 43.212377 ], [ -70.814498, 43.2123164 ], [ -70.814635, 43.212185 ], [ -70.815003, 43.211895 ], [ -70.815161, 43.211717 ], [ -70.815416, 43.211331 ], [ -70.815491, 43.211235 ], [ -70.815626, 43.211156 ], [ -70.815858, 43.210977 ], [ -70.815963, 43.210809 ], [ -70.816023, 43.210542 ], [ -70.816061, 43.210204 ], [ -70.816218, 43.210021 ], [ -70.816263, 43.209921 ], [ -70.816233, 43.20949 ], [ -70.816421, 43.208955 ], [ -70.816503, 43.208846 ], [ -70.816721, 43.208559 ], [ -70.816698, 43.208145 ], [ -70.816646, 43.207988 ], [ -70.816676, 43.207835 ], [ -70.816706, 43.207726 ], [ -70.816608, 43.207282 ], [ -70.816608, 43.207215 ], [ -70.816691, 43.20715 ], [ -70.816736, 43.207087 ], [ -70.816728, 43.206979 ], [ -70.816818, 43.206302 ], [ -70.816856, 43.206225 ], [ -70.81696, 43.206115 ], [ -70.817148, 43.206067 ], [ -70.817313, 43.205812 ], [ -70.817583, 43.205587 ], [ -70.817643, 43.205483 ], [ -70.817666, 43.205347 ], [ -70.81762, 43.205231 ], [ -70.817388, 43.204866 ], [ -70.817343, 43.204686 ], [ -70.817343, 43.204493 ], [ -70.817366, 43.204447 ], [ -70.817531, 43.204377 ], [ -70.818161, 43.204264 ], [ -70.818266, 43.204212 ], [ -70.818453, 43.203962 ], [ -70.818625, 43.203572 ], [ -70.81867, 43.203373 ], [ -70.818655, 43.203175 ], [ -70.818678, 43.203004 ], [ -70.818753, 43.202809 ], [ -70.81891, 43.202532 ], [ -70.819023, 43.202273 ], [ -70.8188227, 43.2022461 ] ] ] } },
{ "type": "Feature", "properties": { "osm_type": "way", "id": 1201769329, "boundary": null, "state": "Maine", "name": "Rangeley Lake State Park", "wikipedia": "en:Rangeley Lake State Park", "leisure": "nature_reserve" }, "geometry": { "type": "Polygon", "coordinates": [ [ [ -70.6949073, 44.9210236 ], [ -70.6952535, 44.9206629 ], [ -70.6954099, 44.92053 ], [ -70.6957838, 44.9202769 ], [ -70.6960826, 44.9200969 ], [ -70.697197, 44.9194592 ], [ -70.6990117, 44.9183745 ], [ -70.6992089, 44.918241 ], [ -70.699365, 44.9181262 ], [ -70.6994186, 44.9180759 ], [ -70.6996166, 44.9178614 ], [ -70.6997181, 44.9177203 ], [ -70.6998131, 44.9175299 ], [ -70.699901, 44.91729 ], [ -70.6999685, 44.9170144 ], [ -70.7000268, 44.9167003 ], [ -70.7197259, 44.9298435 ], [ -70.7223469, 44.9295565 ], [ -70.7268629, 44.9290381 ], [ -70.7277772, 44.9289367 ], [ -70.7279205, 44.9289172 ], [ -70.7279687, 44.9289153 ], [ -70.7287307, 44.9288281 ], [ -70.7293017, 44.9287672 ], [ -70.7293024, 44.9289247 ], [ -70.7293951, 44.9291213 ], [ -70.7295577, 44.9291819 ], [ -70.7298597, 44.9292313 ], [ -70.7299434, 44.9292346 ], [ -70.7303039, 44.9293326 ], [ -70.7305935, 44.9295218 ], [ -70.7308062, 44.9295996 ], [ -70.7311404, 44.929626 ], [ -70.7312092, 44.9296389 ], [ -70.7313847, 44.9296403 ], [ -70.7317447, 44.9297068 ], [ -70.7319768, 44.9298113 ], [ -70.7322175, 44.9299653 ], [ -70.7323375, 44.9300714 ], [ -70.7324021, 44.930165 ], [ -70.7325311, 44.9304016 ], [ -70.7325571, 44.9305677 ], [ -70.732513, 44.930879 ], [ -70.7325196, 44.9310454 ], [ -70.7324495, 44.931285 ], [ -70.7324177, 44.9314205 ], [ -70.732213, 44.9318602 ], [ -70.7321296, 44.931956 ], [ -70.7320142, 44.9321378 ], [ -70.7319442, 44.9323639 ], [ -70.7318671, 44.9325272 ], [ -70.731765, 44.9327627 ], [ -70.7317139, 44.9329886 ], [ -70.7316884, 44.933025 ], [ -70.7316566, 44.9332525 ], [ -70.7309122, 44.9333686 ], [ -70.7311692, 44.9339858 ], [ -70.7321529, 44.933747 ], [ -70.7325649, 44.9338669 ], [ -70.7326809, 44.9339461 ], [ -70.7327453, 44.9340576 ], [ -70.7327455, 44.9341296 ], [ -70.7327055, 44.9342803 ], [ -70.7324218, 44.9345802 ], [ -70.7323866, 44.9346437 ], [ -70.7323105, 44.93505 ], [ -70.7322403, 44.9352311 ], [ -70.732253, 44.9352579 ], [ -70.7320669, 44.9354678 ], [ -70.731836, 44.9356153 ], [ -70.7316048, 44.9357088 ], [ -70.7310326, 44.93583 ], [ -70.7306215, 44.9359623 ], [ -70.7305121, 44.9360405 ], [ -70.7303391, 44.9361196 ], [ -70.7301977, 44.9362118 ], [ -70.7300243, 44.9364259 ], [ -70.7298641, 44.9365634 ], [ -70.7298257, 44.9366585 ], [ -70.7297744, 44.9366773 ], [ -70.7296458, 44.9368143 ], [ -70.7295885, 44.9369772 ], [ -70.7295117, 44.9371089 ], [ -70.7294894, 44.9372105 ], [ -70.7293775, 44.937534 ], [ -70.7293073, 44.9377556 ], [ -70.7291535, 44.937974 ], [ -70.7289738, 44.9381567 ], [ -70.7287942, 44.9383035 ], [ -70.7287511, 44.9383176 ], [ -70.7286753, 44.9383908 ], [ -70.7285372, 44.9385414 ], [ -70.7283191, 44.9387158 ], [ -70.7280623, 44.9387917 ], [ -70.7279334, 44.9387981 ], [ -70.7276249, 44.9388658 ], [ -70.7274192, 44.9388869 ], [ -70.7272267, 44.9389529 ], [ -70.7270341, 44.9390953 ], [ -70.7269246, 44.939169 ], [ -70.7268799, 44.9392237 ], [ -70.7267001, 44.9393299 ], [ -70.7265971, 44.9393675 ], [ -70.7262904, 44.9394306 ], [ -70.725937, 44.9394405 ], [ -70.7252299, 44.9395952 ], [ -70.7241412, 44.9396656 ], [ -70.7237811, 44.9397296 ], [ -70.7233957, 44.9398209 ], [ -70.723357, 44.9398125 ], [ -70.7227656, 44.939997 ], [ -70.7224061, 44.9401329 ], [ -70.7216087, 44.940316 ], [ -70.7210951, 44.9404003 ], [ -70.7210435, 44.9403965 ], [ -70.7206579, 44.9404699 ], [ -70.7205548, 44.9404669 ], [ -70.7204262, 44.9405094 ], [ -70.7198088, 44.9405007 ], [ -70.7195775, 44.9405131 ], [ -70.7186777, 44.9406887 ], [ -70.7185106, 44.9407588 ], [ -70.7184205, 44.9407781 ], [ -70.7180607, 44.9409321 ], [ -70.7178551, 44.9409982 ], [ -70.7175206, 44.9410437 ], [ -70.7174178, 44.9410228 ], [ -70.7173146, 44.9409883 ], [ -70.7170056, 44.9407769 ], [ -70.716877, 44.9407518 ], [ -70.716743, 44.9406818 ], [ -70.7166582, 44.9406156 ], [ -70.7164516, 44.9403936 ], [ -70.7161812, 44.9400646 ], [ -70.716065, 44.9399809 ], [ -70.7158463, 44.9398716 ], [ -70.7156657, 44.9397528 ], [ -70.7155631, 44.9397138 ], [ -70.7153052, 44.9395512 ], [ -70.715215, 44.939476 ], [ -70.7150222, 44.9393709 ], [ -70.7147389, 44.9392221 ], [ -70.7143527, 44.9390749 ], [ -70.7141081, 44.938948 ], [ -70.7136314, 44.9386086 ], [ -70.7135413, 44.9385604 ], [ -70.7134383, 44.938481 ], [ -70.7133093, 44.9384334 ], [ -70.7132067, 44.9384169 ], [ -70.7127436, 44.9384284 ], [ -70.7126148, 44.9384123 ], [ -70.7122162, 44.9383418 ], [ -70.7117013, 44.9381784 ], [ -70.7114824, 44.9380782 ], [ -70.7109802, 44.9378247 ], [ -70.71089, 44.9377495 ], [ -70.7108045, 44.9377373 ], [ -70.7106325, 44.9376408 ], [ -70.7105684, 44.9375878 ], [ -70.7104975, 44.9375619 ], [ -70.7100273, 44.9372403 ], [ -70.7098535, 44.9371484 ], [ -70.7096864, 44.9370294 ], [ -70.7092546, 44.9366533 ], [ -70.7088941, 44.9363706 ], [ -70.7088166, 44.9362682 ], [ -70.7087394, 44.9362424 ], [ -70.708649, 44.9361582 ], [ -70.7085785, 44.9361188 ], [ -70.7085461, 44.9360652 ], [ -70.7081982, 44.9357554 ], [ -70.7080177, 44.935497 ], [ -70.7079017, 44.9353727 ], [ -70.7078373, 44.9353377 ], [ -70.7077989, 44.9353247 ], [ -70.7077085, 44.9352136 ], [ -70.7074865, 44.9350593 ], [ -70.7073739, 44.935043 ], [ -70.7071554, 44.9350868 ], [ -70.7070266, 44.9350977 ], [ -70.7068721, 44.9350685 ], [ -70.7068399, 44.9350375 ], [ -70.7068143, 44.9350019 ], [ -70.7068366, 44.9349678 ], [ -70.706885, 44.9349153 ], [ -70.7068524, 44.9348708 ], [ -70.7068526, 44.9347988 ], [ -70.7066269, 44.9344106 ], [ -70.7065235, 44.9342636 ], [ -70.7062852, 44.9340556 ], [ -70.7060723, 44.9337392 ], [ -70.7059176, 44.9335975 ], [ -70.7058467, 44.9334905 ], [ -70.7057952, 44.9334643 ], [ -70.7057372, 44.9333301 ], [ -70.7057373, 44.9332851 ], [ -70.7056983, 44.9332182 ], [ -70.7056341, 44.9331561 ], [ -70.7056208, 44.9330978 ], [ -70.7055694, 44.9330446 ], [ -70.7055695, 44.9330085 ], [ -70.7054605, 44.9329517 ], [ -70.7053379, 44.9329175 ], [ -70.7052025, 44.9329195 ], [ -70.7048941, 44.9330051 ], [ -70.704746, 44.9330703 ], [ -70.7046441, 44.9331349 ], [ -70.704535, 44.9332625 ], [ -70.7044518, 44.9333943 ], [ -70.7043874, 44.9334403 ], [ -70.7042589, 44.9334872 ], [ -70.7041047, 44.933494 ], [ -70.7037445, 44.9334499 ], [ -70.7035127, 44.9333768 ], [ -70.7033327, 44.933276 ], [ -70.7032425, 44.9331738 ], [ -70.7031263, 44.932955 ], [ -70.7029846, 44.9328086 ], [ -70.7027527, 44.9326545 ], [ -70.7026752, 44.9325791 ], [ -70.7020961, 44.9321872 ], [ -70.7019157, 44.9320323 ], [ -70.7010013, 44.9314428 ], [ -70.7003964, 44.9310873 ], [ -70.70001, 44.9307959 ], [ -70.6998298, 44.9306096 ], [ -70.6996364, 44.9304549 ], [ -70.6994049, 44.9303819 ], [ -70.6992246, 44.930281 ], [ -70.699096, 44.9301794 ], [ -70.6987349, 44.9296852 ], [ -70.6984637, 44.928825 ], [ -70.6983408, 44.9286063 ], [ -70.6982958, 44.9284224 ], [ -70.6982886, 44.92822 ], [ -70.6982305, 44.9278743 ], [ -70.698219, 44.9276854 ], [ -70.6982557, 44.9275993 ], [ -70.6982492, 44.9275409 ], [ -70.6983577, 44.9271522 ], [ -70.6984859, 44.9268667 ], [ -70.6984793, 44.9267903 ], [ -70.6985242, 44.9267266 ], [ -70.6985561, 44.9266001 ], [ -70.6985812, 44.9263252 ], [ -70.6985615, 44.9260329 ], [ -70.6984842, 44.9258675 ], [ -70.6983617, 44.9257028 ], [ -70.6983422, 44.9256446 ], [ -70.6981487, 44.9254359 ], [ -70.6980199, 44.9253253 ], [ -70.6979428, 44.9252319 ], [ -70.6977302, 44.9250055 ], [ -70.6975434, 44.9247698 ], [ -70.697492, 44.92473 ], [ -70.6973726, 44.9244797 ], [ -70.6973243, 44.9244265 ], [ -70.6972659, 44.9242608 ], [ -70.6972198, 44.9236763 ], [ -70.6971551, 44.9233487 ], [ -70.6971166, 44.9232908 ], [ -70.6968332, 44.9230384 ], [ -70.6967494, 44.9229227 ], [ -70.6966657, 44.9227574 ], [ -70.6966268, 44.9227264 ], [ -70.6965701, 44.9227228 ], [ -70.6965176, 44.9227281 ], [ -70.6964214, 44.922797 ], [ -70.6962542, 44.922957 ], [ -70.6961131, 44.9230581 ], [ -70.6957854, 44.923225 ], [ -70.6956958, 44.9233029 ], [ -70.6956766, 44.9234292 ], [ -70.6957159, 44.9237437 ], [ -70.6956323, 44.9239835 ], [ -70.6955365, 44.9240929 ], [ -70.6952601, 44.9242951 ], [ -70.6950484, 44.9245278 ], [ -70.6949972, 44.9246051 ], [ -70.6949972, 44.9247671 ], [ -70.694959, 44.9248802 ], [ -70.6949077, 44.924953 ], [ -70.6942202, 44.9253413 ], [ -70.6941111, 44.9254284 ], [ -70.6940087, 44.9255559 ], [ -70.6939704, 44.925723 ], [ -70.6939839, 44.92629 ], [ -70.6939076, 44.9266557 ], [ -70.6938052, 44.9268372 ], [ -70.6937796, 44.9269366 ], [ -70.6936513, 44.9271231 ], [ -70.6934457, 44.9272972 ], [ -70.6931475, 44.9274726 ], [ -70.6925875, 44.9270578 ], [ -70.689106, 44.9247321 ], [ -70.689144, 44.9247045 ], [ -70.6892521, 44.9246406 ], [ -70.689355, 44.9245846 ], [ -70.6894771, 44.9245285 ], [ -70.6896121, 44.9244804 ], [ -70.6896944, 44.9244451 ], [ -70.6909728, 44.9240076 ], [ -70.6912859, 44.9238949 ], [ -70.6920812, 44.9235636 ], [ -70.6922512, 44.9234755 ], [ -70.6924073, 44.9233832 ], [ -70.6926316, 44.9232133 ], [ -70.6931546, 44.9227555 ], [ -70.693936, 44.9219922 ], [ -70.6949073, 44.9210236 ] ] ] } },
{ "type": "Feature", "properties": { "osm_type": "way", "id": 1312523896, "boundary": null, "state": "Maine", "name": "Sebago Lake State Park", "wikipedia": null, "leisure": "park" }, "geometry": { "type": "Polygon", "coordinates": [ [ [ -70.5753589, 43.9331311 ], [ -70.5751556, 43.9330184 ], [ -70.5749738, 43.9329248 ], [ -70.5747893, 43.9328511 ], [ -70.5746562, 43.9328164 ], [ -70.5746823, 43.9327741 ], [ -70.5747143, 43.932734 ], [ -70.5747433, 43.9327036 ], [ -70.5747785, 43.9326768 ], [ -70.5748191, 43.9326543 ], [ -70.5748641, 43.9326367 ], [ -70.5749124, 43.9326245 ], [ -70.5749627, 43.9326178 ], [ -70.5750138, 43.932617 ], [ -70.5750645, 43.932622 ], [ -70.5751016, 43.9326146 ], [ -70.5751399, 43.9326119 ], [ -70.5751782, 43.9326139 ], [ -70.5752155, 43.9326206 ], [ -70.5752507, 43.9326318 ], [ -70.5752828, 43.9326472 ], [ -70.5753107, 43.9326663 ], [ -70.5753338, 43.9326886 ], [ -70.5753512, 43.9327133 ], [ -70.5753321, 43.9327373 ], [ -70.5753079, 43.9327587 ], [ -70.5752469, 43.9327917 ], [ -70.5751745, 43.9328092 ], [ -70.5750983, 43.9328091 ], [ -70.5751686, 43.9328611 ], [ -70.5752451, 43.9329083 ], [ -70.5753149, 43.9329262 ], [ -70.5753728, 43.9329594 ], [ -70.5753954, 43.9329807 ], [ -70.5755857, 43.9330386 ], [ -70.575678, 43.9330721 ], [ -70.5757511, 43.9330747 ], [ -70.5757864, 43.933082 ], [ -70.5758502, 43.933108 ], [ -70.5758772, 43.9331259 ], [ -70.5759505, 43.9331162 ], [ -70.5760247, 43.9331112 ], [ -70.5760993, 43.933111 ], [ -70.5761292, 43.9330897 ], [ -70.5761633, 43.933072 ], [ -70.5762007, 43.9330582 ], [ -70.5762405, 43.9330487 ], [ -70.5762819, 43.9330438 ], [ -70.5763239, 43.9330434 ], [ -70.5763654, 43.9330477 ], [ -70.5764037, 43.9330128 ], [ -70.5764469, 43.9329809 ], [ -70.5764945, 43.9329526 ], [ -70.5765459, 43.932928 ], [ -70.5766007, 43.9329075 ], [ -70.5766496, 43.9328976 ], [ -70.5766758, 43.9328818 ], [ -70.5766933, 43.9328607 ], [ -70.5767001, 43.9328366 ], [ -70.5766955, 43.9328122 ], [ -70.57668, 43.9327903 ], [ -70.5768149, 43.9327497 ], [ -70.5769455, 43.9327003 ], [ -70.5772265, 43.9325784 ], [ -70.5772479, 43.9325645 ], [ -70.5772796, 43.9325301 ], [ -70.577289, 43.9325104 ], [ -70.5772937, 43.9324692 ], [ -70.5773804, 43.9324297 ], [ -70.5774618, 43.9323848 ], [ -70.5775374, 43.9323348 ], [ -70.5776417, 43.9323043 ], [ -70.5777419, 43.9322674 ], [ -70.5778372, 43.9322243 ], [ -70.5779269, 43.9321753 ], [ -70.5780104, 43.9321208 ], [ -70.578058, 43.9322076 ], [ -70.5779578, 43.9322367 ], [ -70.5778608, 43.9322712 ], [ -70.5777678, 43.9323109 ], [ -70.5776791, 43.9323556 ], [ -70.5775953, 43.9324049 ], [ -70.5775169, 43.9324587 ], [ -70.5774443, 43.9325165 ], [ -70.577378, 43.9325782 ], [ -70.5773148, 43.9326474 ], [ -70.5772594, 43.93272 ], [ -70.5772122, 43.9327956 ], [ -70.5771736, 43.9328737 ], [ -70.5771437, 43.9329538 ], [ -70.5771227, 43.9330353 ], [ -70.5771108, 43.9331178 ], [ -70.5771081, 43.9332007 ], [ -70.5764461, 43.9332775 ], [ -70.5761127, 43.9333102 ], [ -70.5759602, 43.9333096 ], [ -70.5758333, 43.933295 ], [ -70.5756748, 43.9332656 ], [ -70.5755363, 43.9332172 ], [ -70.5753589, 43.9331311 ] ] ] } },
{ "type": "Feature", "properties": { "osm_type": "way", "id": 1374460241, "boundary": null, "state": "Maine", "name": "Mount Kineo State Park", "wikipedia": null, "leisure": "nature_reserve" }, "geometry": { "type": "Polygon", "coordinates": [ [ [ -69.7416259, 45.6921536 ], [ -69.7418502, 45.6923321 ], [ -69.7420507, 45.6924118 ], [ -69.7422653, 45.6924284 ], [ -69.7425197, 45.6923998 ], [ -69.742945, 45.692325 ], [ -69.7432333, 45.6922466 ], [ -69.7435207, 45.6922133 ], [ -69.7438812, 45.6920984 ], [ -69.744169, 45.6920425 ], [ -69.7446321, 45.692008 ], [ -69.7448405, 45.6920156 ], [ -69.7454932, 45.6919619 ], [ -69.7458051, 45.6919958 ], [ -69.7460897, 45.6921155 ], [ -69.7463594, 45.6922983 ], [ -69.7465955, 45.6925487 ], [ -69.7466914, 45.6926381 ], [ -69.7467485, 45.6927322 ], [ -69.7469977, 45.6929714 ], [ -69.7472139, 45.6932288 ], [ -69.7473106, 45.6934081 ], [ -69.7473506, 45.6935789 ], [ -69.7473881, 45.6936552 ], [ -69.7473872, 45.6937092 ], [ -69.7474867, 45.6939425 ], [ -69.7477021, 45.6942382 ], [ -69.7480678, 45.6948703 ], [ -69.7481697, 45.6949867 ], [ -69.7481951, 45.695027 ], [ -69.7482967, 45.6951478 ], [ -69.7483481, 45.6951835 ], [ -69.748481, 45.6953987 ], [ -69.7486019, 45.6955239 ], [ -69.7487161, 45.6956897 ], [ -69.7489795, 45.69621 ], [ -69.749115, 45.6966141 ], [ -69.7491532, 45.6966499 ], [ -69.7491649, 45.6967173 ], [ -69.7493274, 45.6970718 ], [ -69.7494087, 45.6975663 ], [ -69.7495024, 45.6978942 ], [ -69.7495026, 45.6982272 ], [ -69.7496454, 45.6983118 ], [ -69.7497846, 45.6986034 ], [ -69.7498869, 45.6987513 ], [ -69.7498984, 45.6988592 ], [ -69.7500895, 45.699191 ], [ -69.750292, 45.6996532 ], [ -69.7504067, 45.699855 ], [ -69.7504191, 45.6998999 ], [ -69.7508002, 45.7006444 ], [ -69.7508388, 45.7006802 ], [ -69.7509786, 45.7009583 ], [ -69.7511321, 45.7011778 ], [ -69.7513101, 45.7014917 ], [ -69.7513487, 45.7015274 ], [ -69.7513868, 45.7016172 ], [ -69.7514255, 45.7016529 ], [ -69.7515457, 45.7019132 ], [ -69.7516797, 45.7021148 ], [ -69.7518959, 45.7025184 ], [ -69.7519345, 45.7025542 ], [ -69.7519342, 45.7025947 ], [ -69.7520616, 45.7028143 ], [ -69.752074, 45.7028683 ], [ -69.7524041, 45.7035097 ], [ -69.7525289, 45.7039499 ], [ -69.7525397, 45.7040983 ], [ -69.7526082, 45.7043544 ], [ -69.7527911, 45.7047942 ], [ -69.7528159, 45.7049066 ], [ -69.7529362, 45.7051623 ], [ -69.7530321, 45.7053102 ], [ -69.7531205, 45.7055301 ], [ -69.7531592, 45.7055659 ], [ -69.7532219, 45.70575 ], [ -69.7532937, 45.7062265 ], [ -69.75329, 45.7065191 ], [ -69.753315, 45.7066134 ], [ -69.7533077, 45.7066675 ], [ -69.7533638, 45.7068696 ], [ -69.7533557, 45.7069597 ], [ -69.7534356, 45.7073462 ], [ -69.7534737, 45.7074 ], [ -69.7535486, 45.7076605 ], [ -69.7536498, 45.7078983 ], [ -69.7537267, 45.7080058 ], [ -69.7538213, 45.7082302 ], [ -69.7538649, 45.708374 ], [ -69.7538697, 45.7085225 ], [ -69.7538592, 45.708815 ], [ -69.7537971, 45.70909 ], [ -69.7538018, 45.709234 ], [ -69.7537727, 45.7094547 ], [ -69.7537317, 45.709599 ], [ -69.7537012, 45.7099322 ], [ -69.7536609, 45.7100405 ], [ -69.7536463, 45.7101486 ], [ -69.7535727, 45.7103156 ], [ -69.7535652, 45.7103876 ], [ -69.7534974, 45.7105726 ], [ -69.7533438, 45.7108796 ], [ -69.7533188, 45.7112938 ], [ -69.7533308, 45.7113478 ], [ -69.7533029, 45.7115145 ], [ -69.7532222, 45.711695 ], [ -69.7530763, 45.711894 ], [ -69.7527328, 45.7122608 ], [ -69.7526922, 45.7123511 ], [ -69.7526638, 45.7125358 ], [ -69.7527014, 45.7126435 ], [ -69.7527337, 45.7126613 ], [ -69.7528315, 45.7126742 ], [ -69.7529494, 45.7126104 ], [ -69.7530271, 45.7126549 ], [ -69.7530393, 45.7127268 ], [ -69.7528818, 45.7128089 ], [ -69.7527448, 45.7128278 ], [ -69.7524256, 45.7127984 ], [ -69.7518537, 45.7126941 ], [ -69.7514206, 45.7125845 ], [ -69.751126, 45.7125369 ], [ -69.7508915, 45.7125339 ], [ -69.7502393, 45.7125832 ], [ -69.749502, 45.7125701 ], [ -69.7490857, 45.7125773 ], [ -69.7485648, 45.7125672 ], [ -69.7481991, 45.7125966 ], [ -69.7479896, 45.7126385 ], [ -69.7477286, 45.7126627 ], [ -69.7473097, 45.7127419 ], [ -69.7468383, 45.712862 ], [ -69.7465626, 45.7129628 ], [ -69.7465232, 45.7129631 ], [ -69.7463661, 45.7130091 ], [ -69.7460509, 45.7131327 ], [ -69.7457884, 45.7132019 ], [ -69.7445856, 45.7133898 ], [ -69.7439329, 45.71343 ], [ -69.7435034, 45.7133991 ], [ -69.7433085, 45.7133711 ], [ -69.7424629, 45.7132888 ], [ -69.7420338, 45.7132264 ], [ -69.7418003, 45.7131739 ], [ -69.7416962, 45.7131655 ], [ -69.7411773, 45.7130339 ], [ -69.7400775, 45.7126315 ], [ -69.7397405, 45.7125302 ], [ -69.7394809, 45.7124823 ], [ -69.7392733, 45.7124252 ], [ -69.7390143, 45.7123323 ], [ -69.7387884, 45.7122213 ], [ -69.7387114, 45.7121633 ], [ -69.7385648, 45.7120067 ], [ -69.7383717, 45.711891 ], [ -69.7372074, 45.7114664 ], [ -69.7367148, 45.7113166 ], [ -69.736256, 45.7111351 ], [ -69.7357201, 45.7108685 ], [ -69.7352564, 45.7105969 ], [ -69.7347158, 45.7102449 ], [ -69.7344722, 45.7100394 ], [ -69.7341382, 45.7097986 ], [ -69.7341129, 45.7097627 ], [ -69.7339459, 45.7096468 ], [ -69.7338947, 45.7095931 ], [ -69.7333676, 45.709232 ], [ -69.7330135, 45.7090137 ], [ -69.7323102, 45.7086582 ], [ -69.732289, 45.7086313 ], [ -69.7321427, 45.7085557 ], [ -69.7319117, 45.7083907 ], [ -69.7318185, 45.7082968 ], [ -69.7316587, 45.7080143 ], [ -69.731373, 45.7076246 ], [ -69.7313673, 45.7075886 ], [ -69.7312719, 45.7074767 ], [ -69.73119, 45.7073287 ], [ -69.7311577, 45.7073109 ], [ -69.7309994, 45.7070869 ], [ -69.7308654, 45.7069393 ], [ -69.7307581, 45.7067734 ], [ -69.7305987, 45.70659 ], [ -69.730555, 45.7065002 ], [ -69.7304405, 45.7063704 ], [ -69.7304279, 45.70633 ], [ -69.7302812, 45.7061644 ], [ -69.7298402, 45.7057487 ], [ -69.7297529, 45.7055468 ], [ -69.7297416, 45.7054523 ], [ -69.7297374, 45.7053443 ], [ -69.7298004, 45.7051234 ], [ -69.7298687, 45.704979 ], [ -69.7300011, 45.7048791 ], [ -69.7300544, 45.7048068 ], [ -69.7304515, 45.7045072 ], [ -69.7306773, 45.7043032 ], [ -69.730836, 45.7041942 ], [ -69.7308762, 45.7041354 ], [ -69.7310755, 45.7039587 ], [ -69.7311167, 45.7038279 ], [ -69.7310876, 45.7036616 ], [ -69.7309556, 45.7034194 ], [ -69.7309317, 45.7033115 ], [ -69.7309712, 45.7029827 ], [ -69.7310061, 45.7028565 ], [ -69.7310188, 45.7025414 ], [ -69.73104, 45.7024737 ], [ -69.7310223, 45.7023748 ], [ -69.7310429, 45.7023252 ], [ -69.7310485, 45.7020417 ], [ -69.7310175, 45.7016413 ], [ -69.7309617, 45.7015112 ], [ -69.7304962, 45.7010011 ], [ -69.7301887, 45.700724 ], [ -69.7301137, 45.700576 ], [ -69.7301161, 45.70045 ], [ -69.7301519, 45.7003012 ], [ -69.730241, 45.7000846 ], [ -69.7302426, 45.6999901 ], [ -69.7301035, 45.6997885 ], [ -69.7300674, 45.6996402 ], [ -69.7300571, 45.6994963 ], [ -69.7300745, 45.6992576 ], [ -69.7301806, 45.6988384 ], [ -69.7304187, 45.6983463 ], [ -69.7323363, 45.6972543 ], [ -69.7414151, 45.6919389 ], [ -69.7416259, 45.6921536 ] ] ] } },
{ "type": "Feature", "properties": { "osm_type": "relation", "id": 11738950, "boundary": null, "state": "Maine", "name": "Quoddy Head State Park", "wikipedia": null, "leisure": "park" }, "geometry": { "type": "MultiPolygon", "coordinates": [ [ [ [ -66.9693829, 44.8146124 ], [ -66.9698062, 44.8144946 ], [ -66.9704426, 44.8143059 ], [ -66.971294, 44.8140429 ], [ -66.9720866, 44.8137935 ], [ -66.9730249, 44.8135033 ], [ -66.9737382, 44.8132757 ], [ -66.974472, 44.8130454 ], [ -66.9750972, 44.8128486 ], [ -66.975698, 44.8126618 ], [ -66.9782138, 44.8119608 ], [ -66.9791097, 44.8117248 ], [ -66.9799304, 44.8115193 ], [ -66.9811347, 44.8111521 ], [ -66.9844377, 44.8103522 ], [ -66.9838427, 44.808468 ], [ -66.9831685, 44.8068747 ], [ -66.9818934, 44.8070552 ], [ -66.9820169, 44.8073897 ], [ -66.9813882, 44.8075014 ], [ -66.9813278, 44.8082597 ], [ -66.981065, 44.8091122 ], [ -66.980609, 44.8096774 ], [ -66.9799733, 44.8100827 ], [ -66.9794297, 44.8103097 ], [ -66.9788486, 44.8104699 ], [ -66.9781961, 44.8105139 ], [ -66.9777113, 44.810426 ], [ -66.9772743, 44.8102009 ], [ -66.9772083, 44.8099475 ], [ -66.9770698, 44.8096385 ], [ -66.9770192, 44.8089364 ], [ -66.9769845, 44.8087194 ], [ -66.9767278, 44.8084214 ], [ -66.9763819, 44.8082111 ], [ -66.9759559, 44.8081195 ], [ -66.9755852, 44.8078658 ], [ -66.975494, 44.8075613 ], [ -66.9756764, 44.8074281 ], [ -66.9755948, 44.8073033 ], [ -66.9752848, 44.8071312 ], [ -66.9751293, 44.8071579 ], [ -66.9750702, 44.807253 ], [ -66.9749844, 44.8073215 ], [ -66.9748342, 44.8071084 ], [ -66.9746509, 44.8070369 ], [ -66.9745928, 44.8069257 ], [ -66.974406, 44.8068095 ], [ -66.9742549, 44.8067354 ], [ -66.9739008, 44.806842 ], [ -66.9736809, 44.8067354 ], [ -66.9733429, 44.806724 ], [ -66.9732249, 44.8066288 ], [ -66.9729674, 44.806625 ], [ -66.9728011, 44.8065185 ], [ -66.9724892, 44.806535 ], [ -66.972447, 44.8062444 ], [ -66.9728226, 44.8060693 ], [ -66.9727486, 44.805908 ], [ -66.9715458, 44.8060732 ], [ -66.9703764, 44.8060084 ], [ -66.9701403, 44.8059932 ], [ -66.9700867, 44.8059095 ], [ -66.969679, 44.8057649 ], [ -66.9695395, 44.8059361 ], [ -66.9696307, 44.8061683 ], [ -66.9695664, 44.8062368 ], [ -66.9693625, 44.806252 ], [ -66.9691318, 44.8063434 ], [ -66.9690567, 44.8064766 ], [ -66.9687402, 44.8064918 ], [ -66.968531, 44.80637 ], [ -66.9686651, 44.8063205 ], [ -66.9687563, 44.8062064 ], [ -66.968649, 44.806077 ], [ -66.9684506, 44.8060693 ], [ -66.9681501, 44.8061302 ], [ -66.967662, 44.8060389 ], [ -66.9674474, 44.8061493 ], [ -66.9679329, 44.8063624 ], [ -66.9675809, 44.8066466 ], [ -66.9673374, 44.8066231 ], [ -66.9670535, 44.8066758 ], [ -66.9667608, 44.8070208 ], [ -66.966337, 44.8071122 ], [ -66.9663919, 44.807343 ], [ -66.9661063, 44.8072169 ], [ -66.9658421, 44.8072092 ], [ -66.965712, 44.807213 ], [ -66.9656396, 44.8073044 ], [ -66.9653918, 44.8072702 ], [ -66.9653687, 44.8071902 ], [ -66.9650978, 44.8072016 ], [ -66.9649234, 44.8073653 ], [ -66.9645991, 44.807305 ], [ -66.9642046, 44.8071369 ], [ -66.9638895, 44.8068869 ], [ -66.9641349, 44.8063186 ], [ -66.9640946, 44.8062083 ], [ -66.963919, 44.8063152 ], [ -66.963533, 44.8063404 ], [ -66.9631765, 44.8067665 ], [ -66.9630137, 44.806842 ], [ -66.9629574, 44.807175 ], [ -66.9628099, 44.8073025 ], [ -66.9625667, 44.8074488 ], [ -66.962429, 44.8073501 ], [ -66.9620743, 44.8075087 ], [ -66.9618017, 44.8074487 ], [ -66.9616944, 44.8070087 ], [ -66.9615144, 44.8070608 ], [ -66.9610126, 44.8070501 ], [ -66.9606882, 44.8071579 ], [ -66.9603379, 44.8071286 ], [ -66.9602054, 44.8072302 ], [ -66.9601119, 44.8073532 ], [ -66.9601116, 44.8074795 ], [ -66.9601598, 44.8076032 ], [ -66.9601367, 44.8078414 ], [ -66.9601461, 44.8080188 ], [ -66.960007, 44.8082102 ], [ -66.9597145, 44.8084324 ], [ -66.9595081, 44.808391 ], [ -66.9593525, 44.8084652 ], [ -66.9592533, 44.8085737 ], [ -66.9592895, 44.8086874 ], [ -66.9590387, 44.8088705 ], [ -66.9587798, 44.8089795 ], [ -66.9582528, 44.8090266 ], [ -66.9580248, 44.8089961 ], [ -66.9577326, 44.809046 ], [ -66.9575474, 44.8091959 ], [ -66.9573287, 44.809256 ], [ -66.9571558, 44.8092893 ], [ -66.9570735, 44.8093375 ], [ -66.9570347, 44.8094424 ], [ -66.9569698, 44.8094907 ], [ -66.9567905, 44.809464 ], [ -66.9567048, 44.8094965 ], [ -66.9566304, 44.809607 ], [ -66.9562889, 44.8097847 ], [ -66.956304, 44.809922 ], [ -66.9561723, 44.809938 ], [ -66.9560997, 44.8100586 ], [ -66.9559314, 44.8100281 ], [ -66.9558538, 44.8100498 ], [ -66.9559502, 44.8102219 ], [ -66.9558437, 44.8103187 ], [ -66.9558559, 44.8104687 ], [ -66.9557497, 44.8105748 ], [ -66.955842, 44.8107112 ], [ -66.9559418, 44.8107097 ], [ -66.9561348, 44.8106908 ], [ -66.956125, 44.8107857 ], [ -66.9560564, 44.8108254 ], [ -66.9556166, 44.8108325 ], [ -66.9552234, 44.8112782 ], [ -66.9551695, 44.8114889 ], [ -66.9550802, 44.8115001 ], [ -66.9549938, 44.8114362 ], [ -66.9548494, 44.8116195 ], [ -66.9548358, 44.8120581 ], [ -66.9547415, 44.8121872 ], [ -66.9545644, 44.8122135 ], [ -66.9544081, 44.8121846 ], [ -66.9544178, 44.8119963 ], [ -66.9543147, 44.8119845 ], [ -66.954218, 44.8121057 ], [ -66.954109, 44.8120248 ], [ -66.9539441, 44.8121084 ], [ -66.953914, 44.8120386 ], [ -66.9540219, 44.8118381 ], [ -66.9537895, 44.8115948 ], [ -66.9535998, 44.8116486 ], [ -66.9533156, 44.8118332 ], [ -66.953166, 44.8117605 ], [ -66.953032, 44.811774 ], [ -66.9528946, 44.8119581 ], [ -66.9526645, 44.8121318 ], [ -66.9525505, 44.8123219 ], [ -66.952192, 44.8128238 ], [ -66.9520719, 44.8131029 ], [ -66.951889, 44.8135278 ], [ -66.9517299, 44.8137376 ], [ -66.9514335, 44.813911 ], [ -66.9511374, 44.8139681 ], [ -66.9509095, 44.8139771 ], [ -66.9509278, 44.8136833 ], [ -66.9506797, 44.8136286 ], [ -66.9505953, 44.8137017 ], [ -66.9506306, 44.8138124 ], [ -66.9506834, 44.813891 ], [ -66.9508059, 44.8140305 ], [ -66.9508648, 44.8141281 ], [ -66.950646, 44.8143098 ], [ -66.9504135, 44.8146139 ], [ -66.9502979, 44.8148519 ], [ -66.9500362, 44.8150667 ], [ -66.9497408, 44.8153791 ], [ -66.94987, 44.8154739 ], [ -66.9499469, 44.8155303 ], [ -66.9499472, 44.8159631 ], [ -66.949944, 44.8163268 ], [ -66.9500847, 44.8164096 ], [ -66.9499894, 44.8167306 ], [ -66.9502512, 44.8169984 ], [ -66.9502499, 44.8172076 ], [ -66.9502153, 44.8172556 ], [ -66.9501897, 44.8173166 ], [ -66.9501553, 44.8173625 ], [ -66.950094, 44.8173922 ], [ -66.9501084, 44.8174369 ], [ -66.9501556, 44.8175035 ], [ -66.9501462, 44.8175467 ], [ -66.9501132, 44.817602 ], [ -66.9500057, 44.8176075 ], [ -66.950027, 44.8176765 ], [ -66.9500259, 44.8177262 ], [ -66.9499819, 44.8177566 ], [ -66.9499283, 44.8177494 ], [ -66.9499142, 44.8178333 ], [ -66.9500009, 44.8178745 ], [ -66.9501122, 44.8178793 ], [ -66.9501773, 44.8178904 ], [ -66.950115, 44.8179772 ], [ -66.9499876, 44.8179372 ], [ -66.9498964, 44.8179487 ], [ -66.9498548, 44.8179715 ], [ -66.9498561, 44.8180029 ], [ -66.9499876, 44.8180086 ], [ -66.950005, 44.8179981 ], [ -66.9500408, 44.818004 ], [ -66.9500559, 44.8180374 ], [ -66.9500816, 44.8180718 ], [ -66.9501683, 44.8181045 ], [ -66.9502763, 44.8181196 ], [ -66.9503704, 44.8181906 ], [ -66.9505194, 44.8182945 ], [ -66.9505998, 44.8183687 ], [ -66.9507302, 44.8183988 ], [ -66.9509143, 44.818431 ], [ -66.9509363, 44.8184999 ], [ -66.9509303, 44.8185472 ], [ -66.9507697, 44.8185757 ], [ -66.9507108, 44.8185849 ], [ -66.9506947, 44.8186145 ], [ -66.9506847, 44.8186231 ], [ -66.9506497, 44.818632 ], [ -66.9506315, 44.8186518 ], [ -66.9506165, 44.8186868 ], [ -66.9506358, 44.8187096 ], [ -66.9506797, 44.8187202 ], [ -66.9507065, 44.8187392 ], [ -66.9507462, 44.8187468 ], [ -66.9507826, 44.8187742 ], [ -66.950774, 44.8188046 ], [ -66.9507194, 44.8187841 ], [ -66.950654, 44.8187864 ], [ -66.9505991, 44.8187846 ], [ -66.9505822, 44.8188 ], [ -66.9505854, 44.8188229 ], [ -66.9505993, 44.8188434 ], [ -66.9506229, 44.8188426 ], [ -66.9507205, 44.8188501 ], [ -66.9508887, 44.8188388 ], [ -66.9509102, 44.8188654 ], [ -66.9509005, 44.8188966 ], [ -66.9508512, 44.8189073 ], [ -66.950803, 44.8189194 ], [ -66.9507869, 44.8189346 ], [ -66.9507965, 44.8189506 ], [ -66.9508383, 44.8189521 ], [ -66.9508823, 44.818943 ], [ -66.9509333, 44.8189687 ], [ -66.9509616, 44.8189886 ], [ -66.9510216, 44.8189886 ], [ -66.9510602, 44.8190099 ], [ -66.9510999, 44.819016 ], [ -66.9511138, 44.8189939 ], [ -66.9512028, 44.8189734 ], [ -66.9512682, 44.8189536 ], [ -66.9513571, 44.8189742 ], [ -66.9513677, 44.8189899 ], [ -66.9512813, 44.8190566 ], [ -66.9511813, 44.8191448 ], [ -66.9511206, 44.8191953 ], [ -66.9510994, 44.8192394 ], [ -66.9510415, 44.8193001 ], [ -66.9510039, 44.8193437 ], [ -66.95101, 44.8193631 ], [ -66.951063, 44.8193749 ], [ -66.9510494, 44.8194028 ], [ -66.9510312, 44.8194362 ], [ -66.9510827, 44.8194448 ], [ -66.9511434, 44.8194372 ], [ -66.95116, 44.8194555 ], [ -66.9511525, 44.819476 ], [ -66.9511282, 44.8195093 ], [ -66.95111, 44.819548 ], [ -66.9511237, 44.8195663 ], [ -66.9511676, 44.8195695 ], [ -66.9512086, 44.8195588 ], [ -66.9512343, 44.8195641 ], [ -66.9511873, 44.8195985 ], [ -66.9511419, 44.8196426 ], [ -66.9511055, 44.8196932 ], [ -66.9510949, 44.8197243 ], [ -66.9511388, 44.8197459 ], [ -66.9511767, 44.8197878 ], [ -66.951248, 44.8198254 ], [ -66.951301, 44.8198233 ], [ -66.9513404, 44.819805 ], [ -66.9513935, 44.8198082 ], [ -66.9514375, 44.8197942 ], [ -66.9514905, 44.8197394 ], [ -66.9515254, 44.8197179 ], [ -66.9515663, 44.8196523 ], [ -66.9516012, 44.8196405 ], [ -66.9516961, 44.819707 ], [ -66.9516651, 44.8197524 ], [ -66.9517266, 44.8197742 ], [ -66.9517429, 44.8197999 ], [ -66.9517393, 44.8198448 ], [ -66.9517049, 44.8198821 ], [ -66.951723, 44.8199039 ], [ -66.951808, 44.8198936 ], [ -66.9518243, 44.8198692 ], [ -66.9518768, 44.8198628 ], [ -66.9518967, 44.8199103 ], [ -66.9518461, 44.8199334 ], [ -66.9518053, 44.8199702 ], [ -66.9518497, 44.8199899 ], [ -66.9518062, 44.8200271 ], [ -66.9518334, 44.8200477 ], [ -66.9519239, 44.8200477 ], [ -66.9519492, 44.820031 ], [ -66.9521013, 44.8200015 ], [ -66.9521501, 44.8200156 ], [ -66.9520759, 44.8200413 ], [ -66.9520723, 44.8201208 ], [ -66.9520451, 44.8201709 ], [ -66.9520705, 44.8201799 ], [ -66.9521103, 44.8201812 ], [ -66.9521356, 44.820144 ], [ -66.9521592, 44.8201375 ], [ -66.9521936, 44.8201517 ], [ -66.9522026, 44.8201761 ], [ -66.9522696, 44.8202094 ], [ -66.9523094, 44.8202544 ], [ -66.9523384, 44.8202672 ], [ -66.9523691, 44.8202531 ], [ -66.9523691, 44.8202223 ], [ -66.9523669, 44.8201985 ], [ -66.9524393, 44.8201754 ], [ -66.9525407, 44.8201779 ], [ -66.952595, 44.8201933 ], [ -66.9526927, 44.8202062 ], [ -66.9527615, 44.8201292 ], [ -66.95281, 44.8200742 ], [ -66.9528592, 44.8200701 ], [ -66.9528918, 44.8201394 ], [ -66.9529642, 44.8201702 ], [ -66.9530511, 44.8201908 ], [ -66.9531529, 44.8201779 ], [ -66.953214, 44.8201702 ], [ -66.953319, 44.8201574 ], [ -66.9534095, 44.8201266 ], [ -66.9535362, 44.8200906 ], [ -66.9536339, 44.820047 ], [ -66.9537859, 44.8200033 ], [ -66.9538258, 44.8199263 ], [ -66.9539126, 44.819857 ], [ -66.9540755, 44.8198262 ], [ -66.9542674, 44.8197774 ], [ -66.9545244, 44.8196749 ], [ -66.9546619, 44.8196233 ], [ -66.9548214, 44.8195645 ], [ -66.9549221, 44.8195549 ], [ -66.9551687, 44.8195335 ], [ -66.9553533, 44.8194975 ], [ -66.9555524, 44.8194256 ], [ -66.9560403, 44.8192183 ], [ -66.9562367, 44.8172241 ], [ -66.9565634, 44.8172933 ], [ -66.9567249, 44.8173645 ], [ -66.9568153, 44.817385 ], [ -66.9569672, 44.817385 ], [ -66.9574589, 44.8173324 ], [ -66.9588021, 44.8172195 ], [ -66.9590914, 44.8172131 ], [ -66.9593264, 44.817258 ], [ -66.9597205, 44.8173798 ], [ -66.9599953, 44.8174491 ], [ -66.9601815, 44.8174645 ], [ -66.9603207, 44.8174632 ], [ -66.9604581, 44.817444 ], [ -66.9612662, 44.8172375 ], [ -66.9620454, 44.8170297 ], [ -66.9622298, 44.8169554 ], [ -66.9633084, 44.8165699 ], [ -66.9654995, 44.8157966 ], [ -66.9656118, 44.8157841 ], [ -66.9657639, 44.8157287 ], [ -66.9666216, 44.8154377 ], [ -66.9674321, 44.8151856 ], [ -66.9683922, 44.8149081 ], [ -66.9693829, 44.8146124 ] ] ], [ [ [ -66.9844982, 44.8105964 ], [ -66.984513, 44.810527 ], [ -66.9783023, 44.8120654 ], [ -66.9777256, 44.8122101 ], [ -66.975604, 44.8127657 ], [ -66.9748396, 44.8130035 ], [ -66.9721359, 44.8138674 ], [ -66.9698479, 44.8145552 ], [ -66.9712589, 44.8167205 ], [ -66.9713634, 44.8166891 ], [ -66.9715016, 44.8166273 ], [ -66.9716156, 44.8165692 ], [ -66.9717389, 44.816516 ], [ -66.971857, 44.8164627 ], [ -66.971975, 44.8164056 ], [ -66.972093, 44.8164018 ], [ -66.9723398, 44.816516 ], [ -66.9725168, 44.8167176 ], [ -66.9728172, 44.8166758 ], [ -66.9730908, 44.8165616 ], [ -66.9734287, 44.8163942 ], [ -66.9736701, 44.8163561 ], [ -66.9739115, 44.8162039 ], [ -66.973992, 44.815949 ], [ -66.973992, 44.8156636 ], [ -66.9740188, 44.8153934 ], [ -66.9741154, 44.8150889 ], [ -66.9741965, 44.8146965 ], [ -66.9742805, 44.8144502 ], [ -66.9748332, 44.8135167 ], [ -66.9751267, 44.8132345 ], [ -66.9751696, 44.813004 ], [ -66.9757747, 44.8127983 ], [ -66.9772021, 44.8125433 ], [ -66.9800161, 44.8117755 ], [ -66.9807175, 44.8116734 ], [ -66.9817424, 44.8116596 ], [ -66.983462, 44.811374 ], [ -66.9839698, 44.8113081 ], [ -66.9842702, 44.8113386 ], [ -66.9846082, 44.8114204 ], [ -66.9844982, 44.8105964 ] ] ] ] } },
{ "type": "Feature", "properties": { "osm_type": "relation", "id": 12124028, "boundary": "national_park", "state": "Maine", "name": "Reid State Park", "wikipedia": null, "leisure": "nature_reserve" }, "geometry": { "type": "MultiPolygon", "coordinates": [ [ [ [ -69.7187598, 43.7821239 ], [ -69.7186194, 43.7821006 ], [ -69.7185363, 43.7820983 ], [ -69.7184149, 43.7821217 ], [ -69.7183277, 43.7821673 ], [ -69.7182954, 43.7822094 ], [ -69.7182304, 43.7823412 ], [ -69.7181147, 43.7824802 ], [ -69.7180621, 43.7825134 ], [ -69.7180287, 43.7825087 ], [ -69.717996, 43.7824781 ], [ -69.7179581, 43.782358 ], [ -69.7179379, 43.7823287 ], [ -69.71791, 43.7823086 ], [ -69.7178667, 43.7822971 ], [ -69.7178215, 43.7822976 ], [ -69.71774, 43.7823138 ], [ -69.7176847, 43.7823353 ], [ -69.7176443, 43.782372 ], [ -69.7176237, 43.7824242 ], [ -69.7176129, 43.7826273 ], [ -69.7175961, 43.7827453 ], [ -69.7175804, 43.7827876 ], [ -69.717557, 43.7828068 ], [ -69.7175257, 43.7828123 ], [ -69.7174887, 43.7828025 ], [ -69.7174087, 43.7827603 ], [ -69.7173724, 43.782765 ], [ -69.7173588, 43.7827798 ], [ -69.7173735, 43.7828416 ], [ -69.7174239, 43.7829681 ], [ -69.7174718, 43.7830467 ], [ -69.7175539, 43.783133 ], [ -69.7175882, 43.7832298 ], [ -69.7176036, 43.7832345 ], [ -69.7176189, 43.7832294 ], [ -69.7176729, 43.7831871 ], [ -69.7177812, 43.7831237 ], [ -69.7178112, 43.7831175 ], [ -69.7178431, 43.7831214 ], [ -69.7178538, 43.7831446 ], [ -69.7178163, 43.7832045 ], [ -69.7178215, 43.783226 ], [ -69.7178917, 43.783245 ], [ -69.7179817, 43.7833082 ], [ -69.7180955, 43.7833578 ], [ -69.7182823, 43.7835075 ], [ -69.7183207, 43.7835295 ], [ -69.7183514, 43.7835365 ], [ -69.7185128, 43.7835145 ], [ -69.7185654, 43.7834973 ], [ -69.7185979, 43.7834747 ], [ -69.7186298, 43.7834045 ], [ -69.7186345, 43.7832785 ], [ -69.7186789, 43.7831672 ], [ -69.7187224, 43.7831243 ], [ -69.7188278, 43.7830878 ], [ -69.7188702, 43.7830628 ], [ -69.7189123, 43.783013 ], [ -69.7189327, 43.7829475 ], [ -69.7189381, 43.7828145 ], [ -69.7189308, 43.7826764 ], [ -69.7188763, 43.782383 ], [ -69.718875, 43.7822508 ], [ -69.7188622, 43.7821928 ], [ -69.7188274, 43.7821519 ], [ -69.7187598, 43.7821239 ] ] ], [ [ [ -69.7195285, 43.7840862 ], [ -69.7195044, 43.7840781 ], [ -69.7194742, 43.7840784 ], [ -69.7192398, 43.7841722 ], [ -69.7192069, 43.7841992 ], [ -69.7191947, 43.78423 ], [ -69.7192075, 43.7842798 ], [ -69.7192493, 43.7843292 ], [ -69.7193927, 43.7844041 ], [ -69.7194226, 43.7844114 ], [ -69.7194767, 43.7844074 ], [ -69.7195217, 43.7843901 ], [ -69.719597, 43.7843333 ], [ -69.7196225, 43.7842886 ], [ -69.7196131, 43.7842194 ], [ -69.7195874, 43.78414 ], [ -69.7195285, 43.7840862 ] ] ], [ [ [ -69.7369885, 43.7738279 ], [ -69.7370535, 43.7736597 ], [ -69.7372335, 43.7734409 ], [ -69.7373393, 43.7733006 ], [ -69.7376602, 43.7731277 ], [ -69.7378011, 43.7729869 ], [ -69.7378011, 43.7728461 ], [ -69.7378336, 43.7727287 ], [ -69.7380394, 43.7725879 ], [ -69.7381369, 43.7724549 ], [ -69.7383319, 43.7722202 ], [ -69.7386461, 43.7719308 ], [ -69.7387653, 43.7718839 ], [ -69.7389928, 43.7718604 ], [ -69.7391228, 43.77179 ], [ -69.7392754, 43.7715099 ], [ -69.7399715, 43.7710282 ], [ -69.7402495, 43.7709744 ], [ -69.740412, 43.7708727 ], [ -69.7403903, 43.770771 ], [ -69.7402495, 43.7707006 ], [ -69.7400003, 43.7706849 ], [ -69.7397078, 43.7707475 ], [ -69.7392975, 43.7709695 ], [ -69.7388628, 43.7710135 ], [ -69.7384728, 43.7710292 ], [ -69.7377902, 43.7711074 ], [ -69.736956, 43.7717802 ], [ -69.7361868, 43.7722105 ], [ -69.7354934, 43.7724921 ], [ -69.7346592, 43.7727268 ], [ -69.733955, 43.7728285 ], [ -69.7339442, 43.7728207 ], [ -69.7334675, 43.7727111 ], [ -69.7333267, 43.7726016 ], [ -69.7332075, 43.7724217 ], [ -69.7331425, 43.7722183 ], [ -69.7330667, 43.7721322 ], [ -69.7328825, 43.7721166 ], [ -69.7327525, 43.7720696 ], [ -69.7326441, 43.7720775 ], [ -69.732525, 43.7721792 ], [ -69.732525, 43.7722887 ], [ -69.7326333, 43.7723982 ], [ -69.7326983, 43.7725938 ], [ -69.7327525, 43.7730397 ], [ -69.7326333, 43.7731805 ], [ -69.732395, 43.7733526 ], [ -69.7323191, 43.7735756 ], [ -69.7322758, 43.7737242 ], [ -69.732135, 43.7739902 ], [ -69.7319616, 43.7742796 ], [ -69.7317991, 43.7744987 ], [ -69.7317124, 43.7746473 ], [ -69.7316041, 43.7749367 ], [ -69.7314849, 43.7751753 ], [ -69.7312141, 43.7754804 ], [ -69.7301415, 43.7764661 ], [ -69.7286681, 43.7776394 ], [ -69.7275414, 43.7786094 ], [ -69.7264905, 43.7793447 ], [ -69.7253855, 43.7801582 ], [ -69.7234462, 43.7813706 ], [ -69.7226662, 43.7819416 ], [ -69.7224387, 43.7820041 ], [ -69.7222762, 43.782012 ], [ -69.7220812, 43.7819572 ], [ -69.721741, 43.7819899 ], [ -69.7215593, 43.782 ], [ -69.7212036, 43.7821643 ], [ -69.7210977, 43.782264 ], [ -69.7210372, 43.78244 ], [ -69.7210599, 43.7825794 ], [ -69.7211358, 43.782822 ], [ -69.720992, 43.78294 ], [ -69.720977, 43.7830526 ], [ -69.721045, 43.7831152 ], [ -69.721136, 43.7831282 ], [ -69.7212115, 43.7832087 ], [ -69.7212345, 43.7833706 ], [ -69.7212801, 43.7834559 ], [ -69.7215299, 43.7836569 ], [ -69.7216664, 43.7838271 ], [ -69.7217196, 43.7839888 ], [ -69.721735, 43.7841733 ], [ -69.7215503, 43.7843233 ], [ -69.7215449, 43.7843897 ], [ -69.721599, 43.7844484 ], [ -69.7219024, 43.7846283 ], [ -69.7220216, 43.7846479 ], [ -69.7221299, 43.7846322 ], [ -69.7222653, 43.7846205 ], [ -69.7224603, 43.7846791 ], [ -69.7225578, 43.784687 ], [ -69.722677, 43.7846713 ], [ -69.7227474, 43.7846948 ], [ -69.7227812, 43.7847855 ], [ -69.7226445, 43.7849216 ], [ -69.7225145, 43.784992 ], [ -69.7223466, 43.7850194 ], [ -69.7219245, 43.7849149 ], [ -69.7217453, 43.7848317 ], [ -69.7216207, 43.7848121 ], [ -69.721507, 43.7848082 ], [ -69.7213986, 43.784773 ], [ -69.7213661, 43.7847222 ], [ -69.7213661, 43.7846439 ], [ -69.7213228, 43.7845736 ], [ -69.7213228, 43.7845227 ], [ -69.7212903, 43.7844797 ], [ -69.7211982, 43.7844406 ], [ -69.721144, 43.7844406 ], [ -69.7210736, 43.784468 ], [ -69.7210032, 43.7844836 ], [ -69.7209165, 43.7844015 ], [ -69.7207432, 43.7841707 ], [ -69.7206619, 43.7841082 ], [ -69.7206186, 43.7840534 ], [ -69.720559, 43.7840495 ], [ -69.7205048, 43.7840964 ], [ -69.7203911, 43.7841434 ], [ -69.7203315, 43.7841825 ], [ -69.7203044, 43.7842529 ], [ -69.7203315, 43.7842959 ], [ -69.7204073, 43.7843585 ], [ -69.7205536, 43.7844132 ], [ -69.7206565, 43.7844641 ], [ -69.7207811, 43.7846166 ], [ -69.7208515, 43.7846713 ], [ -69.7209219, 43.7847613 ], [ -69.7209165, 43.7848942 ], [ -69.7209436, 43.7849646 ], [ -69.7210357, 43.7850585 ], [ -69.7210614, 43.785222 ], [ -69.7208951, 43.7857048 ], [ -69.7207362, 43.7858904 ], [ -69.7206532, 43.7861925 ], [ -69.7205471, 43.7862877 ], [ -69.7203128, 43.7863702 ], [ -69.7199567, 43.7866381 ], [ -69.7196464, 43.7867031 ], [ -69.7195402, 43.7867533 ], [ -69.7194496, 43.7868439 ], [ -69.7194196, 43.7871277 ], [ -69.7193285, 43.7871733 ], [ -69.7192304, 43.7872819 ], [ -69.7189982, 43.7878254 ], [ -69.7215083, 43.7881456 ], [ -69.7213811, 43.7887054 ], [ -69.7210811, 43.7886795 ], [ -69.7207826, 43.7900196 ], [ -69.7209059, 43.7901245 ], [ -69.7208836, 43.7901409 ], [ -69.7206898, 43.7903811 ], [ -69.7205717, 43.790499 ], [ -69.7204092, 43.7906987 ], [ -69.7202481, 43.7909149 ], [ -69.719997, 43.7914101 ], [ -69.719851, 43.7917444 ], [ -69.7197076, 43.7922694 ], [ -69.7196631, 43.7925279 ], [ -69.7196711, 43.7927575 ], [ -69.7197191, 43.7930068 ], [ -69.7198066, 43.7932778 ], [ -69.7198644, 43.7933879 ], [ -69.7201552, 43.793842 ], [ -69.7208164, 43.7947822 ], [ -69.7210222, 43.7951494 ], [ -69.721438, 43.7963503 ], [ -69.7215621, 43.7967717 ], [ -69.7217076, 43.7971032 ], [ -69.7219005, 43.7973554 ], [ -69.7223925, 43.7976654 ], [ -69.7232241, 43.7980934 ], [ -69.7235708, 43.7983123 ], [ -69.7243888, 43.7989209 ], [ -69.7246583, 43.799085 ], [ -69.7251175, 43.7994143 ], [ -69.7252093, 43.7995238 ], [ -69.7257841, 43.7993631 ], [ -69.726948, 43.7990703 ], [ -69.7273849, 43.7989935 ], [ -69.7283757, 43.798871 ], [ -69.7290736, 43.7986551 ], [ -69.7298445, 43.7984494 ], [ -69.7304975, 43.7981492 ], [ -69.7314082, 43.7977205 ], [ -69.7315066, 43.7974728 ], [ -69.7317035, 43.7970259 ], [ -69.7318471, 43.7967548 ], [ -69.731953, 43.7965245 ], [ -69.7320284, 43.7963035 ], [ -69.7321268, 43.7961273 ], [ -69.7321719, 43.7959694 ], [ -69.7322498, 43.7956386 ], [ -69.7323838, 43.7953174 ], [ -69.7326481, 43.7948814 ], [ -69.7329127, 43.7945691 ], [ -69.7331105, 43.7943448 ], [ -69.7332987, 43.7940849 ], [ -69.73345, 43.7939759 ], [ -69.7337076, 43.7938842 ], [ -69.7340331, 43.7937245 ], [ -69.7342222, 43.7935928 ], [ -69.7342827, 43.7934933 ], [ -69.7342673, 43.7933404 ], [ -69.7342371, 43.793192 ], [ -69.7342822, 43.7929441 ], [ -69.7346152, 43.7925413 ], [ -69.7347513, 43.7923603 ], [ -69.7347815, 43.7922566 ], [ -69.7347738, 43.7921081 ], [ -69.7347208, 43.7919329 ], [ -69.7347585, 43.7918111 ], [ -69.734872, 43.7917833 ], [ -69.7350233, 43.7918049 ], [ -69.7351598, 43.79175 ], [ -69.7352809, 43.7916141 ], [ -69.7354321, 43.7914061 ], [ -69.7354244, 43.7912846 ], [ -69.7350605, 43.7910978 ], [ -69.734985, 43.7910173 ], [ -69.7350073, 43.7908776 ], [ -69.7351285, 43.7908768 ], [ -69.7353029, 43.7909387 ], [ -69.7354469, 43.7909648 ], [ -69.7355833, 43.7909414 ], [ -69.7356815, 43.7908057 ], [ -69.7358632, 43.7906425 ], [ -69.7359237, 43.7905385 ], [ -69.7358251, 43.7905121 ], [ -69.7356662, 43.7905402 ], [ -69.7355071, 43.7905232 ], [ -69.7354237, 43.7904652 ], [ -69.7355142, 43.7902125 ], [ -69.7356655, 43.7898829 ], [ -69.7357553, 43.7898289 ], [ -69.7360136, 43.7896961 ], [ -69.7363241, 43.7896446 ], [ -69.7364527, 43.7895537 ], [ -69.7365059, 43.7893958 ], [ -69.7365509, 43.7892019 ], [ -69.7367173, 43.7888722 ], [ -69.7369216, 43.7885828 ], [ -69.7370198, 43.7885461 ], [ -69.7372624, 43.7884995 ], [ -69.7373682, 43.7884223 ], [ -69.7374665, 43.7882056 ], [ -69.7375041, 43.7879442 ], [ -69.737557, 43.7877593 ], [ -69.737572, 43.7876872 ], [ -69.7374205, 43.7876837 ], [ -69.7370871, 43.7876408 ], [ -69.7370114, 43.7875468 ], [ -69.7370035, 43.7873802 ], [ -69.737064, 43.7872448 ], [ -69.7371929, 43.7871764 ], [ -69.7374277, 43.7870984 ], [ -69.7374957, 43.7870079 ], [ -69.7375788, 43.7868138 ], [ -69.7376695, 43.7867052 ], [ -69.7377756, 43.7866504 ], [ -69.7381616, 43.7863958 ], [ -69.7385323, 43.7861233 ], [ -69.73857, 43.7860331 ], [ -69.7384944, 43.785948 ], [ -69.7382368, 43.7858461 ], [ -69.7382062, 43.7857563 ], [ -69.7382212, 43.7855896 ], [ -69.7381757, 43.7854909 ], [ -69.7381809, 43.7851837 ], [ -69.7382666, 43.7849786 ], [ -69.738398, 43.7848479 ], [ -69.7384857, 43.7848001 ], [ -69.7387429, 43.7848119 ], [ -69.739137, 43.7848274 ], [ -69.7392729, 43.7847004 ], [ -69.7393344, 43.7845626 ], [ -69.7394167, 43.7843033 ], [ -69.7394015, 43.7841999 ], [ -69.7392424, 43.7840839 ], [ -69.7389995, 43.7839189 ], [ -69.7389314, 43.7838068 ], [ -69.738913, 43.7836261 ], [ -69.7389529, 43.7835052 ], [ -69.7390506, 43.7833559 ], [ -69.739037, 43.7833605 ], [ -69.7394306, 43.7830023 ], [ -69.7397038, 43.7828146 ], [ -69.7399004, 43.7826526 ], [ -69.7399748, 43.7823932 ], [ -69.7398879, 43.7819147 ], [ -69.7398663, 43.7817074 ], [ -69.7399258, 43.7815901 ], [ -69.7399367, 43.7815275 ], [ -69.7399042, 43.7814571 ], [ -69.7397417, 43.7813789 ], [ -69.7395521, 43.7813124 ], [ -69.7393462, 43.7811638 ], [ -69.7389129, 43.7804989 ], [ -69.7387521, 43.7801221 ], [ -69.7386397, 43.7793248 ], [ -69.7386015, 43.7789694 ], [ -69.7386313, 43.7786766 ], [ -69.7385402, 43.778182 ], [ -69.738449, 43.7779665 ], [ -69.738282, 43.7777154 ], [ -69.738161, 43.7775992 ], [ -69.7376835, 43.7772916 ], [ -69.7373275, 43.7771409 ], [ -69.7372214, 43.7770695 ], [ -69.7368274, 43.7765453 ], [ -69.7366983, 43.7764111 ], [ -69.7362969, 43.7761616 ], [ -69.7359781, 43.7754388 ], [ -69.735948, 43.7751644 ], [ -69.7359553, 43.7749348 ], [ -69.7359928, 43.774795 ], [ -69.7359853, 43.7746329 ], [ -69.7360304, 43.774412 ], [ -69.7363006, 43.7741408 ], [ -69.7364685, 43.7740117 ], [ -69.7365823, 43.7739609 ], [ -69.7369344, 43.77391 ], [ -69.7369506, 43.7739022 ], [ -69.7369885, 43.7738279 ] ] ] ] } },
{ "type": "Feature", "properties": { "osm_type": "relation", "id": 12171840, "boundary": "protected_area", "state": "Maine", "name": "Popham Beach State Park", "wikipedia": "en:Popham Beach State Park", "leisure": "nature_reserve" }, "geometry": { "type": "MultiPolygon", "coordinates": [ [ [ [ -69.817559, 43.7382941 ], [ -69.8172502, 43.7388234 ], [ -69.8172741, 43.739034 ], [ -69.8173241, 43.7390761 ], [ -69.8174954, 43.7390624 ], [ -69.8178236, 43.7388962 ], [ -69.8180692, 43.7388274 ], [ -69.8184696, 43.738474 ], [ -69.8184947, 43.7383663 ], [ -69.8184807, 43.7379853 ], [ -69.818456, 43.7379262 ], [ -69.8183518, 43.737907 ], [ -69.8179859, 43.7380487 ], [ -69.817559, 43.7382941 ] ] ], [ [ [ -69.7939938, 43.7382045 ], [ -69.7938868, 43.7383636 ], [ -69.7927296, 43.7395527 ], [ -69.7921526, 43.7400938 ], [ -69.7914439, 43.7406335 ], [ -69.7920135, 43.7409965 ], [ -69.7927391, 43.7414251 ], [ -69.7925913, 43.7416413 ], [ -69.7921187, 43.7420292 ], [ -69.791815, 43.7423406 ], [ -69.7912065, 43.7429927 ], [ -69.7908508, 43.7434002 ], [ -69.7907311, 43.7435106 ], [ -69.7903398, 43.7438969 ], [ -69.790161, 43.7441739 ], [ -69.7899933, 43.7444768 ], [ -69.7899212, 43.744873 ], [ -69.7898272, 43.7451011 ], [ -69.789389, 43.7460198 ], [ -69.7893308, 43.7460991 ], [ -69.7892754, 43.7461894 ], [ -69.789115, 43.7464242 ], [ -69.7890643, 43.7465218 ], [ -69.792276, 43.7465504 ], [ -69.791762, 43.7490197 ], [ -69.7914938, 43.7495372 ], [ -69.7909008, 43.7513333 ], [ -69.7908607, 43.751384 ], [ -69.7918199, 43.7514139 ], [ -69.7917261, 43.7511288 ], [ -69.7916933, 43.7506341 ], [ -69.7919212, 43.7500337 ], [ -69.7920424, 43.7498617 ], [ -69.7921993, 43.7497398 ], [ -69.7924241, 43.7496571 ], [ -69.792721, 43.7495134 ], [ -69.7928808, 43.7493912 ], [ -69.7929533, 43.7492936 ], [ -69.7929939, 43.7491643 ], [ -69.7930633, 43.7491099 ], [ -69.7931477, 43.7490699 ], [ -69.7932754, 43.749048 ], [ -69.7934016, 43.749005 ], [ -69.793748, 43.7488364 ], [ -69.7938556, 43.7487296 ], [ -69.7941698, 43.7485739 ], [ -69.7944084, 43.7483829 ], [ -69.7945395, 43.7481378 ], [ -69.7944404, 43.7477978 ], [ -69.794516, 43.7475034 ], [ -69.7945669, 43.7473875 ], [ -69.7946627, 43.7473342 ], [ -69.7947792, 43.7473296 ], [ -69.7950462, 43.7474277 ], [ -69.7953367, 43.7474458 ], [ -69.7955868, 43.7473619 ], [ -69.7957342, 43.7472535 ], [ -69.7959049, 43.7471841 ], [ -69.7960684, 43.7470594 ], [ -69.7962487, 43.7469745 ], [ -69.7965565, 43.7467618 ], [ -69.7970311, 43.7459002 ], [ -69.7972944, 43.7455423 ], [ -69.7974732, 43.7450888 ], [ -69.7974991, 43.7447144 ], [ -69.7974881, 43.7445025 ], [ -69.7975118, 43.7440397 ], [ -69.7975817, 43.743756 ], [ -69.7976575, 43.743576 ], [ -69.7976955, 43.7435344 ], [ -69.7978211, 43.7434257 ], [ -69.7978553, 43.7434014 ], [ -69.7979682, 43.7433568 ], [ -69.7980773, 43.7432896 ], [ -69.7981351, 43.7433132 ], [ -69.7981658, 43.7433176 ], [ -69.7982241, 43.7433043 ], [ -69.7983008, 43.7432666 ], [ -69.798353, 43.7432289 ], [ -69.7983837, 43.7431757 ], [ -69.798396, 43.7431369 ], [ -69.798396, 43.7430061 ], [ -69.7984451, 43.7429018 ], [ -69.7984389, 43.7428664 ], [ -69.7983622, 43.7428464 ], [ -69.7982087, 43.7427932 ], [ -69.7981903, 43.7427688 ], [ -69.7982179, 43.7427444 ], [ -69.7982768, 43.742704 ], [ -69.7983868, 43.7426934 ], [ -69.7984604, 43.7427045 ], [ -69.7984942, 43.7427023 ], [ -69.7985341, 43.7426779 ], [ -69.7986602, 43.7425001 ], [ -69.7985709, 43.742424 ], [ -69.7985709, 43.7423885 ], [ -69.7985402, 43.7423242 ], [ -69.7985494, 43.7422953 ], [ -69.7985525, 43.7422111 ], [ -69.7985863, 43.7421379 ], [ -69.798617, 43.7420381 ], [ -69.798663, 43.7419671 ], [ -69.7987091, 43.7419538 ], [ -69.7987516, 43.7419314 ], [ -69.7987995, 43.7418424 ], [ -69.7988595, 43.7417875 ], [ -69.7989362, 43.7417498 ], [ -69.7989976, 43.7416877 ], [ -69.7990528, 43.7416389 ], [ -69.7991879, 43.7416034 ], [ -69.7992063, 43.7416034 ], [ -69.7992125, 43.7416234 ], [ -69.7991971, 43.7416744 ], [ -69.7991449, 43.7417188 ], [ -69.7990835, 43.741752 ], [ -69.7990498, 43.7417875 ], [ -69.7989638, 43.7418341 ], [ -69.7989062, 43.7418734 ], [ -69.798772, 43.742174 ], [ -69.7988019, 43.7422187 ], [ -69.7987846, 43.7422722 ], [ -69.7987997, 43.7422864 ], [ -69.7988698, 43.7422577 ], [ -69.7990144, 43.742123 ], [ -69.7990722, 43.7421131 ], [ -69.7989787, 43.7422392 ], [ -69.7989794, 43.7422813 ], [ -69.7990373, 43.7422485 ], [ -69.7991485, 43.7421615 ], [ -69.7994102, 43.7419159 ], [ -69.7995777, 43.7418341 ], [ -69.7996545, 43.7418319 ], [ -69.7996944, 43.7418474 ], [ -69.7997404, 43.7418984 ], [ -69.7997619, 43.7419427 ], [ -69.7997926, 43.7419472 ], [ -69.7998264, 43.7419361 ], [ -69.7998785, 43.7418784 ], [ -69.7999, 43.7418319 ], [ -69.7999, 43.7417387 ], [ -69.7999277, 43.7415214 ], [ -69.7999583, 43.7414083 ], [ -69.8001395, 43.7410097 ], [ -69.8002039, 43.7409099 ], [ -69.80025, 43.7408256 ], [ -69.800296, 43.7407147 ], [ -69.8003459, 43.7406512 ], [ -69.8005477, 43.7405495 ], [ -69.800606, 43.740534 ], [ -69.8007257, 43.7405295 ], [ -69.8008731, 43.7405029 ], [ -69.8009191, 43.7404675 ], [ -69.8009559, 43.740432 ], [ -69.8010081, 43.740412 ], [ -69.801091, 43.740412 ], [ -69.8013458, 43.740463 ], [ -69.8015269, 43.740463 ], [ -69.8016128, 43.7404697 ], [ -69.8017264, 43.740514 ], [ -69.8017632, 43.7405451 ], [ -69.8018215, 43.7406449 ], [ -69.8019106, 43.7408844 ], [ -69.8019474, 43.7409442 ], [ -69.8019934, 43.7409975 ], [ -69.8020518, 43.7410418 ], [ -69.8021776, 43.7410906 ], [ -69.8022543, 43.7410995 ], [ -69.8023372, 43.7410906 ], [ -69.8024477, 43.7410396 ], [ -69.802592, 43.740942 ], [ -69.8026994, 43.7408445 ], [ -69.8027762, 43.7407912 ], [ -69.8028928, 43.7407225 ], [ -69.8029634, 43.740636 ], [ -69.802991, 43.7405783 ], [ -69.802991, 43.7405118 ], [ -69.8029818, 43.7404164 ], [ -69.8029787, 43.7402435 ], [ -69.8029573, 43.7402124 ], [ -69.8029082, 43.7401925 ], [ -69.8026442, 43.7402146 ], [ -69.8021623, 43.7402146 ], [ -69.8019443, 43.7401814 ], [ -69.801843, 43.7401525 ], [ -69.801754, 43.7401392 ], [ -69.8016834, 43.7401082 ], [ -69.8015361, 43.7400239 ], [ -69.8015023, 43.7399862 ], [ -69.8014987, 43.7397796 ], [ -69.8014532, 43.7396857 ], [ -69.8014409, 43.7396236 ], [ -69.8014379, 43.7395549 ], [ -69.8014894, 43.7394365 ], [ -69.8014501, 43.7393952 ], [ -69.8014041, 43.7393819 ], [ -69.8013765, 43.7393996 ], [ -69.8013642, 43.7394484 ], [ -69.8013335, 43.7394928 ], [ -69.801269, 43.7395216 ], [ -69.8009989, 43.7395416 ], [ -69.8008209, 43.739566 ], [ -69.800784, 43.7395371 ], [ -69.8007441, 43.7394861 ], [ -69.8007564, 43.7394573 ], [ -69.8007779, 43.7394506 ], [ -69.8008055, 43.7394839 ], [ -69.8008608, 43.739495 ], [ -69.8009529, 43.739495 ], [ -69.801266, 43.7394573 ], [ -69.8012905, 43.7394351 ], [ -69.8012844, 43.7392976 ], [ -69.8013243, 43.7392799 ], [ -69.801355, 43.7392599 ], [ -69.8013857, 43.7392267 ], [ -69.8014286, 43.7392267 ], [ -69.8015269, 43.739342 ], [ -69.8015514, 43.7393442 ], [ -69.801576, 43.739322 ], [ -69.8016117, 43.7392374 ], [ -69.8016478, 43.7392018 ], [ -69.8017387, 43.739138 ], [ -69.8017724, 43.7391291 ], [ -69.801797, 43.7391468 ], [ -69.8017724, 43.7391956 ], [ -69.8016803, 43.7392998 ], [ -69.8016527, 43.7393664 ], [ -69.8015514, 43.7395416 ], [ -69.8015514, 43.7395998 ], [ -69.8015852, 43.7396685 ], [ -69.8016343, 43.7399324 ], [ -69.8016619, 43.7399834 ], [ -69.801711, 43.7400189 ], [ -69.8017724, 43.7400478 ], [ -69.8019351, 43.7400788 ], [ -69.8020456, 43.7401076 ], [ -69.8021592, 43.7401187 ], [ -69.8022513, 43.7401143 ], [ -69.8024815, 43.7401121 ], [ -69.8026626, 43.7401254 ], [ -69.8027424, 43.7401143 ], [ -69.8028253, 43.7400877 ], [ -69.8028884, 43.7400754 ], [ -69.802988, 43.7401082 ], [ -69.8030524, 43.7401614 ], [ -69.8030832, 43.7402445 ], [ -69.8031199, 43.7403721 ], [ -69.8031537, 43.7405606 ], [ -69.8031046, 43.7407158 ], [ -69.8030739, 43.7407668 ], [ -69.8030002, 43.7408112 ], [ -69.802945, 43.7408711 ], [ -69.8026718, 43.7410507 ], [ -69.8026196, 43.7410973 ], [ -69.8025367, 43.741135 ], [ -69.8024048, 43.7411815 ], [ -69.8022451, 43.7412037 ], [ -69.8021009, 43.7412059 ], [ -69.8020456, 43.7411926 ], [ -69.8019474, 43.7410995 ], [ -69.8018277, 43.7410463 ], [ -69.801748, 43.7409254 ], [ -69.8016834, 43.7407402 ], [ -69.8016343, 43.7406449 ], [ -69.8016005, 43.7406183 ], [ -69.8015422, 43.7406072 ], [ -69.8012414, 43.7405739 ], [ -69.8010879, 43.7405872 ], [ -69.8009774, 43.7406094 ], [ -69.8007871, 43.7406338 ], [ -69.8007319, 43.7406582 ], [ -69.8006735, 43.7406914 ], [ -69.8006214, 43.7407003 ], [ -69.8005784, 43.7407025 ], [ -69.800512, 43.7407299 ], [ -69.8004331, 43.7409358 ], [ -69.8003617, 43.7410115 ], [ -69.8003539, 43.7410397 ], [ -69.80025, 43.7411926 ], [ -69.8002653, 43.7412104 ], [ -69.8002868, 43.7412104 ], [ -69.8004648, 43.7411771 ], [ -69.8006091, 43.7411571 ], [ -69.8008147, 43.7411505 ], [ -69.8009651, 43.7411571 ], [ -69.8011002, 43.7411815 ], [ -69.8012046, 43.7412104 ], [ -69.8012598, 43.741237 ], [ -69.8013274, 43.7412924 ], [ -69.8013673, 43.7413368 ], [ -69.8014102, 43.7413723 ], [ -69.8015668, 43.7414831 ], [ -69.8016312, 43.7415009 ], [ -69.8016896, 43.7415097 ], [ -69.8017417, 43.7415341 ], [ -69.801797, 43.741614 ], [ -69.8018614, 43.7417648 ], [ -69.8018829, 43.741798 ], [ -69.801929, 43.7418113 ], [ -69.8021162, 43.7418291 ], [ -69.8022329, 43.7418535 ], [ -69.8022543, 43.741838 ], [ -69.8022789, 43.7417714 ], [ -69.8023403, 43.741665 ], [ -69.8024048, 43.7415785 ], [ -69.8024262, 43.741512 ], [ -69.8024416, 43.7413634 ], [ -69.8024784, 43.7413146 ], [ -69.8025337, 43.741268 ], [ -69.8026779, 43.7412237 ], [ -69.802767, 43.7412015 ], [ -69.8028897, 43.7412015 ], [ -69.8030033, 43.7411971 ], [ -69.8034269, 43.7411416 ], [ -69.8037154, 43.7411372 ], [ -69.8039303, 43.7410884 ], [ -69.8040408, 43.7410684 ], [ -69.8040684, 43.741044 ], [ -69.8040899, 43.7410019 ], [ -69.8041851, 43.7409531 ], [ -69.8042802, 43.7408533 ], [ -69.8043508, 43.7407668 ], [ -69.8043815, 43.7407092 ], [ -69.8044245, 43.7406848 ], [ -69.8044429, 43.7406937 ], [ -69.804446, 43.740718 ], [ -69.8044122, 43.7408023 ], [ -69.8042802, 43.7409775 ], [ -69.8042096, 43.7410196 ], [ -69.8041636, 43.7410529 ], [ -69.8041267, 43.7410973 ], [ -69.8040746, 43.7411239 ], [ -69.8039763, 43.7411416 ], [ -69.8037952, 43.7411882 ], [ -69.8036709, 43.7412048 ], [ -69.8035466, 43.7412004 ], [ -69.8034637, 43.7412093 ], [ -69.8034054, 43.7412281 ], [ -69.8033379, 43.7412392 ], [ -69.8032489, 43.7412348 ], [ -69.8030831, 43.7412736 ], [ -69.8029557, 43.7412758 ], [ -69.8027347, 43.741293 ], [ -69.8026626, 43.7413129 ], [ -69.8025966, 43.7413362 ], [ -69.8025628, 43.7413595 ], [ -69.8025459, 43.7413839 ], [ -69.8025383, 43.7414083 ], [ -69.8025229, 43.7415458 ], [ -69.8024846, 43.7416256 ], [ -69.8024508, 43.7416744 ], [ -69.8024001, 43.7417301 ], [ -69.8023449, 43.7418709 ], [ -69.8023081, 43.7419131 ], [ -69.8022666, 43.7419452 ], [ -69.8022375, 43.7419541 ], [ -69.8021793, 43.741964 ], [ -69.8020763, 43.7419319 ], [ -69.8020333, 43.7419319 ], [ -69.802018, 43.7419497 ], [ -69.8020272, 43.7419918 ], [ -69.8020759, 43.7420878 ], [ -69.802128, 43.74222 ], [ -69.8021377, 43.7423089 ], [ -69.8021592, 43.7423333 ], [ -69.8022083, 43.7423444 ], [ -69.8023004, 43.7423488 ], [ -69.8023556, 43.7423599 ], [ -69.8023986, 43.7423976 ], [ -69.8024385, 43.7424242 ], [ -69.8024723, 43.7424398 ], [ -69.802506, 43.7424708 ], [ -69.8025214, 43.7425285 ], [ -69.802635, 43.7426393 ], [ -69.8026902, 43.7427103 ], [ -69.8027209, 43.7427635 ], [ -69.8028283, 43.7428544 ], [ -69.8029082, 43.743023 ], [ -69.8030094, 43.7432824 ], [ -69.8030371, 43.7434798 ], [ -69.8030493, 43.7435308 ], [ -69.803077, 43.7435552 ], [ -69.8032335, 43.7435995 ], [ -69.8032826, 43.7436284 ], [ -69.803298, 43.7436594 ], [ -69.8033164, 43.7436727 ], [ -69.8033532, 43.7436616 ], [ -69.8034139, 43.7435841 ], [ -69.8034541, 43.7435112 ], [ -69.8037157, 43.7432833 ], [ -69.8039151, 43.7431438 ], [ -69.8041443, 43.7429516 ], [ -69.8056247, 43.7415614 ], [ -69.8057877, 43.7413526 ], [ -69.8058173, 43.7412978 ], [ -69.8058692, 43.7411718 ], [ -69.805951, 43.7410921 ], [ -69.8059749, 43.741061 ], [ -69.8060984, 43.7408031 ], [ -69.8061337, 43.7407484 ], [ -69.8062984, 43.740582 ], [ -69.8064353, 43.7404694 ], [ -69.8069416, 43.739966 ], [ -69.8073469, 43.7394477 ], [ -69.8074565, 43.7396496 ], [ -69.8074927, 43.7397764 ], [ -69.8075077, 43.7398807 ], [ -69.8077109, 43.7399278 ], [ -69.8076851, 43.7399722 ], [ -69.8076393, 43.7400296 ], [ -69.807566, 43.7401072 ], [ -69.8076535, 43.7401832 ], [ -69.8076844, 43.7402458 ], [ -69.8078168, 43.7404025 ], [ -69.8080539, 43.7404583 ], [ -69.8082716, 43.7404476 ], [ -69.8084787, 43.7404572 ], [ -69.8085889, 43.7405292 ], [ -69.80872, 43.7405918 ], [ -69.8089337, 43.7406014 ], [ -69.8092989, 43.740585 ], [ -69.809483, 43.740514 ], [ -69.8096304, 43.7404785 ], [ -69.8098575, 43.7405052 ], [ -69.8102136, 43.7404741 ], [ -69.81041, 43.740381 ], [ -69.81041, 43.7403765 ], [ -69.8105328, 43.7402568 ], [ -69.8106249, 43.7401991 ], [ -69.8108827, 43.7401991 ], [ -69.8110055, 43.7402568 ], [ -69.8110424, 43.7403277 ], [ -69.8111406, 43.740381 ], [ -69.8113002, 43.740412 ], [ -69.8114905, 43.7405007 ], [ -69.8116808, 43.740687 ], [ -69.8118159, 43.7407314 ], [ -69.8119387, 43.7407846 ], [ -69.8120492, 43.7408622 ], [ -69.8120614, 43.7409731 ], [ -69.8121474, 43.7411948 ], [ -69.812221, 43.7416029 ], [ -69.8122886, 43.7419311 ], [ -69.8125356, 43.7425067 ], [ -69.8126446, 43.7427887 ], [ -69.81266, 43.7428841 ], [ -69.8125983, 43.7430304 ], [ -69.8124783, 43.7431696 ], [ -69.8124362, 43.7432635 ], [ -69.8124192, 43.7434086 ], [ -69.8124201, 43.7435733 ], [ -69.8124668, 43.7436882 ], [ -69.8125001, 43.7438068 ], [ -69.8125542, 43.7439396 ], [ -69.812691, 43.7441504 ], [ -69.8129341, 43.7443251 ], [ -69.8129981, 43.7443892 ], [ -69.8130361, 43.7445 ], [ -69.8130015, 43.7446008 ], [ -69.8129681, 43.7446662 ], [ -69.812905, 43.7447722 ], [ -69.8128759, 43.7449017 ], [ -69.8128518, 43.7449749 ], [ -69.8128179, 43.7451114 ], [ -69.8127891, 43.7451713 ], [ -69.8127461, 43.7452315 ], [ -69.8126615, 43.745317 ], [ -69.8125978, 43.7453611 ], [ -69.8120061, 43.7459223 ], [ -69.8122002, 43.7458997 ], [ -69.812299, 43.7458332 ], [ -69.812326, 43.7458826 ], [ -69.8122903, 43.7460118 ], [ -69.8124083, 43.7461006 ], [ -69.8124451, 43.7461117 ], [ -69.8125127, 43.7462381 ], [ -69.8125372, 43.7462691 ], [ -69.8125833, 43.7462758 ], [ -69.8126262, 43.7462625 ], [ -69.8126753, 43.7461982 ], [ -69.8126815, 43.7460873 ], [ -69.8126569, 43.7459387 ], [ -69.8126723, 43.7458412 ], [ -69.8126483, 43.7456321 ], [ -69.8126919, 43.7454465 ], [ -69.8128837, 43.7453325 ], [ -69.8129152, 43.7452939 ], [ -69.8129869, 43.7451445 ], [ -69.8130734, 43.7446414 ], [ -69.8130836, 43.7444574 ], [ -69.813059, 43.7443599 ], [ -69.8129823, 43.7441736 ], [ -69.8129639, 43.744096 ], [ -69.81297, 43.7440162 ], [ -69.8130854, 43.7436439 ], [ -69.813059, 43.7435771 ], [ -69.8130099, 43.743566 ], [ -69.8129792, 43.7435749 ], [ -69.8129608, 43.7436436 ], [ -69.8129455, 43.7436658 ], [ -69.8128626, 43.7436902 ], [ -69.8128012, 43.7437257 ], [ -69.8127613, 43.7437345 ], [ -69.8127091, 43.7437124 ], [ -69.8126938, 43.7436857 ], [ -69.8127306, 43.7436547 ], [ -69.8127551, 43.7436192 ], [ -69.8128317, 43.7435613 ], [ -69.8129362, 43.743464 ], [ -69.8129884, 43.7434529 ], [ -69.8130406, 43.7434684 ], [ -69.8130805, 43.7434662 ], [ -69.8131051, 43.7434307 ], [ -69.8131573, 43.7433065 ], [ -69.8131634, 43.7431114 ], [ -69.813191, 43.7429318 ], [ -69.8132217, 43.7428919 ], [ -69.8132217, 43.7428542 ], [ -69.8131603, 43.7427832 ], [ -69.8131757, 43.7427255 ], [ -69.8131879, 43.7426391 ], [ -69.8131787, 43.7425548 ], [ -69.8132064, 43.742506 ], [ -69.8132739, 43.7424594 ], [ -69.8132984, 43.7423973 ], [ -69.8133353, 43.7423441 ], [ -69.8133905, 43.7423042 ], [ -69.8135317, 43.7422837 ], [ -69.813544, 43.7422549 ], [ -69.8135256, 43.7422127 ], [ -69.8134151, 43.7420575 ], [ -69.8133568, 43.7420287 ], [ -69.8132954, 43.7419887 ], [ -69.8132371, 43.7419843 ], [ -69.8129976, 43.7420752 ], [ -69.8129547, 43.7421107 ], [ -69.8129731, 43.7422149 ], [ -69.8129608, 43.7422416 ], [ -69.8129209, 43.7422593 ], [ -69.8128227, 43.7422416 ], [ -69.8127582, 43.7422194 ], [ -69.8127183, 43.7422282 ], [ -69.8126508, 43.7422593 ], [ -69.8126139, 43.7422615 ], [ -69.8126047, 43.7422416 ], [ -69.8126508, 43.7421861 ], [ -69.8126784, 43.7421395 ], [ -69.8127429, 43.7421107 ], [ -69.8127674, 43.7420952 ], [ -69.8127981, 43.7420597 ], [ -69.8128472, 43.7420242 ], [ -69.8129976, 43.7420242 ], [ -69.8130467, 43.7419998 ], [ -69.8130867, 43.741951 ], [ -69.8131296, 43.7419289 ], [ -69.8132125, 43.7419111 ], [ -69.8132616, 43.741889 ], [ -69.8132831, 43.7418446 ], [ -69.8133138, 43.741798 ], [ -69.8133936, 43.7417581 ], [ -69.8134857, 43.7417249 ], [ -69.8135379, 43.7417005 ], [ -69.8135409, 43.7416605 ], [ -69.8135133, 43.7415918 ], [ -69.8134918, 43.7415607 ], [ -69.8134458, 43.7415497 ], [ -69.8134028, 43.7415497 ], [ -69.8133322, 43.7415319 ], [ -69.8133015, 43.7415053 ], [ -69.8132954, 43.7414654 ], [ -69.8133506, 43.7412547 ], [ -69.813369, 43.7411971 ], [ -69.8133936, 43.7411594 ], [ -69.8133598, 43.7411372 ], [ -69.8132862, 43.7411194 ], [ -69.8131388, 43.7410707 ], [ -69.8130744, 43.7410407 ], [ -69.8130283, 43.7410429 ], [ -69.812924, 43.7410762 ], [ -69.8128963, 43.7411117 ], [ -69.812881, 43.7411494 ], [ -69.8128257, 43.741176 ], [ -69.8127429, 43.7411915 ], [ -69.8126938, 43.7411716 ], [ -69.8126661, 43.7411472 ], [ -69.8126968, 43.7411383 ], [ -69.8127582, 43.7411383 ], [ -69.812792, 43.7411206 ], [ -69.812838, 43.7410474 ], [ -69.8128933, 43.7410296 ], [ -69.8129608, 43.7409875 ], [ -69.8129608, 43.7409454 ], [ -69.8128656, 43.7407923 ], [ -69.812838, 43.7407569 ], [ -69.812835, 43.7407236 ], [ -69.8128043, 43.7407147 ], [ -69.8127398, 43.7407036 ], [ -69.8126876, 43.7406726 ], [ -69.8126293, 43.740626 ], [ -69.8125955, 43.7406083 ], [ -69.8125771, 43.7406127 ], [ -69.8125771, 43.7406548 ], [ -69.8125618, 43.7407081 ], [ -69.8125341, 43.7407125 ], [ -69.8125311, 43.7406682 ], [ -69.8125127, 43.7406282 ], [ -69.8124881, 43.740595 ], [ -69.8124973, 43.7405506 ], [ -69.8125648, 43.7405262 ], [ -69.8126262, 43.7405329 ], [ -69.8126661, 43.7405617 ], [ -69.8127183, 43.7405817 ], [ -69.8127429, 43.7406349 ], [ -69.8127674, 43.7406615 ], [ -69.8128043, 43.7406593 ], [ -69.8129239, 43.7405873 ], [ -69.812913, 43.7405207 ], [ -69.8129196, 43.7403583 ], [ -69.8128749, 43.7403067 ], [ -69.8127981, 43.7402424 ], [ -69.8127736, 43.7402091 ], [ -69.8127244, 43.740167 ], [ -69.8126661, 43.7400428 ], [ -69.8126047, 43.7400095 ], [ -69.8125127, 43.7399962 ], [ -69.8124298, 43.7399785 ], [ -69.8123592, 43.7399918 ], [ -69.8123131, 43.7400073 ], [ -69.8122671, 43.7400073 ], [ -69.8122303, 43.7399829 ], [ -69.812221, 43.7399496 ], [ -69.812218, 43.7398521 ], [ -69.8122517, 43.7398121 ], [ -69.812307, 43.7397656 ], [ -69.8123285, 43.7397256 ], [ -69.8123162, 43.7396769 ], [ -69.8121535, 43.7394373 ], [ -69.8121105, 43.7393863 ], [ -69.8120645, 43.7393775 ], [ -69.8119939, 43.7393886 ], [ -69.8117361, 43.739444 ], [ -69.8115576, 43.7395188 ], [ -69.8114107, 43.7395438 ], [ -69.8113309, 43.7395682 ], [ -69.8113186, 43.7395904 ], [ -69.8114291, 43.73977 ], [ -69.8114353, 43.7398188 ], [ -69.8114138, 43.7398787 ], [ -69.8113125, 43.7399563 ], [ -69.8111897, 43.7400051 ], [ -69.8111252, 43.7400117 ], [ -69.8110546, 43.7400029 ], [ -69.8107201, 43.7399363 ], [ -69.8105697, 43.7398803 ], [ -69.8105083, 43.739867 ], [ -69.8099957, 43.7398848 ], [ -69.8080864, 43.7399225 ], [ -69.8080465, 43.7399092 ], [ -69.8078439, 43.7397983 ], [ -69.8076106, 43.7397805 ], [ -69.8075984, 43.739765 ], [ -69.8076383, 43.7397517 ], [ -69.80789, 43.7397628 ], [ -69.8079329, 43.7397761 ], [ -69.8080772, 43.7398737 ], [ -69.8091638, 43.7398448 ], [ -69.8096396, 43.7398426 ], [ -69.8104561, 43.7398094 ], [ -69.8105083, 43.7398005 ], [ -69.8105083, 43.7396674 ], [ -69.8105297, 43.7396319 ], [ -69.8106889, 43.7395612 ], [ -69.8107078, 43.7395144 ], [ -69.8106955, 43.7394789 ], [ -69.8106188, 43.7394035 ], [ -69.8105819, 43.7393813 ], [ -69.8104898, 43.7394257 ], [ -69.8102474, 43.7394501 ], [ -69.8100816, 43.7393947 ], [ -69.8099864, 43.739388 ], [ -69.809922, 43.7393636 ], [ -69.8099128, 43.7393281 ], [ -69.8099465, 43.7392793 ], [ -69.8101, 43.7391041 ], [ -69.8101583, 43.7390664 ], [ -69.8101982, 43.7390687 ], [ -69.8102658, 43.7390908 ], [ -69.8103394, 43.7390908 ], [ -69.8104653, 43.7389955 ], [ -69.8106403, 43.7388907 ], [ -69.8106495, 43.738853 ], [ -69.8106218, 43.7387998 ], [ -69.8105574, 43.738751 ], [ -69.8105144, 43.738711 ], [ -69.8105144, 43.7386778 ], [ -69.8105604, 43.7386223 ], [ -69.8105789, 43.7385514 ], [ -69.8105758, 43.738507 ], [ -69.8106096, 43.7384649 ], [ -69.8106218, 43.7384183 ], [ -69.8105942, 43.7383895 ], [ -69.8105451, 43.7382936 ], [ -69.8105574, 43.7381915 ], [ -69.8105205, 43.7380895 ], [ -69.8105267, 43.7380274 ], [ -69.8105666, 43.7380075 ], [ -69.8106065, 43.7380075 ], [ -69.8106403, 43.738023 ], [ -69.8106403, 43.7380274 ], [ -69.810585, 43.7380718 ], [ -69.810585, 43.7381184 ], [ -69.8106126, 43.7381738 ], [ -69.8106249, 43.7382182 ], [ -69.8106188, 43.7383002 ], [ -69.810628, 43.7383357 ], [ -69.8106771, 43.7383934 ], [ -69.8106924, 43.7384288 ], [ -69.8106894, 43.7384577 ], [ -69.8106495, 43.738522 ], [ -69.810631, 43.7386151 ], [ -69.8106065, 43.7386684 ], [ -69.8106065, 43.7386994 ], [ -69.8106986, 43.7387792 ], [ -69.8107108, 43.7388746 ], [ -69.8107108, 43.7389079 ], [ -69.8105635, 43.7390254 ], [ -69.8103855, 43.7391219 ], [ -69.8103241, 43.7391441 ], [ -69.8102596, 43.7391441 ], [ -69.8102013, 43.7391374 ], [ -69.8101614, 43.7391596 ], [ -69.8100448, 43.7392771 ], [ -69.8100294, 43.7393126 ], [ -69.810057, 43.739337 ], [ -69.8102228, 43.739357 ], [ -69.8103026, 43.7393769 ], [ -69.8103548, 43.7393791 ], [ -69.810496, 43.7393104 ], [ -69.8105758, 43.7392838 ], [ -69.810628, 43.7392949 ], [ -69.8106832, 43.7393414 ], [ -69.8107538, 43.7393924 ], [ -69.8107876, 43.7394346 ], [ -69.8107968, 43.7394944 ], [ -69.8107876, 43.7395721 ], [ -69.8107446, 43.7396186 ], [ -69.8106372, 43.7396696 ], [ -69.8106003, 43.7396985 ], [ -69.8106034, 43.739785 ], [ -69.810631, 43.739816 ], [ -69.8106955, 43.7398315 ], [ -69.8107784, 43.739867 ], [ -69.8108336, 43.7398848 ], [ -69.8111713, 43.7399225 ], [ -69.811202, 43.7399225 ], [ -69.811248, 43.7399047 ], [ -69.8113063, 43.7398559 ], [ -69.8113186, 43.7398138 ], [ -69.8113094, 43.7397783 ], [ -69.8111928, 43.739683 ], [ -69.8111651, 43.7396364 ], [ -69.8111651, 43.7395787 ], [ -69.8111928, 43.7395277 ], [ -69.8112634, 43.7394811 ], [ -69.8114076, 43.7394501 ], [ -69.8114874, 43.7394279 ], [ -69.8116041, 43.7393791 ], [ -69.811997, 43.7392949 ], [ -69.8121505, 43.7392993 ], [ -69.8122425, 43.7393348 ], [ -69.8122916, 43.739388 ], [ -69.8123469, 43.73949 ], [ -69.8124144, 43.7395654 ], [ -69.8125127, 43.7396497 ], [ -69.8125188, 43.7396497 ], [ -69.8125372, 43.7397783 ], [ -69.8125679, 43.7398448 ], [ -69.8126293, 43.7398803 ], [ -69.8127459, 43.7398537 ], [ -69.812838, 43.7398981 ], [ -69.8128749, 43.739969 ], [ -69.8128933, 43.7400932 ], [ -69.8129424, 43.7401598 ], [ -69.8130283, 43.7402174 ], [ -69.8131081, 43.7403106 ], [ -69.8131204, 43.7404303 ], [ -69.8130959, 43.7405545 ], [ -69.8130652, 43.7407851 ], [ -69.8130959, 43.7408605 ], [ -69.8131695, 43.7409182 ], [ -69.8133107, 43.7409936 ], [ -69.813366, 43.7410158 ], [ -69.8134335, 43.740998 ], [ -69.81363, 43.7409315 ], [ -69.8138878, 43.7408384 ], [ -69.814072, 43.7408029 ], [ -69.8142868, 43.7407541 ], [ -69.8144035, 43.7407452 ], [ -69.8145938, 43.7407984 ], [ -69.8147411, 43.7408251 ], [ -69.8149498, 43.7408384 ], [ -69.8150603, 43.7408605 ], [ -69.8151402, 43.7409093 ], [ -69.815177, 43.7409093 ], [ -69.81522, 43.7408694 ], [ -69.8152629, 43.7407807 ], [ -69.815312, 43.7406964 ], [ -69.8153305, 43.7405279 ], [ -69.8154934, 43.7402339 ], [ -69.8157633, 43.7398382 ], [ -69.8160641, 43.7392926 ], [ -69.8163135, 43.7389395 ], [ -69.8163894, 43.7386695 ], [ -69.816371, 43.7385985 ], [ -69.8163772, 43.738532 ], [ -69.816457, 43.7384832 ], [ -69.8165061, 43.7384033 ], [ -69.8165122, 43.7383368 ], [ -69.8164447, 43.7382747 ], [ -69.8164386, 43.7381239 ], [ -69.816414, 43.7380662 ], [ -69.8163526, 43.737982 ], [ -69.8162912, 43.7379376 ], [ -69.8162605, 43.7378977 ], [ -69.8163035, 43.7378578 ], [ -69.8163772, 43.7378755 ], [ -69.816457, 43.7379243 ], [ -69.8164938, 43.738013 ], [ -69.8165491, 43.7380574 ], [ -69.8166289, 43.738084 ], [ -69.8166841, 43.7380751 ], [ -69.8167455, 43.7380041 ], [ -69.8169297, 43.7377602 ], [ -69.8170402, 43.7375916 ], [ -69.8171691, 43.737443 ], [ -69.8172274, 43.7373499 ], [ -69.8172458, 43.7373055 ], [ -69.8172919, 43.7372235 ], [ -69.8173809, 43.7371215 ], [ -69.8174899, 43.7370459 ], [ -69.8176111, 43.736928 ], [ -69.8177185, 43.7368348 ], [ -69.8177584, 43.7367772 ], [ -69.8177677, 43.7367328 ], [ -69.8178106, 43.736704 ], [ -69.817872, 43.7366463 ], [ -69.8180101, 43.73648 ], [ -69.8180531, 43.7364179 ], [ -69.8181084, 43.7362587 ], [ -69.8180853, 43.7359895 ], [ -69.8180408, 43.7358723 ], [ -69.8180224, 43.7357858 ], [ -69.8180224, 43.7355973 ], [ -69.8179917, 43.7355374 ], [ -69.8179303, 43.7354775 ], [ -69.817829, 43.7353999 ], [ -69.8177646, 43.7353334 ], [ -69.817562, 43.7351626 ], [ -69.8174576, 43.7351182 ], [ -69.8173717, 43.7350628 ], [ -69.8172581, 43.7349696 ], [ -69.8170709, 43.7348853 ], [ -69.8167117, 43.7347889 ], [ -69.8165798, 43.7347623 ], [ -69.8164754, 43.73476 ], [ -69.8163066, 43.7347822 ], [ -69.8162329, 43.7348266 ], [ -69.8161316, 43.7349109 ], [ -69.8160856, 43.7349308 ], [ -69.8160334, 43.7349353 ], [ -69.8157817, 43.7349175 ], [ -69.8156681, 43.7348931 ], [ -69.8155791, 43.734851 ], [ -69.8153642, 43.7347312 ], [ -69.8153028, 43.7347246 ], [ -69.8152568, 43.7347578 ], [ -69.815223, 43.7348332 ], [ -69.8151708, 43.7349131 ], [ -69.8151217, 43.7349441 ], [ -69.8150849, 43.7349508 ], [ -69.8150511, 43.7349375 ], [ -69.8150235, 43.7349064 ], [ -69.8150266, 43.7348798 ], [ -69.8150788, 43.7348488 ], [ -69.8151187, 43.7348022 ], [ -69.8151586, 43.7347334 ], [ -69.8151923, 43.7346469 ], [ -69.815223, 43.7346137 ], [ -69.815309, 43.7345804 ], [ -69.8153919, 43.7345604 ], [ -69.815441, 43.7345848 ], [ -69.8154717, 43.7346491 ], [ -69.8155177, 43.7347223 ], [ -69.815576, 43.7347534 ], [ -69.8156313, 43.7347667 ], [ -69.8157755, 43.7348354 ], [ -69.8158369, 43.734851 ], [ -69.815929, 43.7348576 ], [ -69.8159751, 43.7348399 ], [ -69.8160088, 43.7348066 ], [ -69.8160794, 43.734749 ], [ -69.8162022, 43.7347046 ], [ -69.8162912, 43.734678 ], [ -69.8163956, 43.7346625 ], [ -69.8164754, 43.7346558 ], [ -69.8164969, 43.7346403 ], [ -69.8164846, 43.7346181 ], [ -69.8163588, 43.7345294 ], [ -69.8162636, 43.7344518 ], [ -69.8161531, 43.7343741 ], [ -69.8159505, 43.7342411 ], [ -69.8158369, 43.73419 ], [ -69.8157326, 43.7341235 ], [ -69.8156835, 43.7340658 ], [ -69.815619, 43.734006 ], [ -69.8154072, 43.7338551 ], [ -69.815312, 43.7337797 ], [ -69.8152445, 43.7337598 ], [ -69.8149591, 43.7337309 ], [ -69.8144495, 43.7337176 ], [ -69.8139523, 43.7337487 ], [ -69.8137558, 43.7337797 ], [ -69.8134117, 43.7338855 ], [ -69.8131848, 43.7338752 ], [ -69.8128956, 43.7338403 ], [ -69.8128816, 43.7338034 ], [ -69.8125026, 43.7335916 ], [ -69.812364, 43.7335203 ], [ -69.811822, 43.7334892 ], [ -69.8110853, 43.7333561 ], [ -69.8107907, 43.7333561 ], [ -69.8105697, 43.7334093 ], [ -69.8099926, 43.7337642 ], [ -69.8087157, 43.7340037 ], [ -69.8077089, 43.7340747 ], [ -69.8058672, 43.7341457 ], [ -69.8047621, 43.7342699 ], [ -69.8030518, 43.734648 ], [ -69.8018277, 43.7349441 ], [ -69.8011401, 43.7350417 ], [ -69.8004157, 43.7350506 ], [ -69.799986, 43.7351393 ], [ -69.7995071, 43.7352724 ], [ -69.7992493, 43.7352812 ], [ -69.7987091, 43.7352014 ], [ -69.7976163, 43.7348377 ], [ -69.7971252, 43.7346957 ], [ -69.7966709, 43.7347046 ], [ -69.7959833, 43.7348465 ], [ -69.7953449, 43.7349974 ], [ -69.795087, 43.7349974 ], [ -69.7948906, 43.7349175 ], [ -69.7947555, 43.734882 ], [ -69.7948292, 43.7354143 ], [ -69.7949029, 43.7358224 ], [ -69.7948783, 43.7363813 ], [ -69.7947678, 43.7368248 ], [ -69.7944039, 43.7373533 ], [ -69.7941587, 43.7378521 ], [ -69.7939938, 43.7382045 ] ] ] ] } },
{ "type": "Feature", "properties": { "osm_type": "relation", "id": 13336183, "boundary": null, "state": "Maine", "name": "Shackford Head State Park", "wikipedia": null, "leisure": "park" }, "geometry": { "type": "MultiPolygon", "coordinates": [ [ [ [ -67.0213474, 44.9009002 ], [ -67.0213679, 44.9000512 ], [ -67.0211262, 44.8998917 ], [ -67.0207053, 44.8997301 ], [ -67.020523, 44.8996104 ], [ -67.0206356, 44.8994014 ], [ -67.0208019, 44.8991487 ], [ -67.0203567, 44.8987003 ], [ -67.0199375, 44.898472 ], [ -67.0191911, 44.8979824 ], [ -67.0188593, 44.8979922 ], [ -67.01756, 44.8983937 ], [ -67.0168827, 44.8985503 ], [ -67.0161777, 44.8985209 ], [ -67.0158598, 44.8984426 ], [ -67.0148784, 44.8983741 ], [ -67.0140767, 44.8972481 ], [ -67.0138417, 44.8968074 ], [ -67.01351, 44.8966899 ], [ -67.0131782, 44.8967389 ], [ -67.0130535, 44.8973125 ], [ -67.0132978, 44.8976449 ], [ -67.0137474, 44.8980949 ], [ -67.0139038, 44.8984411 ], [ -67.0139038, 44.898628 ], [ -67.0138745, 44.898808 ], [ -67.0135324, 44.8990988 ], [ -67.0131219, 44.8993757 ], [ -67.0129655, 44.899535 ], [ -67.0128971, 44.8997081 ], [ -67.012946, 44.8998811 ], [ -67.0142166, 44.9006358 ], [ -67.0146173, 44.9009266 ], [ -67.0152624, 44.9015289 ], [ -67.0154481, 44.901882 ], [ -67.0154188, 44.9022489 ], [ -67.0153699, 44.9024427 ], [ -67.0153015, 44.9026158 ], [ -67.0148421, 44.9030796 ], [ -67.0140016, 44.903585 ], [ -67.0127602, 44.9042081 ], [ -67.0124573, 44.9045265 ], [ -67.0122422, 44.9048727 ], [ -67.0120565, 44.9049903 ], [ -67.0118513, 44.9050803 ], [ -67.0118028, 44.9059111 ], [ -67.0123546, 44.9059855 ], [ -67.0147554, 44.906309 ], [ -67.0150931, 44.9062796 ], [ -67.016218, 44.9062313 ], [ -67.0167583, 44.9061381 ], [ -67.0170762, 44.9060206 ], [ -67.0171868, 44.9057856 ], [ -67.0171868, 44.9053157 ], [ -67.0172836, 44.9050905 ], [ -67.0177673, 44.9047577 ], [ -67.0180023, 44.9042877 ], [ -67.0185829, 44.9036905 ], [ -67.0190667, 44.9032891 ], [ -67.0193431, 44.902829 ], [ -67.0195366, 44.9026332 ], [ -67.0198546, 44.9025059 ], [ -67.0203936, 44.9018695 ], [ -67.0209742, 44.9015758 ], [ -67.0211815, 44.9013799 ], [ -67.0213197, 44.9011645 ], [ -67.0213474, 44.9009002 ] ] ] ] } },
{ "type": "Feature", "properties": { "osm_type": "relation", "id": 18667621, "boundary": null, "state": "Maine", "name": "Warren Island State Park", "wikipedia": null, "leisure": "nature_reserve" }, "geometry": { "type": "MultiPolygon", "coordinates": [ [ [ [ -68.9482433, 44.2754137 ], [ -68.9483353, 44.2752469 ], [ -68.948388, 44.2751148 ], [ -68.9484437, 44.2750029 ], [ -68.9484654, 44.274941 ], [ -68.9485004, 44.2747992 ], [ -68.9484958, 44.2746957 ], [ -68.948512, 44.274588 ], [ -68.9485598, 44.2743702 ], [ -68.9485989, 44.2742679 ], [ -68.9487629, 44.274131 ], [ -68.9488647, 44.2740557 ], [ -68.9489344, 44.2739914 ], [ -68.9489435, 44.273941 ], [ -68.9489075, 44.2736986 ], [ -68.948825, 44.2735659 ], [ -68.9487796, 44.2733386 ], [ -68.9487732, 44.2732405 ], [ -68.9487403, 44.2731507 ], [ -68.9486961, 44.2730787 ], [ -68.9485912, 44.2730069 ], [ -68.9484752, 44.2729651 ], [ -68.9483612, 44.2729465 ], [ -68.9482718, 44.2729155 ], [ -68.9481938, 44.2728818 ], [ -68.9481366, 44.2728371 ], [ -68.9480848, 44.2727664 ], [ -68.9480438, 44.2726675 ], [ -68.9480037, 44.2726363 ], [ -68.9478595, 44.2726273 ], [ -68.9477796, 44.2725977 ], [ -68.9477148, 44.272557 ], [ -68.9476612, 44.2724919 ], [ -68.9475633, 44.2723438 ], [ -68.9475003, 44.272295 ], [ -68.9474847, 44.2722351 ], [ -68.9474426, 44.2721849 ], [ -68.9474138, 44.27214 ], [ -68.9473983, 44.2721019 ], [ -68.9473865, 44.2720407 ], [ -68.9473406, 44.2719918 ], [ -68.9473419, 44.2719196 ], [ -68.9473073, 44.2718612 ], [ -68.9473063, 44.2717732 ], [ -68.947243, 44.2714315 ], [ -68.9472159, 44.2713567 ], [ -68.9471909, 44.2713091 ], [ -68.9471848, 44.2712642 ], [ -68.9471617, 44.2712193 ], [ -68.9471519, 44.2711703 ], [ -68.9471213, 44.2711364 ], [ -68.9470736, 44.2711011 ], [ -68.9470048, 44.2710597 ], [ -68.9468164, 44.2709719 ], [ -68.9467457, 44.2709123 ], [ -68.9466978, 44.2708457 ], [ -68.9466478, 44.2707505 ], [ -68.946626, 44.270628 ], [ -68.9465601, 44.2704403 ], [ -68.9465401, 44.2703123 ], [ -68.9465376, 44.2702663 ], [ -68.9465164, 44.2702283 ], [ -68.9464096, 44.270151 ], [ -68.9463022, 44.269988 ], [ -68.9462541, 44.2698996 ], [ -68.9462023, 44.2698167 ], [ -68.9461583, 44.2697774 ], [ -68.9461334, 44.2697448 ], [ -68.9460839, 44.2697191 ], [ -68.9460457, 44.269677 ], [ -68.9460223, 44.2695927 ], [ -68.9459901, 44.2693875 ], [ -68.9459593, 44.2693222 ], [ -68.9458946, 44.2692979 ], [ -68.9457921, 44.2692833 ], [ -68.9456761, 44.2692443 ], [ -68.9455447, 44.2691835 ], [ -68.9453615, 44.2690276 ], [ -68.9452738, 44.2689734 ], [ -68.945211, 44.2689464 ], [ -68.9450782, 44.2689456 ], [ -68.9449761, 44.26898 ], [ -68.9447548, 44.2690721 ], [ -68.9446052, 44.2691068 ], [ -68.9444442, 44.2691278 ], [ -68.9443536, 44.2691323 ], [ -68.9442851, 44.2691026 ], [ -68.9441957, 44.2690784 ], [ -68.9440933, 44.269072 ], [ -68.9439034, 44.2690455 ], [ -68.9438027, 44.26902 ], [ -68.9437323, 44.268993 ], [ -68.9436522, 44.2689402 ], [ -68.9434901, 44.2688169 ], [ -68.9434331, 44.2688062 ], [ -68.94338, 44.2688146 ], [ -68.9433082, 44.2688448 ], [ -68.9432459, 44.26889 ], [ -68.9430539, 44.269076 ], [ -68.9428593, 44.2691885 ], [ -68.9428274, 44.2692349 ], [ -68.9428353, 44.2692717 ], [ -68.9428773, 44.2693137 ], [ -68.9429155, 44.2693422 ], [ -68.9430411, 44.2695006 ], [ -68.9430569, 44.269585 ], [ -68.9430387, 44.2696777 ], [ -68.9429997, 44.2697963 ], [ -68.9429699, 44.2698714 ], [ -68.9429437, 44.2699164 ], [ -68.9429258, 44.27005 ], [ -68.9428996, 44.2701059 ], [ -68.9428658, 44.2701483 ], [ -68.9427817, 44.2703121 ], [ -68.9427688, 44.2703609 ], [ -68.9427533, 44.2705708 ], [ -68.9427503, 44.2706757 ], [ -68.9427717, 44.2707505 ], [ -68.9428177, 44.2708103 ], [ -68.9428825, 44.2708536 ], [ -68.9429624, 44.2708874 ], [ -68.9430557, 44.2709388 ], [ -68.943224, 44.2711152 ], [ -68.943291, 44.2711953 ], [ -68.9433355, 44.271315 ], [ -68.9433206, 44.2715544 ], [ -68.9432425, 44.2717645 ], [ -68.9431771, 44.2718983 ], [ -68.9431114, 44.2719844 ], [ -68.9430778, 44.272059 ], [ -68.9430746, 44.2721489 ], [ -68.9431286, 44.2722563 ], [ -68.943211, 44.2723691 ], [ -68.9432571, 44.2724466 ], [ -68.9432921, 44.2725608 ], [ -68.9433356, 44.2728018 ], [ -68.9433391, 44.2730116 ], [ -68.9433682, 44.2733204 ], [ -68.9433636, 44.2734661 ], [ -68.9434039, 44.2735286 ], [ -68.9434273, 44.2736076 ], [ -68.9434771, 44.27367 ], [ -68.9435287, 44.2737216 ], [ -68.9435527, 44.2738809 ], [ -68.9435455, 44.2739296 ], [ -68.9435688, 44.2739935 ], [ -68.9436053, 44.2740574 ], [ -68.9436551, 44.2741212 ], [ -68.9437201, 44.2741918 ], [ -68.9437529, 44.2742666 ], [ -68.9437687, 44.2743469 ], [ -68.9438458, 44.2745101 ], [ -68.9439014, 44.2745875 ], [ -68.9439439, 44.2746909 ], [ -68.9439958, 44.274786 ], [ -68.944022, 44.2749586 ], [ -68.9440435, 44.2750471 ], [ -68.9440822, 44.2751423 ], [ -68.9441243, 44.2751939 ], [ -68.9442044, 44.275244 ], [ -68.9442655, 44.2752996 ], [ -68.9443172, 44.2753621 ], [ -68.944377, 44.2755021 ], [ -68.9443928, 44.2755756 ], [ -68.9444179, 44.2756409 ], [ -68.9444639, 44.2757075 ], [ -68.9445005, 44.2757796 ], [ -68.9446715, 44.2759924 ], [ -68.9448855, 44.2761973 ], [ -68.945023, 44.2763112 ], [ -68.9452144, 44.2764828 ], [ -68.9452833, 44.2765642 ], [ -68.9453483, 44.2766321 ], [ -68.9454474, 44.276693 ], [ -68.9456738, 44.2767725 ], [ -68.9457823, 44.2768266 ], [ -68.945836, 44.2768986 ], [ -68.9458674, 44.2769917 ], [ -68.9458429, 44.2770163 ], [ -68.9458354, 44.2770368 ], [ -68.9458602, 44.2770448 ], [ -68.9459379, 44.2770418 ], [ -68.9459836, 44.2770607 ], [ -68.9460256, 44.2770987 ], [ -68.9462336, 44.2772532 ], [ -68.9462908, 44.2773006 ], [ -68.9463842, 44.277352 ], [ -68.9464889, 44.2774006 ], [ -68.9465867, 44.2774266 ], [ -68.9468488, 44.2774705 ], [ -68.94698, 44.2775095 ], [ -68.9471113, 44.277554 ], [ -68.9472064, 44.2775958 ], [ -68.9472865, 44.2776473 ], [ -68.9473362, 44.2776934 ], [ -68.9473727, 44.2777573 ], [ -68.9474607, 44.2778577 ], [ -68.9475121, 44.2778766 ], [ -68.9475804, 44.2778777 ], [ -68.9476542, 44.2778597 ], [ -68.9477109, 44.2778213 ], [ -68.9477844, 44.2777597 ], [ -68.9478465, 44.2776996 ], [ -68.9479384, 44.2775548 ], [ -68.9480039, 44.2774388 ], [ -68.9480681, 44.2774031 ], [ -68.9481571, 44.2773079 ], [ -68.9482416, 44.2771918 ], [ -68.9483292, 44.2769857 ], [ -68.9483681, 44.2768575 ], [ -68.9483785, 44.276724 ], [ -68.9483454, 44.2765808 ], [ -68.9483314, 44.2765199 ], [ -68.9483172, 44.2764154 ], [ -68.9482898, 44.2763024 ], [ -68.9482794, 44.2761812 ], [ -68.9483176, 44.2759659 ], [ -68.9483151, 44.2758964 ], [ -68.948292, 44.2758515 ], [ -68.9482386, 44.2758082 ], [ -68.9482114, 44.2757197 ], [ -68.9482176, 44.2755358 ], [ -68.9482433, 44.2754137 ] ] ] ] } }
]
}
