{
"type": "FeatureCollection",
"name": "New Hampshire_20260419_181949_matched",
"crs": { "type": "name", "properties": { "name": "urn:ogc:def:crs:OGC:1.3:CRS84" } },
"features": [
{ "type": "Feature", "properties": { "osm_type": "way", "id": 18854804, "boundary": null, "state": "New Hampshire", "name": "Hampton Beach State Park", "wikipedia": null, "leisure": null }, "geometry": { "type": "LineString", "coordinates": [ [ -70.8141375, 42.8990944 ], [ -70.8139819, 42.8990723 ], [ -70.8136748, 42.8990507 ], [ -70.813599, 42.8990413 ], [ -70.8135206, 42.8990256 ], [ -70.8134662, 42.8990092 ], [ -70.8134014, 42.898988 ], [ -70.8133522, 42.8989618 ], [ -70.8132938, 42.8989495 ], [ -70.8132332, 42.8989526 ], [ -70.8131827, 42.8989683 ], [ -70.8131412, 42.8989946 ], [ -70.813113, 42.8990291 ], [ -70.8131007, 42.8990682 ], [ -70.8131023, 42.8990817 ], [ -70.8131055, 42.8991083 ], [ -70.8131269, 42.8991452 ], [ -70.813163, 42.8991755 ], [ -70.81321, 42.8991962 ], [ -70.8132635, 42.8992051 ], [ -70.8133181, 42.8992016 ], [ -70.8133736, 42.8991834 ], [ -70.8134002, 42.8991645 ], [ -70.8134172, 42.8991524 ], [ -70.8134787, 42.8991345 ], [ -70.8135641, 42.8991184 ], [ -70.8136345, 42.8991116 ], [ -70.8137318, 42.8991096 ], [ -70.8139779, 42.8991096 ], [ -70.8141375, 42.8990944 ] ] } },
{ "type": "Feature", "properties": { "osm_type": "way", "id": 35102025, "boundary": null, "state": "New Hampshire", "name": "Hampton Beach State Park", "wikipedia": null, "leisure": "park" }, "geometry": { "type": "Polygon", "coordinates": [ [ [ -70.7994806, 42.917883 ], [ -70.7995841, 42.9178535 ], [ -70.7996211, 42.9178485 ], [ -70.7996673, 42.9178467 ], [ -70.8000032, 42.9178552 ], [ -70.8001001, 42.9178613 ], [ -70.8004002, 42.917858 ], [ -70.8007127, 42.9178076 ], [ -70.8007584, 42.9178072 ], [ -70.8008586, 42.9178167 ], [ -70.8009469, 42.9178104 ], [ -70.8010467, 42.9178099 ], [ -70.8011678, 42.9177968 ], [ -70.8013699, 42.9177954 ], [ -70.8016934, 42.9177829 ], [ -70.8018317, 42.9177702 ], [ -70.8019936, 42.9177377 ], [ -70.8020563, 42.9177306 ], [ -70.8021002, 42.9177286 ], [ -70.802199, 42.9177332 ], [ -70.8022994, 42.9177294 ], [ -70.8025996, 42.9176873 ], [ -70.8026804, 42.9176818 ], [ -70.802825, 42.9176827 ], [ -70.8029523, 42.9176598 ], [ -70.803086, 42.9176422 ], [ -70.8031393, 42.917632 ], [ -70.803226, 42.9176075 ], [ -70.8033893, 42.9175742 ], [ -70.8036909, 42.9174637 ], [ -70.8037841, 42.9174366 ], [ -70.8038592, 42.917406 ], [ -70.8040762, 42.9173708 ], [ -70.8041217, 42.9173551 ], [ -70.8041758, 42.9173259 ], [ -70.8042724, 42.9172899 ], [ -70.8042941, 42.9172733 ], [ -70.8043181, 42.9172247 ], [ -70.8043601, 42.9171591 ], [ -70.8043712, 42.9171309 ], [ -70.8044963, 42.9169935 ], [ -70.8045539, 42.9169495 ], [ -70.8045909, 42.9169399 ], [ -70.8046993, 42.9169585 ], [ -70.8047809, 42.9169649 ], [ -70.8048626, 42.916965 ], [ -70.804936, 42.9169539 ], [ -70.8050012, 42.9169296 ], [ -70.8050921, 42.9168674 ], [ -70.8051167, 42.9168451 ], [ -70.80514, 42.9168116 ], [ -70.8052011, 42.9167126 ], [ -70.8052212, 42.9166479 ], [ -70.8052459, 42.9166138 ], [ -70.8052861, 42.9165778 ], [ -70.8053085, 42.9165431 ], [ -70.8053367, 42.9164925 ], [ -70.8053853, 42.9163853 ], [ -70.8054487, 42.9162948 ], [ -70.8054941, 42.9162153 ], [ -70.8055747, 42.9160902 ], [ -70.8055877, 42.9160637 ], [ -70.8055942, 42.9160302 ], [ -70.8055838, 42.9160059 ], [ -70.8055477, 42.9159493 ], [ -70.8055463, 42.9159209 ], [ -70.8055622, 42.9158827 ], [ -70.8055827, 42.9158502 ], [ -70.8056107, 42.9158201 ], [ -70.8056753, 42.9158063 ], [ -70.8057031, 42.9157862 ], [ -70.8057169, 42.9157651 ], [ -70.8057498, 42.9157453 ], [ -70.8058461, 42.9157378 ], [ -70.8058742, 42.9157309 ], [ -70.8058953, 42.9157176 ], [ -70.8059097, 42.9156918 ], [ -70.8059304, 42.9156133 ], [ -70.8059332, 42.9155777 ], [ -70.8059304, 42.9155441 ], [ -70.8059188, 42.9155093 ], [ -70.8058651, 42.9154458 ], [ -70.8058276, 42.9154187 ], [ -70.8056722, 42.9153251 ], [ -70.8056492, 42.9152968 ], [ -70.8056423, 42.915255 ], [ -70.8056535, 42.9152218 ], [ -70.805674, 42.9151909 ], [ -70.805703, 42.9151554 ], [ -70.8057508, 42.9151086 ], [ -70.805818, 42.9150013 ], [ -70.8058605, 42.9149692 ], [ -70.8059129, 42.9149554 ], [ -70.8059792, 42.9149544 ], [ -70.8060288, 42.9149463 ], [ -70.8060561, 42.9149287 ], [ -70.8060625, 42.9149027 ], [ -70.8060497, 42.9148836 ], [ -70.8060064, 42.914842 ], [ -70.8059934, 42.9148095 ], [ -70.8060006, 42.9147583 ], [ -70.8060193, 42.9147214 ], [ -70.8060811, 42.914644 ], [ -70.806108, 42.9146183 ], [ -70.8061608, 42.9145798 ], [ -70.8062191, 42.9145478 ], [ -70.8063623, 42.9144842 ], [ -70.8064794, 42.9144218 ], [ -70.8066422, 42.9143594 ], [ -70.8067051, 42.9143283 ], [ -70.8068539, 42.9142675 ], [ -70.8069765, 42.9142061 ], [ -70.8071425, 42.9141116 ], [ -70.807177, 42.9140803 ], [ -70.8073487, 42.9139498 ], [ -70.8073919, 42.9138948 ], [ -70.8074586, 42.9138317 ], [ -70.8075061, 42.9137703 ], [ -70.8076139, 42.9135664 ], [ -70.8077659, 42.9133411 ], [ -70.8078668, 42.913168 ], [ -70.807999, 42.9129569 ], [ -70.8080486, 42.9128447 ], [ -70.8081442, 42.912581 ], [ -70.8083244, 42.9121707 ], [ -70.8084042, 42.9119671 ], [ -70.8084869, 42.9117857 ], [ -70.8085539, 42.9116002 ], [ -70.8085863, 42.9114881 ], [ -70.8086551, 42.9113341 ], [ -70.8086864, 42.9112303 ], [ -70.8086881, 42.9112117 ], [ -70.8087502, 42.9110701 ], [ -70.8088008, 42.9109221 ], [ -70.8088221, 42.9106993 ], [ -70.8088493, 42.9105509 ], [ -70.8089576, 42.9102779 ], [ -70.8090932, 42.9098565 ], [ -70.8091621, 42.9096 ], [ -70.8093314, 42.9090647 ], [ -70.80947, 42.9088264 ], [ -70.8095346, 42.9084382 ], [ -70.8096605, 42.9080796 ], [ -70.8096997, 42.9077712 ], [ -70.8097467, 42.9071768 ], [ -70.8097877, 42.9068112 ], [ -70.8099426, 42.9062356 ], [ -70.8099616, 42.90611 ], [ -70.8099872, 42.9060131 ], [ -70.8099743, 42.9057338 ], [ -70.8099931, 42.9056513 ], [ -70.809988, 42.9055187 ], [ -70.8100093, 42.9053626 ], [ -70.810013, 42.9051944 ], [ -70.8100623, 42.9050349 ], [ -70.8100976, 42.9048774 ], [ -70.8101032, 42.9047786 ], [ -70.8100916, 42.9046397 ], [ -70.8100903, 42.9045671 ], [ -70.8100971, 42.9045143 ], [ -70.8101182, 42.9044407 ], [ -70.8101749, 42.9043157 ], [ -70.8101999, 42.9042333 ], [ -70.8102321, 42.903991 ], [ -70.8102619, 42.9036983 ], [ -70.8102605, 42.9034579 ], [ -70.8102535, 42.9033588 ], [ -70.8102494, 42.9033147 ], [ -70.8102119, 42.9031273 ], [ -70.8102021, 42.9030296 ], [ -70.8102039, 42.9028319 ], [ -70.8101924, 42.9027502 ], [ -70.8101967, 42.9025086 ], [ -70.8101864, 42.9023082 ], [ -70.8101748, 42.9021649 ], [ -70.8101534, 42.9020959 ], [ -70.8101125, 42.9015803 ], [ -70.8101161, 42.9014545 ], [ -70.8101059, 42.9012483 ], [ -70.8100926, 42.9011623 ], [ -70.8101025, 42.9002126 ], [ -70.8101256, 42.8999268 ], [ -70.8101459, 42.8997383 ], [ -70.8101753, 42.8995042 ], [ -70.81026, 42.8989446 ], [ -70.8102881, 42.8987677 ], [ -70.8104023, 42.8982715 ], [ -70.810409, 42.8980199 ], [ -70.8103968, 42.8978938 ], [ -70.8102634, 42.8976515 ], [ -70.810183, 42.8974672 ], [ -70.8101087, 42.8973402 ], [ -70.8100184, 42.8972244 ], [ -70.8100148, 42.8970813 ], [ -70.8101185, 42.8969684 ], [ -70.8102382, 42.89685 ], [ -70.8103485, 42.8967944 ], [ -70.8106955, 42.8967031 ], [ -70.8107224, 42.896709 ], [ -70.8109404, 42.8967334 ], [ -70.811036, 42.8967394 ], [ -70.8111308, 42.8967618 ], [ -70.8112774, 42.8967881 ], [ -70.8114041, 42.8968017 ], [ -70.8115929, 42.8968105 ], [ -70.8116637, 42.896818 ], [ -70.8119978, 42.8968763 ], [ -70.8121386, 42.896884 ], [ -70.8123015, 42.8969117 ], [ -70.8123998, 42.896923 ], [ -70.812541, 42.8969335 ], [ -70.8127816, 42.8969691 ], [ -70.8129479, 42.8969876 ], [ -70.813118, 42.8969996 ], [ -70.8131669, 42.8970062 ], [ -70.8136178, 42.8970919 ], [ -70.8139496, 42.8971447 ], [ -70.8140857, 42.8971554 ], [ -70.814217, 42.8971702 ], [ -70.8144375, 42.8972144 ], [ -70.814579, 42.8972377 ], [ -70.8147528, 42.8972544 ], [ -70.8148339, 42.8972588 ], [ -70.8150948, 42.8972179 ], [ -70.8151499, 42.8972118 ], [ -70.8151984, 42.897212 ], [ -70.8152776, 42.897219 ], [ -70.8153519, 42.8972462 ], [ -70.8155203, 42.8972787 ], [ -70.8155646, 42.8972831 ], [ -70.8155865, 42.8972794 ], [ -70.8156383, 42.8972787 ], [ -70.8157017, 42.8972827 ], [ -70.815777, 42.8972686 ], [ -70.8159094, 42.8972782 ], [ -70.8159533, 42.8972727 ], [ -70.8160287, 42.8972539 ], [ -70.8160693, 42.8972513 ], [ -70.8161488, 42.897198 ], [ -70.8159905, 42.8978262 ], [ -70.815439, 42.8998674 ], [ -70.8145012, 42.8997048 ], [ -70.8126655, 42.9001484 ], [ -70.8119756, 42.9005423 ], [ -70.8111504, 42.9009966 ], [ -70.8111286, 42.9012423 ], [ -70.811059, 42.9017854 ], [ -70.8110515, 42.9018897 ], [ -70.8109625, 42.902521 ], [ -70.8109186, 42.9030996 ], [ -70.8108909, 42.9037528 ], [ -70.8118169, 42.9037949 ], [ -70.8115818, 42.9057458 ], [ -70.8114328, 42.906435 ], [ -70.8112141, 42.9076087 ], [ -70.8110326, 42.9084855 ], [ -70.8101997, 42.911223 ], [ -70.8101276, 42.9114043 ], [ -70.8098607, 42.9120134 ], [ -70.809503, 42.9126425 ], [ -70.8089755, 42.9131591 ], [ -70.8084755, 42.9136894 ], [ -70.8078293, 42.9144578 ], [ -70.807343, 42.9150664 ], [ -70.8069791, 42.9156007 ], [ -70.8065038, 42.9163928 ], [ -70.8062739, 42.9166811 ], [ -70.8058835, 42.9169703 ], [ -70.8056296, 42.917075 ], [ -70.8052066, 42.9171922 ], [ -70.8038352, 42.9175555 ], [ -70.8031574, 42.9177067 ], [ -70.8022429, 42.9178314 ], [ -70.8009412, 42.9179157 ], [ -70.8001663, 42.9181002 ], [ -70.7994725, 42.9180964 ], [ -70.7994806, 42.917883 ] ] ] } },
{ "type": "Feature", "properties": { "osm_type": "way", "id": 43125965, "boundary": "protected_area", "state": "New Hampshire", "name": "Miller State Park", "wikipedia": null, "leisure": "park" }, "geometry": { "type": "Polygon", "coordinates": [ [ [ -71.8778882, 42.8616331 ], [ -71.8776894, 42.8618939 ], [ -71.8779802, 42.8624902 ], [ -71.8784347, 42.8628494 ], [ -71.878467, 42.8633033 ], [ -71.8785588, 42.8645913 ], [ -71.879511, 42.8647373 ], [ -71.88029, 42.8631969 ], [ -71.883436, 42.8630309 ], [ -71.8871763, 42.862836 ], [ -71.8865875, 42.8599086 ], [ -71.8898385, 42.8593862 ], [ -71.8884118, 42.8545111 ], [ -71.8906982, 42.8512132 ], [ -71.8898402, 42.8508178 ], [ -71.8888163, 42.8502336 ], [ -71.8875915, 42.8495373 ], [ -71.8865701, 42.849135 ], [ -71.8853285, 42.8487414 ], [ -71.8845202, 42.8485489 ], [ -71.8844564, 42.8485337 ], [ -71.883066, 42.8482086 ], [ -71.8820959, 42.8481138 ], [ -71.8808967, 42.8482749 ], [ -71.8798148, 42.8483071 ], [ -71.8762229, 42.8487327 ], [ -71.8766832, 42.8509622 ], [ -71.8773447, 42.8534017 ], [ -71.8747428, 42.853648 ], [ -71.8625106, 42.8556682 ], [ -71.8626289, 42.8560727 ], [ -71.8628687, 42.8570684 ], [ -71.8629986, 42.8574712 ], [ -71.8636763, 42.859867 ], [ -71.8642732, 42.861742 ], [ -71.8658144, 42.8615873 ], [ -71.8660346, 42.8615688 ], [ -71.8669711, 42.8614901 ], [ -71.870165, 42.8611698 ], [ -71.8708128, 42.8611049 ], [ -71.8713123, 42.8610121 ], [ -71.8720056, 42.8609139 ], [ -71.8720177, 42.8608812 ], [ -71.8720175, 42.8608796 ], [ -71.8719819, 42.8605888 ], [ -71.8719428, 42.8602687 ], [ -71.8715724, 42.8587912 ], [ -71.8738249, 42.8584267 ], [ -71.8757629, 42.8581131 ], [ -71.8779786, 42.8581169 ], [ -71.8800905, 42.8581205 ], [ -71.8819094, 42.858065 ], [ -71.8818516, 42.8581443 ], [ -71.8817396, 42.8582794 ], [ -71.8811024, 42.8590485 ], [ -71.8809487, 42.8591702 ], [ -71.8809467, 42.8591935 ], [ -71.8807564, 42.8594548 ], [ -71.8806358, 42.8595722 ], [ -71.8805774, 42.8596822 ], [ -71.8799142, 42.8604827 ], [ -71.879049, 42.8615269 ], [ -71.8786031, 42.8614781 ], [ -71.8778882, 42.8616331 ] ] ] } },
{ "type": "Feature", "properties": { "osm_type": "way", "id": 43126028, "boundary": null, "state": "New Hampshire", "name": "Greenfield State Park", "wikipedia": null, "leisure": "park" }, "geometry": { "type": "Polygon", "coordinates": [ [ [ -71.8815667, 42.9499328 ], [ -71.8821303, 42.949817 ], [ -71.8825568, 42.9497538 ], [ -71.8828472, 42.9497363 ], [ -71.8831199, 42.9497449 ], [ -71.8837175, 42.9498881 ], [ -71.8842399, 42.9499888 ], [ -71.884666, 42.9500347 ], [ -71.8849986, 42.9500616 ], [ -71.8853011, 42.9500615 ], [ -71.8866169, 42.9498991 ], [ -71.8879739, 42.9497554 ], [ -71.8875168, 42.9507882 ], [ -71.8878971, 42.9509221 ], [ -71.8888489, 42.9512599 ], [ -71.8899468, 42.9517296 ], [ -71.8908989, 42.9521277 ], [ -71.8922574, 42.9527154 ], [ -71.8929972, 42.9530403 ], [ -71.8936659, 42.953313 ], [ -71.8942108, 42.9535128 ], [ -71.8946992, 42.9536408 ], [ -71.8950401, 42.9536962 ], [ -71.895383, 42.9537061 ], [ -71.8966469, 42.9536882 ], [ -71.898373, 42.9536702 ], [ -71.8990731, 42.9537159 ], [ -71.899534, 42.9537694 ], [ -71.8995493, 42.9543629 ], [ -71.8977919, 42.9545619 ], [ -71.8974656, 42.9550467 ], [ -71.8990621, 42.9556564 ], [ -71.8979646, 42.9562179 ], [ -71.8976202, 42.9558735 ], [ -71.897483, 42.9557667 ], [ -71.8973456, 42.9557362 ], [ -71.8971168, 42.9557438 ], [ -71.8969335, 42.9557972 ], [ -71.8966741, 42.955965 ], [ -71.8957282, 42.9564991 ], [ -71.8952854, 42.9567051 ], [ -71.8948582, 42.9568424 ], [ -71.8945533, 42.9568576 ], [ -71.8938667, 42.9567967 ], [ -71.8935003, 42.9567127 ], [ -71.892951, 42.9565372 ], [ -71.8927831, 42.9565906 ], [ -71.8925849, 42.956789 ], [ -71.8922795, 42.9574146 ], [ -71.8921727, 42.9577274 ], [ -71.8921422, 42.9579258 ], [ -71.8921726, 42.9583301 ], [ -71.892249, 42.9584141 ], [ -71.8924017, 42.9585285 ], [ -71.8924934, 42.9585743 ], [ -71.8927244, 42.95863 ], [ -71.8927807, 42.95913 ], [ -71.8928135, 42.9591694 ], [ -71.8927951, 42.9592576 ], [ -71.8928557, 42.959796 ], [ -71.8920269, 42.9593867 ], [ -71.8927231, 42.9613537 ], [ -71.8932301, 42.961687 ], [ -71.8928684, 42.963088 ], [ -71.8925581, 42.9646541 ], [ -71.8925472, 42.9649094 ], [ -71.8925242, 42.9650739 ], [ -71.8925362, 42.9651387 ], [ -71.8924977, 42.9657002 ], [ -71.8913304, 42.9656921 ], [ -71.8910924, 42.965304 ], [ -71.890348, 42.9642441 ], [ -71.8860214, 42.9637153 ], [ -71.8857286, 42.9633712 ], [ -71.885135, 42.9627006 ], [ -71.8845156, 42.9620573 ], [ -71.8840451, 42.9615866 ], [ -71.8836594, 42.9612581 ], [ -71.8833429, 42.9610718 ], [ -71.8828284, 42.9608601 ], [ -71.8819462, 42.9606051 ], [ -71.8811817, 42.9603427 ], [ -71.8806592, 42.9602156 ], [ -71.8803628, 42.9601167 ], [ -71.8801992, 42.9600662 ], [ -71.879596, 42.9598072 ], [ -71.8791988, 42.9596056 ], [ -71.8784968, 42.9592188 ], [ -71.8779685, 42.9588911 ], [ -71.87849, 42.9588168 ], [ -71.8777282, 42.9578887 ], [ -71.8774629, 42.9569728 ], [ -71.8771914, 42.9563984 ], [ -71.8800338, 42.9557477 ], [ -71.8804454, 42.9516834 ], [ -71.8804601, 42.951365 ], [ -71.8803365, 42.9502315 ], [ -71.8805681, 42.9502067 ], [ -71.8809702, 42.9501236 ], [ -71.8815667, 42.9499328 ] ] ] } },
{ "type": "Feature", "properties": { "osm_type": "way", "id": 43126074, "boundary": "protected_area", "state": "New Hampshire", "name": "Kingston State Park", "wikipedia": null, "leisure": "park" }, "geometry": { "type": "Polygon", "coordinates": [ [ [ -71.0589085, 42.9270318 ], [ -71.0590366, 42.9270456 ], [ -71.0592035, 42.9270765 ], [ -71.0593846, 42.9270765 ], [ -71.0596528, 42.9270907 ], [ -71.0598318, 42.927079 ], [ -71.0600162, 42.9270387 ], [ -71.0601866, 42.9269621 ], [ -71.0603428, 42.9268776 ], [ -71.060387, 42.9267524 ], [ -71.060444, 42.9266297 ], [ -71.0604903, 42.9265742 ], [ -71.0606687, 42.9265065 ], [ -71.0607146, 42.9265188 ], [ -71.0611241, 42.9266291 ], [ -71.0614751, 42.9267581 ], [ -71.0616691, 42.9267681 ], [ -71.0622221, 42.9268621 ], [ -71.0624461, 42.9269251 ], [ -71.0626851, 42.9270781 ], [ -71.0627371, 42.9271491 ], [ -71.0627821, 42.9273201 ], [ -71.0628121, 42.9273871 ], [ -71.0628341, 42.9275031 ], [ -71.0627971, 42.9275941 ], [ -71.0627811, 42.9276335 ], [ -71.0627608, 42.9276839 ], [ -71.0626616, 42.9278763 ], [ -71.0624993, 42.9279824 ], [ -71.0622793, 42.9279824 ], [ -71.0621411, 42.9279414 ], [ -71.062097, 42.9279284 ], [ -71.0619611, 42.9280861 ], [ -71.0618582, 42.9282563 ], [ -71.061751, 42.9285568 ], [ -71.0618851, 42.928818 ], [ -71.0621851, 42.9291901 ], [ -71.062333, 42.9292923 ], [ -71.0625361, 42.9293731 ], [ -71.0620183, 42.9293299 ], [ -71.0618669, 42.9293255 ], [ -71.0611528, 42.9293624 ], [ -71.0607218, 42.92942 ], [ -71.0600969, 42.929497 ], [ -71.0593801, 42.929558 ], [ -71.0587098, 42.9296467 ], [ -71.058181, 42.929186 ], [ -71.057815, 42.929201 ], [ -71.057341, 42.929263 ], [ -71.05647, 42.929323 ], [ -71.056425, 42.928973 ], [ -71.055984, 42.929026 ], [ -71.055005, 42.92911 ], [ -71.054823, 42.92824 ], [ -71.05458, 42.927462 ], [ -71.054608, 42.927332 ], [ -71.05513, 42.926295 ], [ -71.055662, 42.92531 ], [ -71.056486, 42.925425 ], [ -71.057311, 42.9255245 ], [ -71.0572631, 42.9255781 ], [ -71.0572411, 42.9256281 ], [ -71.0571811, 42.9257551 ], [ -71.0571291, 42.9259311 ], [ -71.0570921, 42.9262471 ], [ -71.0570991, 42.9263641 ], [ -71.0572481, 42.9266501 ], [ -71.0574326, 42.9266989 ], [ -71.0581179, 42.9269071 ], [ -71.0586436, 42.9269778 ], [ -71.0589085, 42.9270318 ] ] ] } },
{ "type": "Feature", "properties": { "osm_type": "way", "id": 43126075, "boundary": null, "state": "New Hampshire", "name": "Clough State Park", "wikipedia": null, "leisure": "park" }, "geometry": { "type": "Polygon", "coordinates": [ [ [ -71.6528123, 43.0982957 ], [ -71.6525659, 43.0974119 ], [ -71.6532001, 43.0973731 ], [ -71.653406, 43.0973362 ], [ -71.653921, 43.0971815 ], [ -71.6543716, 43.0969562 ], [ -71.65479, 43.096541 ], [ -71.6551012, 43.0960083 ], [ -71.6553211, 43.0953698 ], [ -71.6554177, 43.0948566 ], [ -71.655391, 43.0947637 ], [ -71.6562498, 43.0945307 ], [ -71.6575297, 43.0945383 ], [ -71.6586814, 43.0946712 ], [ -71.659846, 43.094561 ], [ -71.6598387, 43.0948069 ], [ -71.659831, 43.095043 ], [ -71.6597053, 43.0953488 ], [ -71.6596334, 43.0954476 ], [ -71.6595017, 43.0956801 ], [ -71.6593919, 43.0959061 ], [ -71.659359, 43.096004 ], [ -71.659381, 43.096116 ], [ -71.659411, 43.096182 ], [ -71.6595173, 43.0962906 ], [ -71.6596959, 43.0963517 ], [ -71.6599159, 43.0964332 ], [ -71.6599216, 43.0965564 ], [ -71.6598517, 43.0966313 ], [ -71.6598096, 43.0967679 ], [ -71.6597181, 43.096931 ], [ -71.6595522, 43.0971041 ], [ -71.6594872, 43.0971719 ], [ -71.659342, 43.0973147 ], [ -71.6591965, 43.097513 ], [ -71.6590073, 43.0979113 ], [ -71.6588227, 43.0983288 ], [ -71.6586755, 43.0986661 ], [ -71.6585749, 43.0988959 ], [ -71.6585112, 43.0990453 ], [ -71.6584582, 43.0991698 ], [ -71.6583623, 43.0993415 ], [ -71.6582819, 43.0995379 ], [ -71.6582796, 43.0995777 ], [ -71.658375, 43.09964 ], [ -71.6587726, 43.099736 ], [ -71.6590619, 43.0997608 ], [ -71.6592107, 43.0997341 ], [ -71.6592679, 43.0997368 ], [ -71.6592087, 43.0997837 ], [ -71.6590948, 43.0998068 ], [ -71.6586652, 43.0997687 ], [ -71.6582821, 43.0996746 ], [ -71.6582361, 43.0996837 ], [ -71.6581925, 43.0997455 ], [ -71.6581083, 43.0997843 ], [ -71.658034, 43.0998092 ], [ -71.657958, 43.099891 ], [ -71.6577837, 43.0999683 ], [ -71.6576994, 43.0999835 ], [ -71.6576524, 43.1000289 ], [ -71.6576167, 43.100067 ], [ -71.6575789, 43.1001191 ], [ -71.6575183, 43.1002026 ], [ -71.6575123, 43.1002937 ], [ -71.657515, 43.100332 ], [ -71.6575386, 43.1003674 ], [ -71.6576406, 43.100418 ], [ -71.6578078, 43.1005252 ], [ -71.6579451, 43.1005606 ], [ -71.6582585, 43.1006958 ], [ -71.6585029, 43.1007361 ], [ -71.6587186, 43.1007493 ], [ -71.6587939, 43.1007777 ], [ -71.6588298, 43.100842 ], [ -71.658818, 43.100901 ], [ -71.658788, 43.100996 ], [ -71.65869, 43.101017 ], [ -71.658456, 43.1010831 ], [ -71.6583336, 43.10113 ], [ -71.658269, 43.1012005 ], [ -71.6582219, 43.101306 ], [ -71.6582254, 43.1014139 ], [ -71.6582568, 43.1014759 ], [ -71.6583078, 43.1015381 ], [ -71.6584104, 43.1015813 ], [ -71.6584794, 43.1015939 ], [ -71.6585441, 43.1015835 ], [ -71.658707, 43.1015535 ], [ -71.6589636, 43.1015485 ], [ -71.6591813, 43.1015099 ], [ -71.6593611, 43.1014599 ], [ -71.6595177, 43.1014659 ], [ -71.6595919, 43.1015195 ], [ -71.6596291, 43.1015936 ], [ -71.6596295, 43.1017254 ], [ -71.6595693, 43.1018986 ], [ -71.6596167, 43.1019919 ], [ -71.6597874, 43.1020301 ], [ -71.6597972, 43.1020819 ], [ -71.659768, 43.102203 ], [ -71.6597504, 43.1022429 ], [ -71.654136, 43.103034 ], [ -71.653518, 43.1007986 ], [ -71.6528123, 43.0982957 ] ] ] } },
{ "type": "Feature", "properties": { "osm_type": "way", "id": 43126077, "boundary": null, "state": "New Hampshire", "name": "Ahern State Park", "wikipedia": null, "leisure": "park" }, "geometry": { "type": "Polygon", "coordinates": [ [ [ -71.489541, 43.558223 ], [ -71.489391, 43.558123 ], [ -71.489314, 43.558085 ], [ -71.489238, 43.558047 ], [ -71.488734, 43.557772 ], [ -71.488551, 43.557657 ], [ -71.489347, 43.55567 ], [ -71.489537, 43.555082 ], [ -71.490321, 43.556208 ], [ -71.493779, 43.555101 ], [ -71.492404, 43.55369 ], [ -71.496309, 43.552401 ], [ -71.496638, 43.552228 ], [ -71.496898, 43.552107 ], [ -71.497626, 43.551873 ], [ -71.497818, 43.551761 ], [ -71.498299, 43.551645 ], [ -71.498445, 43.551605 ], [ -71.498592, 43.551552 ], [ -71.498695, 43.551511 ], [ -71.498777, 43.551471 ], [ -71.49881, 43.551441 ], [ -71.499195, 43.551375 ], [ -71.499278, 43.551768 ], [ -71.49937, 43.551997 ], [ -71.499538, 43.552226 ], [ -71.49966, 43.552348 ], [ -71.500026, 43.552523 ], [ -71.500347, 43.552668 ], [ -71.500911, 43.553027 ], [ -71.501064, 43.553386 ], [ -71.501094, 43.554225 ], [ -71.501049, 43.554621 ], [ -71.501064, 43.554995 ], [ -71.500911, 43.555415 ], [ -71.500835, 43.555484 ], [ -71.500835, 43.555766 ], [ -71.500774, 43.555834 ], [ -71.500819, 43.55614 ], [ -71.500972, 43.556407 ], [ -71.501064, 43.556544 ], [ -71.501338, 43.55662 ], [ -71.501552, 43.556628 ], [ -71.501704, 43.556674 ], [ -71.501766, 43.556781 ], [ -71.501766, 43.557002 ], [ -71.501704, 43.557368 ], [ -71.501644, 43.557559 ], [ -71.501659, 43.557742 ], [ -71.50172, 43.557917 ], [ -71.50175, 43.558085 ], [ -71.501918, 43.558352 ], [ -71.502101, 43.558566 ], [ -71.502269, 43.558726 ], [ -71.502391, 43.558871 ], [ -71.502528, 43.558909 ], [ -71.502697, 43.55894 ], [ -71.503139, 43.55894 ], [ -71.503337, 43.55897 ], [ -71.503424, 43.55901 ], [ -71.499938, 43.560139 ], [ -71.495131, 43.557493 ], [ -71.493595, 43.557531 ], [ -71.490652, 43.556711 ], [ -71.49005, 43.556912 ], [ -71.489541, 43.558223 ] ] ] } },
{ "type": "Feature", "properties": { "osm_type": "way", "id": 43126078, "boundary": "protected_area", "state": "New Hampshire", "name": "Ellacoya State Park", "wikipedia": null, "leisure": "park" }, "geometry": { "type": "Polygon", "coordinates": [ [ [ -71.359412, 43.574366 ], [ -71.358924, 43.574198 ], [ -71.358543, 43.574275 ], [ -71.358054, 43.57445 ], [ -71.3572, 43.574725 ], [ -71.356819, 43.5749 ], [ -71.356468, 43.575114 ], [ -71.356315, 43.575251 ], [ -71.356071, 43.575289 ], [ -71.356009, 43.575289 ], [ -71.35575, 43.575572 ], [ -71.355659, 43.575625 ], [ -71.355552, 43.575648 ], [ -71.355323, 43.575671 ], [ -71.355201, 43.575694 ], [ -71.354835, 43.575663 ], [ -71.353888, 43.57577 ], [ -71.353719, 43.574214 ], [ -71.353661, 43.573718 ], [ -71.353614, 43.573267 ], [ -71.3536, 43.573184 ], [ -71.353506, 43.572283 ], [ -71.353415, 43.571559 ], [ -71.353386, 43.571375 ], [ -71.352714, 43.571398 ], [ -71.3527, 43.571345 ], [ -71.352697, 43.570391 ], [ -71.352791, 43.569689 ], [ -71.352943, 43.568812 ], [ -71.353017, 43.568438 ], [ -71.353279, 43.567355 ], [ -71.35394, 43.567088 ], [ -71.354377, 43.567073 ], [ -71.355156, 43.567057 ], [ -71.355903, 43.566966 ], [ -71.357108, 43.566798 ], [ -71.357459, 43.56679 ], [ -71.357573, 43.566799 ], [ -71.358388, 43.567263 ], [ -71.358497, 43.5674 ], [ -71.358725, 43.567713 ], [ -71.358924, 43.567957 ], [ -71.358924, 43.568004 ], [ -71.358436, 43.568156 ], [ -71.358223, 43.56824 ], [ -71.357917, 43.568453 ], [ -71.357718, 43.568698 ], [ -71.357596, 43.568988 ], [ -71.357582, 43.56927 ], [ -71.357688, 43.569483 ], [ -71.357856, 43.569621 ], [ -71.357994, 43.569667 ], [ -71.358208, 43.56972 ], [ -71.358299, 43.569789 ], [ -71.35842, 43.569964 ], [ -71.358454, 43.570176 ], [ -71.359473, 43.570628 ], [ -71.360098, 43.570872 ], [ -71.360433, 43.570994 ], [ -71.360405, 43.571276 ], [ -71.360282, 43.572451 ], [ -71.360115, 43.572657 ], [ -71.358818, 43.573931 ], [ -71.359503, 43.574267 ], [ -71.359412, 43.574366 ] ] ] } },
{ "type": "Feature", "properties": { "osm_type": "way", "id": 43126105, "boundary": null, "state": "New Hampshire", "name": "Franconia Notch State Park", "wikipedia": null, "leisure": "park" }, "geometry": { "type": "Polygon", "coordinates": [ [ [ -71.696767, 44.1875361 ], [ -71.687281, 44.1848806 ], [ -71.6887482, 44.1816418 ], [ -71.6781714, 44.1787265 ], [ -71.6799691, 44.1742108 ], [ -71.6796586, 44.173461 ], [ -71.6778484, 44.1721256 ], [ -71.6771615, 44.1723594 ], [ -71.676355, 44.1721741 ], [ -71.674557, 44.1712393 ], [ -71.6735294, 44.1709299 ], [ -71.6730298, 44.1706436 ], [ -71.6725378, 44.1702293 ], [ -71.6713715, 44.1686611 ], [ -71.6636412, 44.16625 ], [ -71.6636539, 44.1656768 ], [ -71.662888, 44.1648856 ], [ -71.6628755, 44.16432 ], [ -71.6625211, 44.1637863 ], [ -71.6624824, 44.1634775 ], [ -71.6609436, 44.1621367 ], [ -71.6608366, 44.1604978 ], [ -71.6608341, 44.1601846 ], [ -71.6609711, 44.1599903 ], [ -71.661514, 44.1597082 ], [ -71.662472, 44.1594419 ], [ -71.6629832, 44.1592035 ], [ -71.6633088, 44.1589205 ], [ -71.663665, 44.1584728 ], [ -71.6643011, 44.1578223 ], [ -71.6646808, 44.1568612 ], [ -71.6649668, 44.1565394 ], [ -71.6658656, 44.1551548 ], [ -71.6672409, 44.1536602 ], [ -71.6682118, 44.1523208 ], [ -71.66846, 44.1518662 ], [ -71.668807, 44.1509164 ], [ -71.6682327, 44.1483623 ], [ -71.6713946, 44.1410869 ], [ -71.6731059, 44.1416105 ], [ -71.6802094, 44.1280539 ], [ -71.6689306, 44.124183 ], [ -71.674399, 44.113263 ], [ -71.663071, 44.1095526 ], [ -71.6659866, 44.1034858 ], [ -71.6554928, 44.0996403 ], [ -71.6584969, 44.0939578 ], [ -71.6691721, 44.097664 ], [ -71.674572, 44.087345 ], [ -71.6860229, 44.0913349 ], [ -71.6871923, 44.0894371 ], [ -71.6885607, 44.0866968 ], [ -71.6889106, 44.0859906 ], [ -71.6891906, 44.0842718 ], [ -71.6893943, 44.0832021 ], [ -71.689463, 44.082576 ], [ -71.68963, 44.08214 ], [ -71.7047828, 44.0822046 ], [ -71.6974034, 44.0953855 ], [ -71.6973178, 44.0977429 ], [ -71.6995038, 44.0977504 ], [ -71.7050025, 44.1059841 ], [ -71.7035923, 44.1100037 ], [ -71.7009979, 44.1152179 ], [ -71.6888139, 44.1116676 ], [ -71.6830288, 44.1224452 ], [ -71.6944551, 44.1263622 ], [ -71.6916037, 44.1319487 ], [ -71.7142888, 44.1397017 ], [ -71.7085641, 44.1511167 ], [ -71.6972269, 44.1471547 ], [ -71.6962681, 44.1490066 ], [ -71.693445, 44.1481239 ], [ -71.6906794, 44.1539953 ], [ -71.7101693, 44.1597526 ], [ -71.7078502, 44.164201 ], [ -71.7158131, 44.1725551 ], [ -71.71543, 44.1763338 ], [ -71.7137763, 44.1776534 ], [ -71.7102606, 44.1801985 ], [ -71.7116829, 44.1805495 ], [ -71.7108618, 44.1829197 ], [ -71.7209273, 44.1848433 ], [ -71.7225369, 44.1854035 ], [ -71.7192104, 44.189975 ], [ -71.7129246, 44.1880158 ], [ -71.7122289, 44.187799 ], [ -71.7121633, 44.1880597 ], [ -71.7121317, 44.1886372 ], [ -71.7122064, 44.1890932 ], [ -71.7123468, 44.1896084 ], [ -71.7125469, 44.1901156 ], [ -71.7127542, 44.1903544 ], [ -71.7129544, 44.1905904 ], [ -71.713466, 44.1910026 ], [ -71.7140509, 44.1914817 ], [ -71.7144735, 44.1919017 ], [ -71.7155027, 44.1932256 ], [ -71.7163313, 44.1942973 ], [ -71.7173517, 44.1956885 ], [ -71.7184106, 44.196813 ], [ -71.7186023, 44.1970803 ], [ -71.7186779, 44.1974017 ], [ -71.7186742, 44.1980978 ], [ -71.718814, 44.1985616 ], [ -71.7189632, 44.1988326 ], [ -71.7192179, 44.1991847 ], [ -71.7195023, 44.1995598 ], [ -71.7197553, 44.2000024 ], [ -71.7196541, 44.1999724 ], [ -71.7193949, 44.1997509 ], [ -71.7186218, 44.2003247 ], [ -71.7185806, 44.2011306 ], [ -71.7185283, 44.2015674 ], [ -71.7184335, 44.201934 ], [ -71.7152714, 44.2011958 ], [ -71.7123503, 44.2018229 ], [ -71.7117928, 44.2020036 ], [ -71.7112295, 44.2015719 ], [ -71.7111112, 44.201043 ], [ -71.710593, 44.2006828 ], [ -71.7104377, 44.2003234 ], [ -71.7104282, 44.2002029 ], [ -71.7104667, 44.2001068 ], [ -71.7105894, 44.2000069 ], [ -71.7105859, 44.1999046 ], [ -71.7104962, 44.1997726 ], [ -71.7102326, 44.1997299 ], [ -71.7098134, 44.1996402 ], [ -71.7096292, 44.1994545 ], [ -71.7094218, 44.1992343 ], [ -71.7092017, 44.1990187 ], [ -71.7088058, 44.1984665 ], [ -71.708446, 44.1984024 ], [ -71.7078697, 44.1984379 ], [ -71.7076373, 44.1984331 ], [ -71.7071683, 44.1983517 ], [ -71.7066273, 44.1984109 ], [ -71.7063138, 44.1984242 ], [ -71.705813, 44.1982425 ], [ -71.7052647, 44.19806 ], [ -71.7047532, 44.1979308 ], [ -71.7043522, 44.1977497 ], [ -71.7041342, 44.1977758 ], [ -71.7037465, 44.1978904 ], [ -71.7035462, 44.1978397 ], [ -71.7034282, 44.1977273 ], [ -71.7033397, 44.197565 ], [ -71.703378, 44.1974443 ], [ -71.7032463, 44.1972762 ], [ -71.702705, 44.197301 ], [ -71.702253, 44.197136 ], [ -71.702513, 44.19645 ], [ -71.701724, 44.196318 ], [ -71.700767, 44.1961 ], [ -71.699444, 44.196018 ], [ -71.699123, 44.195705 ], [ -71.69866, 44.195529 ], [ -71.698285, 44.195039 ], [ -71.697711, 44.194974 ], [ -71.697314, 44.195231 ], [ -71.696716, 44.195404 ], [ -71.696028, 44.195377 ], [ -71.6953853, 44.1949925 ], [ -71.6947806, 44.1941365 ], [ -71.6939149, 44.193733 ], [ -71.696767, 44.1875361 ] ] ] } },
{ "type": "Feature", "properties": { "osm_type": "way", "id": 43126126, "boundary": null, "state": "New Hampshire", "name": "Lake Tarleton State Park", "wikipedia": null, "leisure": "park" }, "geometry": { "type": "Polygon", "coordinates": [ [ [ -71.974434, 43.987841 ], [ -71.9743491, 43.9877597 ], [ -71.974222, 43.987638 ], [ -71.9741633, 43.9875739 ], [ -71.974069, 43.987471 ], [ -71.9739257, 43.9873575 ], [ -71.973886, 43.987326 ], [ -71.973688, 43.987211 ], [ -71.9733917, 43.9871057 ], [ -71.973215, 43.987043 ], [ -71.973092, 43.986936 ], [ -71.973062, 43.986784 ], [ -71.973062, 43.986616 ], [ -71.973093, 43.986509 ], [ -71.973245, 43.986334 ], [ -71.973443, 43.986181 ], [ -71.9736498, 43.9861 ], [ -71.9738603, 43.9860388 ], [ -71.9739413, 43.9859791 ], [ -71.9738754, 43.9858772 ], [ -71.9738373, 43.9858542 ], [ -71.9736856, 43.9856737 ], [ -71.9733796, 43.9852907 ], [ -71.9732585, 43.9851375 ], [ -71.9732113, 43.9850602 ], [ -71.9731684, 43.9850093 ], [ -71.973176, 43.9846292 ], [ -71.9731313, 43.9844551 ], [ -71.9729407, 43.9840736 ], [ -71.9728936, 43.9839116 ], [ -71.9729407, 43.9838171 ], [ -71.9731066, 43.9838026 ], [ -71.973357, 43.983833 ], [ -71.9739192, 43.9840386 ], [ -71.9741736, 43.9840663 ], [ -71.9743289, 43.984029 ], [ -71.9744842, 43.9839433 ], [ -71.9745246, 43.9837716 ], [ -71.9743746, 43.9834385 ], [ -71.9742242, 43.9831586 ], [ -71.9741679, 43.9830863 ], [ -71.9739532, 43.982942 ], [ -71.9738034, 43.9827711 ], [ -71.9736861, 43.9826664 ], [ -71.9734675, 43.9824666 ], [ -71.9751941, 43.9818426 ], [ -71.9766239, 43.9837977 ], [ -71.9769753, 43.9842009 ], [ -71.9779537, 43.9851361 ], [ -71.9792636, 43.9863501 ], [ -71.974434, 43.987841 ] ] ] } },
{ "type": "Feature", "properties": { "osm_type": "way", "id": 43126170, "boundary": null, "state": "New Hampshire", "name": "Forest Lake State Park", "wikipedia": null, "leisure": "park" }, "geometry": { "type": "Polygon", "coordinates": [ [ [ -71.681174, 44.357403 ], [ -71.680939, 44.357195 ], [ -71.67978, 44.35602 ], [ -71.678589, 44.354853 ], [ -71.67743, 44.353686 ], [ -71.677124, 44.353861 ], [ -71.675766, 44.354883 ], [ -71.674408, 44.355898 ], [ -71.674149, 44.356096 ], [ -71.673707, 44.355738 ], [ -71.673432, 44.355563 ], [ -71.672745, 44.355288 ], [ -71.672135, 44.355066 ], [ -71.671829, 44.354891 ], [ -71.671525, 44.354647 ], [ -71.670868, 44.354151 ], [ -71.670563, 44.35393 ], [ -71.670836, 44.3534381 ], [ -71.6709263, 44.3534593 ], [ -71.671112, 44.353442 ], [ -71.671295, 44.353457 ], [ -71.6718544, 44.3533636 ], [ -71.671936, 44.35335 ], [ -71.672104, 44.353296 ], [ -71.672272, 44.353174 ], [ -71.672486, 44.352724 ], [ -71.672608, 44.352579 ], [ -71.6729802, 44.352345 ], [ -71.67302, 44.35232 ], [ -71.6731691, 44.3522574 ], [ -71.67331, 44.352183 ], [ -71.673417, 44.352129 ], [ -71.673554, 44.352007 ], [ -71.6736, 44.351893 ], [ -71.673569, 44.35142 ], [ -71.6735598, 44.3513175 ], [ -71.6735906, 44.3512593 ], [ -71.674073, 44.351435 ], [ -71.675492, 44.352083 ], [ -71.676911, 44.352717 ], [ -71.678345, 44.353365 ], [ -71.679764, 44.354014 ], [ -71.681183, 44.354655 ], [ -71.682603, 44.355296 ], [ -71.684068, 44.355965 ], [ -71.684678, 44.355707 ], [ -71.685105, 44.355517 ], [ -71.685685, 44.355227 ], [ -71.685975, 44.35512 ], [ -71.686506, 44.355008 ], [ -71.686921, 44.355395 ], [ -71.688233, 44.356676 ], [ -71.689561, 44.357973 ], [ -71.689622, 44.358011 ], [ -71.69101, 44.357142 ], [ -71.692399, 44.356272 ], [ -71.693803, 44.355402 ], [ -71.694047, 44.355234 ], [ -71.694352, 44.355562 ], [ -71.695787, 44.357073 ], [ -71.697206, 44.358599 ], [ -71.698625, 44.360132 ], [ -71.700044, 44.361651 ], [ -71.701478, 44.363169 ], [ -71.701585, 44.363306 ], [ -71.700899, 44.363779 ], [ -71.699693, 44.364603 ], [ -71.698442, 44.365435 ], [ -71.697221, 44.366259 ], [ -71.697587, 44.36664 ], [ -71.69896, 44.368014 ], [ -71.697633, 44.368922 ], [ -71.696305, 44.369845 ], [ -71.694993, 44.37076 ], [ -71.69478, 44.370913 ], [ -71.69394, 44.370119 ], [ -71.693101, 44.369326 ], [ -71.691712, 44.368006 ], [ -71.690308, 44.366678 ], [ -71.688904, 44.365343 ], [ -71.687516, 44.364016 ], [ -71.686112, 44.362688 ], [ -71.684724, 44.361353 ], [ -71.684663, 44.3613 ], [ -71.684358, 44.361414 ], [ -71.684037, 44.361101 ], [ -71.683167, 44.360148 ], [ -71.682313, 44.359194 ], [ -71.681565, 44.358401 ], [ -71.680746, 44.357547 ], [ -71.681174, 44.357403 ] ] ] } },
{ "type": "Feature", "properties": { "osm_type": "way", "id": 43126174, "boundary": null, "state": "New Hampshire", "name": "Milan Hill State Park", "wikipedia": null, "leisure": "park" }, "geometry": { "type": "Polygon", "coordinates": [ [ [ -71.2262937, 44.5776604 ], [ -71.2252718, 44.5773795 ], [ -71.22462, 44.5772305 ], [ -71.224207, 44.5771426 ], [ -71.22449, 44.576714 ], [ -71.224582, 44.576447 ], [ -71.224795, 44.576012 ], [ -71.224719, 44.575981 ], [ -71.223636, 44.575752 ], [ -71.222552, 44.575539 ], [ -71.221469, 44.575317 ], [ -71.221363, 44.575272 ], [ -71.221103, 44.575226 ], [ -71.221102, 44.575173 ], [ -71.22156, 44.574226 ], [ -71.222079, 44.573143 ], [ -71.222247, 44.572762 ], [ -71.222323, 44.572441 ], [ -71.222095, 44.571701 ], [ -71.221926, 44.571663 ], [ -71.22092, 44.571457 ], [ -71.22034, 44.57135 ], [ -71.219943, 44.571289 ], [ -71.219852, 44.571244 ], [ -71.219866, 44.571198 ], [ -71.22005, 44.570832 ], [ -71.220142, 44.570557 ], [ -71.220614, 44.569474 ], [ -71.220782, 44.569199 ], [ -71.220782, 44.569153 ], [ -71.220965, 44.568871 ], [ -71.221164, 44.568268 ], [ -71.221225, 44.56781 ], [ -71.221362, 44.566803 ], [ -71.222766, 44.566651 ], [ -71.222796, 44.568047 ], [ -71.223315, 44.568062 ], [ -71.224231, 44.568001 ], [ -71.224979, 44.568009 ], [ -71.226062, 44.567955 ], [ -71.227267, 44.567925 ], [ -71.228473, 44.567887 ], [ -71.229113, 44.567879 ], [ -71.229114, 44.567947 ], [ -71.22893, 44.568344 ], [ -71.228931, 44.568406 ], [ -71.228702, 44.56881 ], [ -71.227436, 44.571328 ], [ -71.226657, 44.572823 ], [ -71.22565, 44.574608 ], [ -71.225482, 44.574966 ], [ -71.225253, 44.575348 ], [ -71.2262937, 44.5776604 ] ] ] } },
{ "type": "Feature", "properties": { "osm_type": "way", "id": 43126210, "boundary": null, "state": "New Hampshire", "name": "Dixville Notch State Park", "wikipedia": null, "leisure": "park" }, "geometry": { "type": "Polygon", "coordinates": [ [ [ -71.294932, 44.868114 ], [ -71.294118, 44.867902 ], [ -71.293798, 44.867483 ], [ -71.293004, 44.866781 ], [ -71.292607, 44.866758 ], [ -71.291905, 44.865827 ], [ -71.291401, 44.865766 ], [ -71.291158, 44.865759 ], [ -71.290044, 44.865331 ], [ -71.289769, 44.865011 ], [ -71.289571, 44.864668 ], [ -71.288976, 44.86434 ], [ -71.288411, 44.863943 ], [ -71.288229, 44.863668 ], [ -71.28803, 44.863363 ], [ -71.287724, 44.862821 ], [ -71.287648, 44.862524 ], [ -71.287465, 44.862073 ], [ -71.287298, 44.861829 ], [ -71.287206, 44.861517 ], [ -71.287282, 44.861402 ], [ -71.287144, 44.861249 ], [ -71.287038, 44.861044 ], [ -71.287038, 44.860822 ], [ -71.287008, 44.860746 ], [ -71.286595, 44.860777 ], [ -71.28626, 44.8607 ], [ -71.286107, 44.860746 ], [ -71.28571, 44.860914 ], [ -71.28539, 44.860746 ], [ -71.284932, 44.860471 ], [ -71.284231, 44.86025 ], [ -71.284077, 44.86025 ], [ -71.283681, 44.860357 ], [ -71.283711, 44.860151 ], [ -71.283773, 44.859785 ], [ -71.2842, 44.85919 ], [ -71.284428, 44.858633 ], [ -71.28459, 44.8582554 ], [ -71.284703, 44.857992 ], [ -71.285314, 44.857069 ], [ -71.285283, 44.856977 ], [ -71.285063, 44.856381 ], [ -71.285007, 44.856182 ], [ -71.2859132, 44.8560055 ], [ -71.289023, 44.8554 ], [ -71.289043, 44.85552 ], [ -71.289052, 44.855672 ], [ -71.290334, 44.855421 ], [ -71.290639, 44.855489 ], [ -71.291035, 44.855497 ], [ -71.29154, 44.855474 ], [ -71.291631, 44.855505 ], [ -71.291753, 44.855566 ], [ -71.292241, 44.855558 ], [ -71.292805, 44.855772 ], [ -71.29279, 44.855901 ], [ -71.29276, 44.856191 ], [ -71.292455, 44.85629 ], [ -71.291859, 44.85626 ], [ -71.29096, 44.856031 ], [ -71.290608, 44.85597 ], [ -71.290211, 44.855909 ], [ -71.289815, 44.855894 ], [ -71.289403, 44.855909 ], [ -71.289007, 44.855993 ], [ -71.288701, 44.856161 ], [ -71.288152, 44.85655 ], [ -71.28742, 44.85703 ], [ -71.28684, 44.857427 ], [ -71.286977, 44.85938 ], [ -71.286977, 44.859571 ], [ -71.287862, 44.859472 ], [ -71.288106, 44.859594 ], [ -71.288305, 44.859846 ], [ -71.288564, 44.860212 ], [ -71.28864, 44.860281 ], [ -71.288853, 44.860692 ], [ -71.288961, 44.860922 ], [ -71.289067, 44.861311 ], [ -71.289078, 44.861332 ], [ -71.289046, 44.861585 ], [ -71.291879, 44.862889 ], [ -71.293995, 44.862885 ], [ -71.294243, 44.862563 ], [ -71.295977, 44.861905 ], [ -71.296409, 44.862142 ], [ -71.296749, 44.861951 ], [ -71.297869, 44.861944 ], [ -71.298008, 44.861945 ], [ -71.298224, 44.862 ], [ -71.298386, 44.862067 ], [ -71.298663, 44.862144 ], [ -71.298887, 44.862068 ], [ -71.299766, 44.862274 ], [ -71.299958, 44.862341 ], [ -71.300144, 44.862385 ], [ -71.300329, 44.862397 ], [ -71.30046, 44.862392 ], [ -71.300677, 44.862371 ], [ -71.300785, 44.862338 ], [ -71.301001, 44.862279 ], [ -71.30118, 44.862241 ], [ -71.30145, 44.862187 ], [ -71.301635, 44.862138 ], [ -71.301882, 44.862133 ], [ -71.302083, 44.862189 ], [ -71.302315, 44.862239 ], [ -71.30253, 44.862267 ], [ -71.302762, 44.862241 ], [ -71.302994, 44.862247 ], [ -71.303071, 44.862269 ], [ -71.303141, 44.862275 ], [ -71.303156, 44.862357 ], [ -71.303055, 44.862456 ], [ -71.302899, 44.862592 ], [ -71.302766, 44.86274 ], [ -71.302696, 44.862844 ], [ -71.302534, 44.862893 ], [ -71.302279, 44.862941 ], [ -71.301954, 44.863006 ], [ -71.30173, 44.863077 ], [ -71.301482, 44.863208 ], [ -71.301343, 44.863328 ], [ -71.301303, 44.863421 ], [ -71.30124, 44.863487 ], [ -71.300947, 44.863557 ], [ -71.300823, 44.8636 ], [ -71.300691, 44.863688 ], [ -71.300498, 44.863775 ], [ -71.2997551, 44.8642997 ], [ -71.2993778, 44.8645662 ], [ -71.2983718, 44.8652767 ], [ -71.298302, 44.865326 ], [ -71.296974, 44.866452 ], [ -71.295983, 44.866838 ], [ -71.295648, 44.867331 ], [ -71.2956272, 44.8673538 ], [ -71.2954215, 44.8675787 ], [ -71.294932, 44.868114 ] ] ] } },
{ "type": "Feature", "properties": { "osm_type": "way", "id": 43126211, "boundary": "protected_area", "state": "New Hampshire", "name": "Lake Francis State Park", "wikipedia": null, "leisure": "park" }, "geometry": { "type": "Polygon", "coordinates": [ [ [ -71.298818, 45.062356 ], [ -71.298864, 45.062046 ], [ -71.29897, 45.061802 ], [ -71.298894, 45.061527 ], [ -71.299001, 45.061252 ], [ -71.298986, 45.060985 ], [ -71.299077, 45.060749 ], [ -71.299161, 45.060705 ], [ -71.299352, 45.060688 ], [ -71.29952, 45.060703 ], [ -71.299672, 45.060665 ], [ -71.299779, 45.060543 ], [ -71.299902, 45.060459 ], [ -71.300069, 45.060139 ], [ -71.300267, 45.060009 ], [ -71.300466, 45.059818 ], [ -71.300573, 45.059788 ], [ -71.300649, 45.059849 ], [ -71.30068, 45.059933 ], [ -71.300771, 45.059971 ], [ -71.300878, 45.059963 ], [ -71.300954, 45.059841 ], [ -71.300969, 45.059635 ], [ -71.301031, 45.059391 ], [ -71.301046, 45.059277 ], [ -71.301198, 45.059032 ], [ -71.30126, 45.058971 ], [ -71.301382, 45.058788 ], [ -71.301412, 45.058704 ], [ -71.301732, 45.058491 ], [ -71.301977, 45.05817 ], [ -71.302144, 45.058063 ], [ -71.302297, 45.05798 ], [ -71.302434, 45.057941 ], [ -71.302602, 45.05772 ], [ -71.302815, 45.057598 ], [ -71.302843, 45.057774 ], [ -71.302861, 45.058002 ], [ -71.3029965, 45.058529 ], [ -71.3033766, 45.0598333 ], [ -71.3035057, 45.0603798 ], [ -71.3036624, 45.0614888 ], [ -71.3038037, 45.0622463 ], [ -71.303839, 45.06271 ], [ -71.303853, 45.062718 ], [ -71.304037, 45.06316 ], [ -71.304143, 45.063549 ], [ -71.3043168, 45.0647236 ], [ -71.2988676, 45.0627348 ], [ -71.298818, 45.062356 ] ] ] } },
{ "type": "Feature", "properties": { "osm_type": "way", "id": 47797246, "boundary": null, "state": "New Hampshire", "name": "Chesterfield Gorge Natural Area", "wikipedia": null, "leisure": "park" }, "geometry": { "type": "Polygon", "coordinates": [ [ [ -72.4063016, 42.9151405 ], [ -72.4064234, 42.915255 ], [ -72.4070187, 42.9157965 ], [ -72.407202, 42.9159798 ], [ -72.4076137, 42.9164221 ], [ -72.4080409, 42.9167502 ], [ -72.4083769, 42.9170249 ], [ -72.4084994, 42.9171624 ], [ -72.408377, 42.9174598 ], [ -72.4081629, 42.9175896 ], [ -72.4077664, 42.9175209 ], [ -72.4074919, 42.9174751 ], [ -72.4072321, 42.9174066 ], [ -72.4064393, 42.9167428 ], [ -72.4056305, 42.9160714 ], [ -72.4055078, 42.9160333 ], [ -72.4046688, 42.9159492 ], [ -72.4043329, 42.9158424 ], [ -72.4038295, 42.9156899 ], [ -72.4033876, 42.9154989 ], [ -72.4032192, 42.9154611 ], [ -72.4030205, 42.9153366 ], [ -72.4029625, 42.9153003 ], [ -72.4030817, 42.9152016 ], [ -72.4032344, 42.9151329 ], [ -72.403326, 42.9150643 ], [ -72.4035702, 42.9149193 ], [ -72.4038598, 42.9147133 ], [ -72.4038753, 42.9145989 ], [ -72.4038752, 42.9144005 ], [ -72.4049575, 42.9139109 ], [ -72.4050449, 42.9139818 ], [ -72.4052793, 42.9141717 ], [ -72.4054316, 42.9143395 ], [ -72.4054779, 42.9143852 ], [ -72.4056457, 42.9145302 ], [ -72.4058289, 42.9147057 ], [ -72.4061798, 42.9150184 ], [ -72.4062405, 42.9150643 ], [ -72.4063016, 42.9151405 ] ] ] } },
{ "type": "Feature", "properties": { "osm_type": "way", "id": 47799228, "boundary": null, "state": "New Hampshire", "name": "Madison Boulder Natural Area", "wikipedia": null, "leisure": "park" }, "geometry": { "type": "Polygon", "coordinates": [ [ [ -71.1693132, 43.9307466 ], [ -71.1692966, 43.932738 ], [ -71.1645065, 43.9326692 ], [ -71.1661254, 43.9315137 ], [ -71.1684112, 43.929834 ], [ -71.1684744, 43.9307314 ], [ -71.1693132, 43.9307466 ] ] ] } },
{ "type": "Feature", "properties": { "osm_type": "way", "id": 115577525, "boundary": null, "state": "New Hampshire", "name": "Miller State Park", "wikipedia": null, "leisure": null }, "geometry": { "type": "Polygon", "coordinates": [ [ [ -71.8875957, 42.8498895 ], [ -71.887285, 42.8502456 ], [ -71.8869708, 42.8501952 ], [ -71.8866602, 42.850055 ], [ -71.8866911, 42.8500212 ], [ -71.8866438, 42.8499764 ], [ -71.8867347, 42.8499008 ], [ -71.8871053, 42.8496555 ], [ -71.8875957, 42.8498895 ] ] ] } },
{ "type": "Feature", "properties": { "osm_type": "way", "id": 685685949, "boundary": null, "state": "New Hampshire", "name": "Hampton Beach State Park", "wikipedia": null, "leisure": null }, "geometry": { "type": "LineString", "coordinates": [ [ -70.8141375, 42.8990944 ], [ -70.8143865, 42.8990877 ], [ -70.8145783, 42.8990921 ], [ -70.8147288, 42.8990967 ], [ -70.8149037, 42.8991033 ], [ -70.8150897, 42.8991304 ] ] } },
{ "type": "Feature", "properties": { "osm_type": "way", "id": 702256762, "boundary": null, "state": "New Hampshire", "name": "Jenness State Beach", "wikipedia": null, "leisure": "beach_resort" }, "geometry": { "type": "Polygon", "coordinates": [ [ [ -70.7629817, 42.9852194 ], [ -70.7625673, 42.9851245 ], [ -70.7608259, 42.9846661 ], [ -70.7602289, 42.9858808 ], [ -70.7620056, 42.9863327 ], [ -70.7621966, 42.9863963 ], [ -70.7624139, 42.9864742 ], [ -70.7624714, 42.9863613 ], [ -70.7626812, 42.9858769 ], [ -70.76269, 42.9858543 ], [ -70.7628447, 42.9854993 ], [ -70.7628882, 42.9853968 ], [ -70.7629113, 42.9853425 ], [ -70.7629817, 42.9852194 ] ] ] } },
{ "type": "Feature", "properties": { "osm_type": "way", "id": 1212521630, "boundary": null, "state": "New Hampshire", "name": "Hampton Beach State Park", "wikipedia": null, "leisure": null }, "geometry": { "type": "LineString", "coordinates": [ [ -70.8150897, 42.8991304 ], [ -70.8157396, 42.8992272 ] ] } },
{ "type": "Feature", "properties": { "osm_type": "way", "id": 1329989905, "boundary": null, "state": "New Hampshire", "name": "Androscoggin Wayside Park", "wikipedia": null, "leisure": "park" }, "geometry": { "type": "Polygon", "coordinates": [ [ [ -71.1809093, 44.7413637 ], [ -71.1805998, 44.7416818 ], [ -71.1800992, 44.7420513 ], [ -71.1793155, 44.7426314 ], [ -71.1783539, 44.7432723 ], [ -71.1777809, 44.7436418 ], [ -71.1771223, 44.7438664 ], [ -71.1759829, 44.744133 ], [ -71.1749291, 44.7443809 ], [ -71.1740334, 44.7446288 ], [ -71.1742705, 44.744409 ], [ -71.1746789, 44.744278 ], [ -71.1752123, 44.7441704 ], [ -71.1760949, 44.7439318 ], [ -71.1765823, 44.7436278 ], [ -71.1771223, 44.7432255 ], [ -71.1778534, 44.7429074 ], [ -71.1783473, 44.7424349 ], [ -71.1785778, 44.7421577 ], [ -71.1789505, 44.7418981 ], [ -71.1792979, 44.7416977 ], [ -71.1794318, 44.7416051 ], [ -71.1796814, 44.7414484 ], [ -71.179942, 44.7413635 ], [ -71.1801844, 44.7413918 ], [ -71.1803726, 44.7412659 ], [ -71.1806729, 44.7412402 ], [ -71.1809093, 44.7413637 ] ] ] } },
{ "type": "Feature", "properties": { "osm_type": "way", "id": 1361282835, "boundary": null, "state": "New Hampshire", "name": "Milan Hill State Park", "wikipedia": null, "leisure": null }, "geometry": { "type": "Polygon", "coordinates": [ [ [ -71.2271162, 44.5772904 ], [ -71.225384, 44.5770744 ], [ -71.2247116, 44.5759988 ], [ -71.2210851, 44.5752687 ], [ -71.2222992, 44.5724382 ], [ -71.2219885, 44.571766 ], [ -71.2195997, 44.5712823 ], [ -71.220901, 44.5680139 ], [ -71.2294237, 44.567722 ], [ -71.2273211, 44.5718485 ], [ -71.2285116, 44.5716351 ], [ -71.230656, 44.5710061 ], [ -71.231673, 44.5713992 ], [ -71.2289925, 44.5774195 ], [ -71.2271162, 44.5772904 ] ] ] } },
{ "type": "Feature", "properties": { "osm_type": "way", "id": 1381306078, "boundary": null, "state": "New Hampshire", "name": "Echo Lake State Park", "wikipedia": null, "leisure": "park" }, "geometry": { "type": "Polygon", "coordinates": [ [ [ -71.1634168, 44.0570487 ], [ -71.160356, 44.0571164 ], [ -71.1578401, 44.0571431 ], [ -71.158259, 44.056078 ], [ -71.1556583, 44.0535333 ], [ -71.156885, 44.0529106 ], [ -71.1565992, 44.0524171 ], [ -71.1563376, 44.0521512 ], [ -71.1559705, 44.051859 ], [ -71.1560043, 44.0518529 ], [ -71.1561448, 44.0518451 ], [ -71.1562259, 44.051801 ], [ -71.1562058, 44.0517444 ], [ -71.1561828, 44.0517132 ], [ -71.156114, 44.0516633 ], [ -71.1560711, 44.051651 ], [ -71.1559976, 44.0516206 ], [ -71.1559051, 44.0515468 ], [ -71.1559013, 44.0515368 ], [ -71.1559312, 44.0515211 ], [ -71.1559883, 44.0515026 ], [ -71.1560892, 44.0514474 ], [ -71.1561536, 44.0513944 ], [ -71.1561617, 44.0513532 ], [ -71.1561502, 44.0512442 ], [ -71.1561326, 44.0511972 ], [ -71.1561111, 44.0510995 ], [ -71.1560891, 44.0510578 ], [ -71.156063, 44.0509717 ], [ -71.1560405, 44.0508941 ], [ -71.1560293, 44.050833 ], [ -71.1560946, 44.0507098 ], [ -71.1561941, 44.0504866 ], [ -71.1562127, 44.0504358 ], [ -71.1562604, 44.0503367 ], [ -71.156288, 44.0502725 ], [ -71.1563235, 44.05016 ], [ -71.1564509, 44.0501149 ], [ -71.1565202, 44.0501354 ], [ -71.1565662, 44.0501785 ], [ -71.1566645, 44.0501853 ], [ -71.1566927, 44.0501808 ], [ -71.1567323, 44.0501548 ], [ -71.1567624, 44.0500943 ], [ -71.1567754, 44.0500155 ], [ -71.1568436, 44.0500789 ], [ -71.1569424, 44.0501519 ], [ -71.1569986, 44.0501889 ], [ -71.1570607, 44.0502083 ], [ -71.1571532, 44.050176 ], [ -71.1572279, 44.0501447 ], [ -71.1573571, 44.0500775 ], [ -71.1574853, 44.0500219 ], [ -71.15754, 44.0499537 ], [ -71.1575695, 44.049881 ], [ -71.1575953, 44.0497511 ], [ -71.1575522, 44.0497035 ], [ -71.1574453, 44.0496193 ], [ -71.1573066, 44.0495466 ], [ -71.1572766, 44.0495197 ], [ -71.1572764, 44.0495106 ], [ -71.1573053, 44.049485 ], [ -71.1573547, 44.0494222 ], [ -71.1573906, 44.0493494 ], [ -71.1574029, 44.0493101 ], [ -71.1574233, 44.0493228 ], [ -71.1575152, 44.0493509 ], [ -71.1576442, 44.0493765 ], [ -71.1577151, 44.0493969 ], [ -71.1578009, 44.0493771 ], [ -71.1578482, 44.0492327 ], [ -71.1578681, 44.0491561 ], [ -71.1578768, 44.0490957 ], [ -71.1579151, 44.0489655 ], [ -71.1579394, 44.0489884 ], [ -71.1579619, 44.04902 ], [ -71.1580073, 44.0490572 ], [ -71.158091, 44.0491067 ], [ -71.1581409, 44.0491137 ], [ -71.1582171, 44.0491358 ], [ -71.1582952, 44.0491488 ], [ -71.1583479, 44.049126 ], [ -71.1583941, 44.0490988 ], [ -71.1584423, 44.0490834 ], [ -71.1584772, 44.0490619 ], [ -71.1585744, 44.0489806 ], [ -71.1585841, 44.0489776 ], [ -71.158655, 44.0490043 ], [ -71.1587758, 44.0490394 ], [ -71.158858, 44.0490143 ], [ -71.1588639, 44.0489677 ], [ -71.158849, 44.0489052 ], [ -71.1588285, 44.0488588 ], [ -71.1587942, 44.0487567 ], [ -71.1587543, 44.0486813 ], [ -71.1587373, 44.0486144 ], [ -71.1544781, 44.0490327 ], [ -71.154265, 44.0480272 ], [ -71.1536869, 44.0483873 ], [ -71.1534263, 44.0472864 ], [ -71.1507989, 44.0473893 ], [ -71.1503323, 44.0470094 ], [ -71.1612221, 44.0465597 ], [ -71.1631947, 44.0557681 ], [ -71.1634168, 44.0570487 ] ] ] } },
{ "type": "Feature", "properties": { "osm_type": "relation", "id": 2023981, "boundary": null, "state": "New Hampshire", "name": "Crawford Notch State Park", "wikipedia": "en:Crawford Notch State Park", "leisure": "nature_reserve" }, "geometry": { "type": "MultiPolygon", "coordinates": [ [ [ [ -71.415902, 44.212169 ], [ -71.426507, 44.210903 ], [ -71.4128457, 44.1663953 ], [ -71.387466, 44.1554852 ], [ -71.385153, 44.148357 ], [ -71.3943744, 44.1471508 ], [ -71.39405, 44.145725 ], [ -71.384741, 44.146976 ], [ -71.383553, 44.142872 ], [ -71.3716291, 44.1448485 ], [ -71.365412, 44.1458822 ], [ -71.3618875, 44.1464681 ], [ -71.3517294, 44.1481468 ], [ -71.3565639, 44.1632077 ], [ -71.3568156, 44.1640016 ], [ -71.357468, 44.1660236 ], [ -71.3737405, 44.1738167 ], [ -71.3786474, 44.1761665 ], [ -71.384239, 44.178844 ], [ -71.3884474, 44.193037 ], [ -71.394874, 44.214679 ], [ -71.415902, 44.212169 ] ] ] ] } },
{ "type": "Feature", "properties": { "osm_type": "relation", "id": 5538549, "boundary": "protected_area", "state": "New Hampshire", "name": "Bear Brook State Park", "wikipedia": null, "leisure": "nature_reserve" }, "geometry": { "type": "MultiPolygon", "coordinates": [ [ [ [ -71.4035172, 43.1345047 ], [ -71.4038811, 43.1345392 ], [ -71.4038979, 43.1345331 ], [ -71.4039292, 43.1345218 ], [ -71.4040109, 43.1344923 ], [ -71.4041796, 43.1343805 ], [ -71.4043399, 43.1342533 ], [ -71.4044859, 43.1340603 ], [ -71.4045323, 43.1339552 ], [ -71.4046022, 43.1337894 ], [ -71.3999683, 43.132929 ], [ -71.3959731, 43.1321894 ], [ -71.3934685, 43.1352803 ], [ -71.3996431, 43.1364234 ], [ -71.4041991, 43.1372049 ], [ -71.4020057, 43.1407001 ], [ -71.4000003, 43.1437537 ], [ -71.3967933, 43.1431928 ], [ -71.3958102, 43.1450029 ], [ -71.395464, 43.1449423 ], [ -71.3929516, 43.1488099 ], [ -71.3965903, 43.1495207 ], [ -71.4032393, 43.1508877 ], [ -71.4048638, 43.1484178 ], [ -71.4049043, 43.1483658 ], [ -71.4054109, 43.1475098 ], [ -71.4055927, 43.1472762 ], [ -71.4058397, 43.1473219 ], [ -71.4059916, 43.1472417 ], [ -71.4061241, 43.1468842 ], [ -71.4093134, 43.147518 ], [ -71.4097175, 43.1470351 ], [ -71.4101599, 43.1467293 ], [ -71.4103709, 43.1466271 ], [ -71.4106906, 43.1465739 ], [ -71.4111732, 43.1465413 ], [ -71.4116213, 43.1464877 ], [ -71.4120515, 43.1463965 ], [ -71.4128356, 43.1461393 ], [ -71.4134625, 43.1458979 ], [ -71.4136027, 43.1458332 ], [ -71.4105492, 43.1427637 ], [ -71.4108784, 43.1422959 ], [ -71.4079118, 43.1417107 ], [ -71.4091317, 43.1399796 ], [ -71.4120982, 43.1405648 ], [ -71.4133879, 43.1386957 ], [ -71.4133708, 43.1386915 ], [ -71.4126597, 43.138576 ], [ -71.4119334, 43.1383832 ], [ -71.4101435, 43.1377504 ], [ -71.4094404, 43.1374531 ], [ -71.4092718, 43.1379857 ], [ -71.4078485, 43.1377617 ], [ -71.4062146, 43.1374802 ], [ -71.4064911, 43.1365867 ], [ -71.4061937, 43.1364067 ], [ -71.4057578, 43.136248 ], [ -71.4054027, 43.1360578 ], [ -71.4049451, 43.1357898 ], [ -71.4036459, 43.135305 ], [ -71.4034967, 43.1352426 ], [ -71.4033243, 43.1352343 ], [ -71.403062, 43.1352947 ], [ -71.402105, 43.1357487 ], [ -71.4019053, 43.1357819 ], [ -71.4013077, 43.1357701 ], [ -71.4009936, 43.1355913 ], [ -71.4007282, 43.1354424 ], [ -71.4004749, 43.1353743 ], [ -71.4000593, 43.1354286 ], [ -71.4005341, 43.1350834 ], [ -71.4008245, 43.1349962 ], [ -71.4010149, 43.1349235 ], [ -71.4014252, 43.1348659 ], [ -71.4020757, 43.1347942 ], [ -71.402526, 43.1347513 ], [ -71.4029067, 43.1346058 ], [ -71.4032072, 43.1344894 ], [ -71.4035172, 43.1345047 ] ] ], [ [ [ -71.4121342, 43.1054789 ], [ -71.4091709, 43.1096384 ], [ -71.4080886, 43.1113229 ], [ -71.4161329, 43.1127106 ], [ -71.4228786, 43.1035063 ], [ -71.4142399, 43.1019027 ], [ -71.4162186, 43.0929671 ], [ -71.4041597, 43.0907337 ], [ -71.4044959, 43.0896806 ], [ -71.4010744, 43.0890371 ], [ -71.4003643, 43.0900668 ], [ -71.4011891, 43.0905798 ], [ -71.3999361, 43.0904295 ], [ -71.3985246, 43.0945092 ], [ -71.3956126, 43.0941624 ], [ -71.3943187, 43.0981954 ], [ -71.3986085, 43.0989345 ], [ -71.4006218, 43.0926579 ], [ -71.4037946, 43.0931617 ], [ -71.4050811, 43.094509 ], [ -71.4058916, 43.0948577 ], [ -71.4070422, 43.0953976 ], [ -71.4076778, 43.09597 ], [ -71.408262, 43.0968832 ], [ -71.4087704, 43.0974121 ], [ -71.4092054, 43.0977083 ], [ -71.4094581, 43.097843 ], [ -71.4090423, 43.1008842 ], [ -71.4057822, 43.1042993 ], [ -71.4121342, 43.1054789 ] ] ], [ [ [ -71.3746468, 43.168351 ], [ -71.3801704, 43.1693415 ], [ -71.378019, 43.1724323 ], [ -71.3879716, 43.1743305 ], [ -71.3941639, 43.1753552 ], [ -71.3942493, 43.1752401 ], [ -71.3942664, 43.17505 ], [ -71.3944303, 43.1747216 ], [ -71.3947682, 43.1742154 ], [ -71.394796, 43.1740411 ], [ -71.3949192, 43.1737446 ], [ -71.3952528, 43.1730552 ], [ -71.395293, 43.1727707 ], [ -71.3954413, 43.1722233 ], [ -71.3952954, 43.17223 ], [ -71.3951882, 43.1722796 ], [ -71.3951299, 43.1722723 ], [ -71.395084, 43.1722213 ], [ -71.3950516, 43.1720851 ], [ -71.3950212, 43.1720454 ], [ -71.3947928, 43.1720224 ], [ -71.39476, 43.1719862 ], [ -71.3947556, 43.1719086 ], [ -71.3947228, 43.1718723 ], [ -71.3945367, 43.1718805 ], [ -71.3943052, 43.1720402 ], [ -71.3941497, 43.172045 ], [ -71.394039, 43.1720104 ], [ -71.3938382, 43.1719983 ], [ -71.393392, 43.1718618 ], [ -71.3932498, 43.1717358 ], [ -71.3932316, 43.1716777 ], [ -71.3932346, 43.171581 ], [ -71.3935881, 43.1711631 ], [ -71.3935947, 43.1708614 ], [ -71.3934943, 43.1707302 ], [ -71.3938951, 43.1703752 ], [ -71.3939194, 43.1702553 ], [ -71.3941559, 43.1702521 ], [ -71.3942328, 43.1702985 ], [ -71.394346, 43.1705791 ], [ -71.3945998, 43.1707746 ], [ -71.3949286, 43.1711302 ], [ -71.3949767, 43.171356 ], [ -71.394967, 43.1715248 ], [ -71.3950038, 43.1716531 ], [ -71.3950596, 43.1717131 ], [ -71.3951367, 43.1717235 ], [ -71.3953918, 43.1716216 ], [ -71.3956303, 43.1715777 ], [ -71.3958468, 43.1715171 ], [ -71.3961696, 43.1713788 ], [ -71.3967024, 43.1711072 ], [ -71.3971738, 43.1707661 ], [ -71.3973664, 43.1706593 ], [ -71.3977554, 43.1704804 ], [ -71.3981397, 43.1703218 ], [ -71.3987371, 43.1701948 ], [ -71.399299, 43.1699853 ], [ -71.4000663, 43.1694712 ], [ -71.4002125, 43.1693135 ], [ -71.400383, 43.1690555 ], [ -71.4003899, 43.1689029 ], [ -71.4003487, 43.1688756 ], [ -71.400264, 43.1688754 ], [ -71.3998954, 43.1691148 ], [ -71.3997629, 43.169178 ], [ -71.3996554, 43.1692049 ], [ -71.3993434, 43.1694039 ], [ -71.3991896, 43.1696151 ], [ -71.3990737, 43.1696949 ], [ -71.398576, 43.1699682 ], [ -71.3983631, 43.1700131 ], [ -71.3982223, 43.1700838 ], [ -71.398011, 43.169937 ], [ -71.3977623, 43.1696674 ], [ -71.3979303, 43.1694902 ], [ -71.3981541, 43.1693321 ], [ -71.3987652, 43.1691091 ], [ -71.3990139, 43.1689253 ], [ -71.3992991, 43.16855 ], [ -71.3993716, 43.1685033 ], [ -71.3996053, 43.1684359 ], [ -71.3996868, 43.1683979 ], [ -71.3999108, 43.1681839 ], [ -71.4000804, 43.1681299 ], [ -71.400224, 43.1678573 ], [ -71.400623, 43.167505 ], [ -71.4016057, 43.1668203 ], [ -71.4022623, 43.1663901 ], [ -71.4025439, 43.1663416 ], [ -71.4027582, 43.1663384 ], [ -71.4030466, 43.166344 ], [ -71.4033665, 43.1663844 ], [ -71.4038131, 43.1663835 ], [ -71.4041352, 43.1661607 ], [ -71.4040657, 43.1655278 ], [ -71.4040856, 43.165041 ], [ -71.4042325, 43.1646072 ], [ -71.4042353, 43.1645449 ], [ -71.4040714, 43.1643555 ], [ -71.4035389, 43.1647655 ], [ -71.4030348, 43.1652214 ], [ -71.4024576, 43.1656054 ], [ -71.4022118, 43.165793 ], [ -71.4018071, 43.1659265 ], [ -71.4016224, 43.1661501 ], [ -71.4014259, 43.1662931 ], [ -71.4012301, 43.1662478 ], [ -71.4010968, 43.1659338 ], [ -71.401098, 43.165656 ], [ -71.4011919, 43.1654858 ], [ -71.4013565, 43.1653519 ], [ -71.4015646, 43.1653614 ], [ -71.4015152, 43.1651809 ], [ -71.4016274, 43.165012 ], [ -71.4019598, 43.1646095 ], [ -71.4026112, 43.1640464 ], [ -71.40327, 43.1636799 ], [ -71.4033922, 43.1634686 ], [ -71.4035609, 43.1632594 ], [ -71.4037728, 43.1631994 ], [ -71.4040378, 43.1629968 ], [ -71.4047282, 43.1623945 ], [ -71.4048272, 43.1621983 ], [ -71.4048384, 43.1619886 ], [ -71.4048733, 43.1618556 ], [ -71.4043227, 43.161903 ], [ -71.4043828, 43.161681 ], [ -71.4040765, 43.1616519 ], [ -71.404202, 43.1609435 ], [ -71.4034559, 43.1609024 ], [ -71.4034554, 43.1604621 ], [ -71.4030819, 43.16064 ], [ -71.4031801, 43.1609809 ], [ -71.4026114, 43.1612278 ], [ -71.4020178, 43.161057 ], [ -71.4018241, 43.160708 ], [ -71.401667, 43.1605446 ], [ -71.4020052, 43.1603618 ], [ -71.4031506, 43.1599131 ], [ -71.4030259, 43.159512 ], [ -71.4031917, 43.159461 ], [ -71.4028801, 43.1582671 ], [ -71.4026358, 43.1583095 ], [ -71.4025978, 43.1578301 ], [ -71.4029529, 43.1578491 ], [ -71.4036988, 43.1568124 ], [ -71.4039101, 43.1565952 ], [ -71.4042844, 43.155209 ], [ -71.4011995, 43.1545749 ], [ -71.3993941, 43.1570417 ], [ -71.3977259, 43.1596196 ], [ -71.3941686, 43.1587134 ], [ -71.3962222, 43.155117 ], [ -71.3925987, 43.1544709 ], [ -71.3961183, 43.1511051 ], [ -71.3931542, 43.1505665 ], [ -71.3915861, 43.1533814 ], [ -71.3875567, 43.1528908 ], [ -71.3928395, 43.1448413 ], [ -71.3876849, 43.1438869 ], [ -71.3907667, 43.1394941 ], [ -71.3804514, 43.1375835 ], [ -71.3819313, 43.135266 ], [ -71.3847875, 43.1308844 ], [ -71.3859813, 43.1291082 ], [ -71.3967293, 43.1309531 ], [ -71.3975258, 43.1299088 ], [ -71.4046855, 43.1312341 ], [ -71.4048916, 43.1317575 ], [ -71.4050574, 43.1323542 ], [ -71.4054805, 43.1329258 ], [ -71.4055034, 43.133172 ], [ -71.4049716, 43.133389 ], [ -71.4048344, 43.1334724 ], [ -71.4048082, 43.1335504 ], [ -71.4048151, 43.13363 ], [ -71.4049225, 43.13368 ], [ -71.4051146, 43.1337061 ], [ -71.4054748, 43.1338271 ], [ -71.4059493, 43.1341525 ], [ -71.4060132, 43.1342731 ], [ -71.4061922, 43.1342884 ], [ -71.406058, 43.1345614 ], [ -71.4059665, 43.1348159 ], [ -71.4061794, 43.1348599 ], [ -71.4054976, 43.1359377 ], [ -71.4055166, 43.1359488 ], [ -71.4058555, 43.1361304 ], [ -71.4062964, 43.1362909 ], [ -71.4068426, 43.1366214 ], [ -71.4070752, 43.1367375 ], [ -71.4073191, 43.1367976 ], [ -71.4081343, 43.1369167 ], [ -71.4086737, 43.137069 ], [ -71.4090107, 43.137113 ], [ -71.4102311, 43.1376291 ], [ -71.4119165, 43.1382197 ], [ -71.4120167, 43.1379914 ], [ -71.4125362, 43.1381112 ], [ -71.4124135, 43.138364 ], [ -71.4125174, 43.1383923 ], [ -71.4131007, 43.1372918 ], [ -71.414226, 43.1373665 ], [ -71.4162767, 43.1341974 ], [ -71.4184477, 43.1310322 ], [ -71.39875, 43.1273875 ], [ -71.3879184, 43.1255283 ], [ -71.3885577, 43.1245968 ], [ -71.3935146, 43.1255149 ], [ -71.3968843, 43.1200193 ], [ -71.3935388, 43.1151444 ], [ -71.3943155, 43.1140027 ], [ -71.3972288, 43.119147 ], [ -71.4002114, 43.1140452 ], [ -71.4006947, 43.1132568 ], [ -71.4065288, 43.1142578 ], [ -71.4071768, 43.1131754 ], [ -71.4080886, 43.1113229 ], [ -71.3912626, 43.1082547 ], [ -71.3851832, 43.1071804 ], [ -71.3902621, 43.1028745 ], [ -71.3875033, 43.1023633 ], [ -71.3924245, 43.0979402 ], [ -71.3922171, 43.097899 ], [ -71.3891364, 43.097286 ], [ -71.3790679, 43.1060997 ], [ -71.3682928, 43.1042327 ], [ -71.3711901, 43.102154 ], [ -71.3739032, 43.1026335 ], [ -71.3783716, 43.0994752 ], [ -71.3769809, 43.0979707 ], [ -71.3800949, 43.0957287 ], [ -71.377553, 43.0952423 ], [ -71.3738459, 43.0978918 ], [ -71.3721452, 43.0965092 ], [ -71.373562, 43.0954594 ], [ -71.3717227, 43.0944318 ], [ -71.3721358, 43.0941068 ], [ -71.3650046, 43.0927059 ], [ -71.3598905, 43.0955139 ], [ -71.3618813, 43.0920948 ], [ -71.357865, 43.0914218 ], [ -71.3589186, 43.0909852 ], [ -71.3587593, 43.0908955 ], [ -71.358171, 43.0907388 ], [ -71.356827, 43.0904525 ], [ -71.3555884, 43.0902539 ], [ -71.3544298, 43.0901518 ], [ -71.3542876, 43.0901727 ], [ -71.3427337, 43.0954633 ], [ -71.343296, 43.0961925 ], [ -71.3436868, 43.0960378 ], [ -71.3439672, 43.0964218 ], [ -71.3435863, 43.0965681 ], [ -71.3456641, 43.0980778 ], [ -71.3462422, 43.097913 ], [ -71.3486711, 43.0983743 ], [ -71.3459061, 43.1002357 ], [ -71.3455998, 43.1001891 ], [ -71.3448654, 43.1001164 ], [ -71.3411922, 43.0994758 ], [ -71.3344689, 43.0983882 ], [ -71.3332082, 43.1006212 ], [ -71.3321242, 43.102923 ], [ -71.3306051, 43.1026972 ], [ -71.3298792, 43.105268 ], [ -71.324807, 43.1043815 ], [ -71.319571, 43.1142573 ], [ -71.3208926, 43.1145624 ], [ -71.3158956, 43.1216757 ], [ -71.3177175, 43.1231478 ], [ -71.3165449, 43.1239324 ], [ -71.317841, 43.1254524 ], [ -71.31845, 43.1262368 ], [ -71.319025, 43.1270678 ], [ -71.3191988, 43.1273636 ], [ -71.3208887, 43.1263893 ], [ -71.3210966, 43.1265904 ], [ -71.321756, 43.1264661 ], [ -71.3221619, 43.1264633 ], [ -71.3219197, 43.1276922 ], [ -71.3215152, 43.128329 ], [ -71.3197926, 43.1285306 ], [ -71.3202413, 43.1289757 ], [ -71.3206723, 43.1294425 ], [ -71.3208632, 43.1299117 ], [ -71.320802, 43.1303413 ], [ -71.3204061, 43.1320222 ], [ -71.322691, 43.1324324 ], [ -71.3224234, 43.1339687 ], [ -71.3217938, 43.1348815 ], [ -71.3210174, 43.1351892 ], [ -71.3211904, 43.1362052 ], [ -71.3213058, 43.1367278 ], [ -71.3214947, 43.1370792 ], [ -71.3239254, 43.1374168 ], [ -71.3249573, 43.1381859 ], [ -71.3251289, 43.1379765 ], [ -71.3249506, 43.1378603 ], [ -71.3250046, 43.1377758 ], [ -71.3249312, 43.1377373 ], [ -71.3251023, 43.1375419 ], [ -71.3250391, 43.137514 ], [ -71.3250985, 43.1374454 ], [ -71.3254582, 43.1376052 ], [ -71.3260544, 43.1368214 ], [ -71.3267182, 43.1369939 ], [ -71.3267301, 43.1381105 ], [ -71.3273569, 43.1383272 ], [ -71.3272756, 43.1385213 ], [ -71.3275522, 43.1386955 ], [ -71.3273292, 43.1394864 ], [ -71.3279054, 43.1398122 ], [ -71.3284674, 43.1401597 ], [ -71.3290635, 43.1406055 ], [ -71.3297235, 43.1411973 ], [ -71.3301551, 43.1415534 ], [ -71.3306071, 43.1417537 ], [ -71.3312561, 43.142004 ], [ -71.3313955, 43.1420353 ], [ -71.3315563, 43.1417771 ], [ -71.3335487, 43.1395836 ], [ -71.3362896, 43.1411142 ], [ -71.3479084, 43.1423384 ], [ -71.3468371, 43.1440595 ], [ -71.3498774, 43.1445982 ], [ -71.3529317, 43.1450825 ], [ -71.3537388, 43.1457517 ], [ -71.3534506, 43.1461895 ], [ -71.3532096, 43.1465394 ], [ -71.3538105, 43.146759 ], [ -71.35462, 43.1470548 ], [ -71.3546799, 43.1470191 ], [ -71.3551598, 43.1460656 ], [ -71.3576593, 43.1459204 ], [ -71.3589817, 43.1470566 ], [ -71.3588142, 43.147302 ], [ -71.3616211, 43.1481273 ], [ -71.3605789, 43.1496516 ], [ -71.3612726, 43.1501683 ], [ -71.3619195, 43.1508097 ], [ -71.3629433, 43.1517247 ], [ -71.3639548, 43.1526117 ], [ -71.3647282, 43.1532377 ], [ -71.365398, 43.1536103 ], [ -71.3667448, 43.1543148 ], [ -71.3699812, 43.1492086 ], [ -71.3719855, 43.1514255 ], [ -71.3721562, 43.1511517 ], [ -71.3724863, 43.1511525 ], [ -71.373158, 43.1521894 ], [ -71.373401, 43.1530004 ], [ -71.3742216, 43.153599 ], [ -71.3724499, 43.1562127 ], [ -71.3752207, 43.1566988 ], [ -71.3726048, 43.1594219 ], [ -71.3725392, 43.1595624 ], [ -71.371892, 43.1641759 ], [ -71.3733486, 43.1649013 ], [ -71.3730666, 43.1651796 ], [ -71.3717204, 43.1663391 ], [ -71.3714997, 43.1665718 ], [ -71.3753145, 43.1672698 ], [ -71.3746468, 43.168351 ] ] ] ] } },
{ "type": "Feature", "properties": { "osm_type": "relation", "id": 9601354, "boundary": null, "state": "New Hampshire", "name": "Jericho Mountain State Park", "wikipedia": null, "leisure": "nature_reserve" }, "geometry": { "type": "MultiPolygon", "coordinates": [ [ [ [ -71.2486937, 44.4485209 ], [ -71.2368495, 44.4487776 ], [ -71.233757, 44.4573676 ], [ -71.2313018, 44.4632469 ], [ -71.2310342, 44.4638877 ], [ -71.2282849, 44.4703493 ], [ -71.2224751, 44.4704028 ], [ -71.2175615, 44.4816746 ], [ -71.2162974, 44.4849663 ], [ -71.2168187, 44.4865765 ], [ -71.2222115, 44.4871639 ], [ -71.2211293, 44.4893926 ], [ -71.2213795, 44.489401 ], [ -71.2213667, 44.4896065 ], [ -71.2494499, 44.4905412 ], [ -71.2493737, 44.4906698 ], [ -71.2491561, 44.490866 ], [ -71.2487386, 44.4911529 ], [ -71.248545, 44.4912756 ], [ -71.2483387, 44.4913618 ], [ -71.2482129, 44.4914495 ], [ -71.2481043, 44.491562 ], [ -71.2480038, 44.4916378 ], [ -71.2477661, 44.4918054 ], [ -71.2476151, 44.4919611 ], [ -71.2473953, 44.4922341 ], [ -71.2472223, 44.4924593 ], [ -71.247126, 44.4925953 ], [ -71.2470961, 44.492716 ], [ -71.2470832, 44.4929423 ], [ -71.2470431, 44.4933176 ], [ -71.2469808, 44.4935258 ], [ -71.2468757, 44.4937476 ], [ -71.2468478, 44.4937909 ], [ -71.2466988, 44.4939614 ], [ -71.2465132, 44.4940915 ], [ -71.2464544, 44.4941235 ], [ -71.2463778, 44.4941592 ], [ -71.2462345, 44.4942181 ], [ -71.2457447, 44.4943706 ], [ -71.2456653, 44.4944094 ], [ -71.2455935, 44.4944343 ], [ -71.245493, 44.4944844 ], [ -71.245394, 44.4945414 ], [ -71.2452531, 44.4946398 ], [ -71.2451485, 44.4947297 ], [ -71.2450474, 44.494835 ], [ -71.2449696, 44.4949292 ], [ -71.2448351, 44.4951232 ], [ -71.2447126, 44.4953511 ], [ -71.2446059, 44.4954952 ], [ -71.2444696, 44.4956511 ], [ -71.2440896, 44.4960557 ], [ -71.2439581, 44.4962192 ], [ -71.2439317, 44.4962823 ], [ -71.2439126, 44.496351 ], [ -71.2438855, 44.4965528 ], [ -71.2439395, 44.4966983 ], [ -71.2439882, 44.4968901 ], [ -71.2440375, 44.4970325 ], [ -71.244093, 44.4971566 ], [ -71.244171, 44.4972914 ], [ -71.2442026, 44.4973378 ], [ -71.2442673, 44.4974179 ], [ -71.2443691, 44.4975294 ], [ -71.2447465, 44.4978936 ], [ -71.2449305, 44.4980104 ], [ -71.2450935, 44.4981436 ], [ -71.2452877, 44.4982545 ], [ -71.245579, 44.4984012 ], [ -71.2456783, 44.4984614 ], [ -71.2457574, 44.4985209 ], [ -71.24582, 44.4986188 ], [ -71.2458244, 44.4986396 ], [ -71.2458314, 44.4987289 ], [ -71.2457998, 44.4988734 ], [ -71.2462756, 44.4989728 ], [ -71.2474601, 44.4992454 ], [ -71.2477515, 44.4992759 ], [ -71.2479551, 44.499287 ], [ -71.2489312, 44.4992962 ], [ -71.2493604, 44.4993127 ], [ -71.2495388, 44.4993271 ], [ -71.2498922, 44.4993721 ], [ -71.2502831, 44.4993983 ], [ -71.2505433, 44.4993941 ], [ -71.2509081, 44.4993796 ], [ -71.2517149, 44.4993342 ], [ -71.2519771, 44.4993563 ], [ -71.2522194, 44.4994016 ], [ -71.2524347, 44.4994302 ], [ -71.2526075, 44.4995166 ], [ -71.2529239, 44.4996337 ], [ -71.2530816, 44.4996818 ], [ -71.2532659, 44.4997115 ], [ -71.2535709, 44.4997436 ], [ -71.2536892, 44.4997828 ], [ -71.2537867, 44.4998291 ], [ -71.2539126, 44.4999445 ], [ -71.2540047, 44.500101 ], [ -71.2540914, 44.5005418 ], [ -71.2541225, 44.5006356 ], [ -71.2541747, 44.5006905 ], [ -71.2542207, 44.5007194 ], [ -71.2544185, 44.5007711 ], [ -71.2546451, 44.5007814 ], [ -71.2555925, 44.5008087 ], [ -71.2558492, 44.5007976 ], [ -71.2559218, 44.5007834 ], [ -71.2560015, 44.5007586 ], [ -71.2560567, 44.5007279 ], [ -71.2560932, 44.5006946 ], [ -71.2562204, 44.5003209 ], [ -71.2564179, 44.4996759 ], [ -71.2564775, 44.4995007 ], [ -71.2565839, 44.4994093 ], [ -71.2567583, 44.4993353 ], [ -71.2569066, 44.4993056 ], [ -71.2571325, 44.4992872 ], [ -71.2573765, 44.4993092 ], [ -71.2575633, 44.4993902 ], [ -71.257738, 44.4994926 ], [ -71.2578888, 44.4995626 ], [ -71.2579312, 44.4995743 ], [ -71.2580807, 44.4996 ], [ -71.2582704, 44.4996212 ], [ -71.2589174, 44.499836 ], [ -71.2592534, 44.4999914 ], [ -71.2591494, 44.5001066 ], [ -71.2588248, 44.4999564 ], [ -71.2582141, 44.4997537 ], [ -71.2580435, 44.4997347 ], [ -71.257874, 44.4997055 ], [ -71.2578012, 44.4996854 ], [ -71.2576248, 44.4996035 ], [ -71.2574524, 44.4995025 ], [ -71.2573121, 44.4994416 ], [ -71.2571313, 44.4994253 ], [ -71.2570548, 44.4994315 ], [ -71.2569435, 44.4994406 ], [ -71.2568343, 44.4994625 ], [ -71.25671, 44.4995152 ], [ -71.2566532, 44.4995641 ], [ -71.2566046, 44.4997067 ], [ -71.2564167, 44.5003204 ], [ -71.256407, 44.5003519 ], [ -71.2562696, 44.5007558 ], [ -71.256193, 44.5008258 ], [ -71.2561001, 44.5008775 ], [ -71.2559854, 44.5009132 ], [ -71.2558805, 44.5009336 ], [ -71.2555941, 44.500946 ], [ -71.2546354, 44.5009184 ], [ -71.2543788, 44.5009067 ], [ -71.2541213, 44.5008395 ], [ -71.2540299, 44.5007821 ], [ -71.2539441, 44.5006919 ], [ -71.2539027, 44.5005665 ], [ -71.2538188, 44.5001384 ], [ -71.2537459, 44.5000146 ], [ -71.2536548, 44.4999311 ], [ -71.2535954, 44.4999028 ], [ -71.2535156, 44.4998764 ], [ -71.2532309, 44.4998465 ], [ -71.2530225, 44.4998129 ], [ -71.2528435, 44.4997582 ], [ -71.2523215, 44.4995638 ], [ -71.2521532, 44.4995373 ], [ -71.2520871, 44.4995206 ], [ -71.251929, 44.4994909 ], [ -71.2517522, 44.4994731 ], [ -71.2516673, 44.4994701 ], [ -71.2515048, 44.4994743 ], [ -71.2505904, 44.4995346 ], [ -71.2500401, 44.4995235 ], [ -71.2497757, 44.4994952 ], [ -71.2498005, 44.4995381 ], [ -71.2498369, 44.4995866 ], [ -71.2500773, 44.4998309 ], [ -71.2501365, 44.4999025 ], [ -71.2501872, 44.499984 ], [ -71.2502954, 44.5002471 ], [ -71.2503404, 44.5003346 ], [ -71.2507847, 44.5009107 ], [ -71.2508593, 44.5009978 ], [ -71.2509273, 44.501057 ], [ -71.2510048, 44.5011096 ], [ -71.2510669, 44.5011435 ], [ -71.2511482, 44.5011792 ], [ -71.251794, 44.5014295 ], [ -71.2518819, 44.5014708 ], [ -71.2519728, 44.5015241 ], [ -71.2520314, 44.5015657 ], [ -71.2520925, 44.501617 ], [ -71.2521581, 44.5016849 ], [ -71.2522103, 44.5017533 ], [ -71.2524371, 44.5020913 ], [ -71.2539542, 44.5011543 ], [ -71.2581634, 44.5013177 ], [ -71.2604561, 44.5019244 ], [ -71.2604881, 44.5071405 ], [ -71.2744021, 44.5065717 ], [ -71.278435, 44.4945 ], [ -71.2712445, 44.4947921 ], [ -71.2795054, 44.4777462 ], [ -71.2774076, 44.4777347 ], [ -71.2786917, 44.4753252 ], [ -71.2971312, 44.4752245 ], [ -71.3001777, 44.4692003 ], [ -71.2798295, 44.4695413 ], [ -71.2903591, 44.4475821 ], [ -71.269647, 44.4480668 ], [ -71.2486937, 44.4485209 ] ] ], [ [ [ -71.2016239, 44.4982901 ], [ -71.1985733, 44.5044934 ], [ -71.1960844, 44.5099033 ], [ -71.1934728, 44.5157215 ], [ -71.1907601, 44.5211853 ], [ -71.1874993, 44.5274943 ], [ -71.1974543, 44.5273257 ], [ -71.2116487, 44.5270746 ], [ -71.2185436, 44.5120644 ], [ -71.2283948, 44.5118392 ], [ -71.2279514, 44.5104377 ], [ -71.2275248, 44.5090541 ], [ -71.2265225, 44.5057503 ], [ -71.2261207, 44.504446 ], [ -71.2255207, 44.5026689 ], [ -71.2251025, 44.5016924 ], [ -71.2243133, 44.5003308 ], [ -71.2242126, 44.500401 ], [ -71.2241533, 44.5004345 ], [ -71.2240866, 44.5004531 ], [ -71.224037, 44.5004483 ], [ -71.2239382, 44.5004235 ], [ -71.2238578, 44.5003984 ], [ -71.2237872, 44.5003674 ], [ -71.2237678, 44.5003288 ], [ -71.2237408, 44.5002892 ], [ -71.2237418, 44.5002664 ], [ -71.223838, 44.5001794 ], [ -71.2238642, 44.5001465 ], [ -71.2238716, 44.5000991 ], [ -71.2238573, 44.5000461 ], [ -71.2238363, 44.4999278 ], [ -71.2238129, 44.4998939 ], [ -71.2237743, 44.4998817 ], [ -71.2237082, 44.4998705 ], [ -71.2236339, 44.4998674 ], [ -71.2235445, 44.4998359 ], [ -71.2234826, 44.4997961 ], [ -71.2234319, 44.4997346 ], [ -71.2233816, 44.4997019 ], [ -71.2233041, 44.4996708 ], [ -71.2232124, 44.499663 ], [ -71.2231372, 44.4996724 ], [ -71.2230674, 44.4997161 ], [ -71.223019, 44.499758 ], [ -71.2229408, 44.4998047 ], [ -71.2228533, 44.4998375 ], [ -71.222746, 44.4998357 ], [ -71.2225931, 44.4998023 ], [ -71.222587, 44.4997344 ], [ -71.2225526, 44.499652 ], [ -71.2225674, 44.4995167 ], [ -71.2225382, 44.4993597 ], [ -71.2224714, 44.4992368 ], [ -71.2223916, 44.4991116 ], [ -71.2223232, 44.4989907 ], [ -71.2222823, 44.4989627 ], [ -71.2222186, 44.4989468 ], [ -71.2221667, 44.4989613 ], [ -71.2220646, 44.4989997 ], [ -71.2219643, 44.4990228 ], [ -71.2218974, 44.4990283 ], [ -71.2216751, 44.4988723 ], [ -71.2215309, 44.4987643 ], [ -71.2214751, 44.4987083 ], [ -71.2214695, 44.4986481 ], [ -71.2214853, 44.4986193 ], [ -71.2214525, 44.4985751 ], [ -71.2213622, 44.4985272 ], [ -71.2213325, 44.4984738 ], [ -71.2212516, 44.4983665 ], [ -71.2211719, 44.4983153 ], [ -71.2210662, 44.4983143 ], [ -71.2210316, 44.4983412 ], [ -71.221052, 44.4983978 ], [ -71.2210264, 44.4984487 ], [ -71.2209834, 44.4984856 ], [ -71.2209096, 44.4984954 ], [ -71.2208251, 44.4984277 ], [ -71.220804, 44.498382 ], [ -71.2207671, 44.4983201 ], [ -71.2207487, 44.4982635 ], [ -71.220745, 44.4982209 ], [ -71.2207509, 44.4981904 ], [ -71.2207465, 44.4981702 ], [ -71.2206111, 44.4981298 ], [ -71.2204994, 44.4980656 ], [ -71.2203564, 44.4979905 ], [ -71.2201721, 44.498178 ], [ -71.2199021, 44.4980826 ], [ -71.2196907, 44.4978688 ], [ -71.2194825, 44.4977121 ], [ -71.2191268, 44.4975811 ], [ -71.2188274, 44.4973742 ], [ -71.2184538, 44.4969962 ], [ -71.2178267, 44.4966753 ], [ -71.2171233, 44.4964193 ], [ -71.2166341, 44.4962672 ], [ -71.2162016, 44.496152 ], [ -71.2154484, 44.4960962 ], [ -71.2149615, 44.4960274 ], [ -71.2147178, 44.4959426 ], [ -71.2144189, 44.4957342 ], [ -71.2139745, 44.4953701 ], [ -71.2128781, 44.4950353 ], [ -71.2124236, 44.4948166 ], [ -71.2118755, 44.4945773 ], [ -71.2109808, 44.4944521 ], [ -71.2092334, 44.4980764 ], [ -71.2016239, 44.4982901 ] ] ] ] } },
{ "type": "Feature", "properties": { "osm_type": "relation", "id": 12523846, "boundary": null, "state": "New Hampshire", "name": "Coleman State Park", "wikipedia": null, "leisure": "park" }, "geometry": { "type": "MultiPolygon", "coordinates": [ [ [ [ -71.3159477, 44.9166283 ], [ -71.3156348, 44.9178171 ], [ -71.314777, 44.9210768 ], [ -71.3151205, 44.9211224 ], [ -71.325099, 44.9224476 ], [ -71.3262689, 44.9179989 ], [ -71.3159477, 44.9166283 ] ] ], [ [ [ -71.3179507, 44.9499897 ], [ -71.3284706, 44.9515551 ], [ -71.3390747, 44.953132 ], [ -71.3396858, 44.950915 ], [ -71.3443654, 44.9339321 ], [ -71.3552314, 44.9353615 ], [ -71.3552371, 44.935349 ], [ -71.3552836, 44.9352344 ], [ -71.3553767, 44.9350035 ], [ -71.3554717, 44.9346228 ], [ -71.3555902, 44.9342699 ], [ -71.3556942, 44.9337779 ], [ -71.355817, 44.933259 ], [ -71.3560467, 44.9325309 ], [ -71.356058, 44.9324998 ], [ -71.3561214, 44.9323252 ], [ -71.3562766, 44.9318979 ], [ -71.3564158, 44.9314185 ], [ -71.3564811, 44.9311791 ], [ -71.3565168, 44.9310719 ], [ -71.3565401, 44.9310364 ], [ -71.3565748, 44.9309739 ], [ -71.355509, 44.9308297 ], [ -71.3420643, 44.9289192 ], [ -71.3399654, 44.9286209 ], [ -71.3394619, 44.9302582 ], [ -71.3346671, 44.9295605 ], [ -71.3346552, 44.9296048 ], [ -71.3345528, 44.9300258 ], [ -71.3344199, 44.9305171 ], [ -71.3343244, 44.9308872 ], [ -71.3342673, 44.9312174 ], [ -71.3341618, 44.9315798 ], [ -71.3338914, 44.9325129 ], [ -71.3337481, 44.9325007 ], [ -71.3336637, 44.9324953 ], [ -71.3227924, 44.9310463 ], [ -71.3214731, 44.9364512 ], [ -71.3110152, 44.9350621 ], [ -71.3136055, 44.9258922 ], [ -71.3057309, 44.9248458 ], [ -71.3029116, 44.9348243 ], [ -71.3019698, 44.9381572 ], [ -71.3020619, 44.9381694 ], [ -71.3202472, 44.9405851 ], [ -71.3179507, 44.9499897 ] ] ] ] } },
{ "type": "Feature", "properties": { "osm_type": "way", "id": 18880774, "boundary": null, "state": "New Hampshire", "name": "Pillsbury State Park", "wikipedia": null, "leisure": null }, "geometry": { "type": "LineString", "coordinates": [ [ -72.103577, 43.232073 ], [ -72.103413, 43.232151 ], [ -72.103266, 43.232241 ], [ -72.103225, 43.232318 ], [ -72.103278, 43.232415 ] ] } },
{ "type": "Feature", "properties": { "osm_type": "way", "id": 43126010, "boundary": null, "state": "New Hampshire", "name": "Pillsbury State Park", "wikipedia": null, "leisure": "park" }, "geometry": { "type": "Polygon", "coordinates": [ [ [ -72.1103106, 43.254097 ], [ -72.1083855, 43.2543998 ], [ -72.1049784, 43.2543272 ], [ -72.1029425, 43.2546422 ], [ -72.0797947, 43.2555898 ], [ -72.0802596, 43.2492633 ], [ -72.0795898, 43.2492592 ], [ -72.0768227, 43.2492373 ], [ -72.0784435, 43.2449605 ], [ -72.0785248, 43.2445684 ], [ -72.0796858, 43.2389682 ], [ -72.0800692, 43.2371422 ], [ -72.0796709, 43.2360027 ], [ -72.0804547, 43.2347551 ], [ -72.083003, 43.2305695 ], [ -72.0852748, 43.2269296 ], [ -72.0852703, 43.2218621 ], [ -72.0870869, 43.2188688 ], [ -72.0831446, 43.2140907 ], [ -72.0830403, 43.2140743 ], [ -72.0828545, 43.2140318 ], [ -72.0826848, 43.213993 ], [ -72.0826533, 43.2138142 ], [ -72.0826494, 43.213675 ], [ -72.0826576, 43.2135491 ], [ -72.0826871, 43.2134518 ], [ -72.0827649, 43.2133366 ], [ -72.0828274, 43.213206 ], [ -72.0828813, 43.2131263 ], [ -72.0829079, 43.2130401 ], [ -72.0829525, 43.2129383 ], [ -72.0830002, 43.2128475 ], [ -72.0830514, 43.2126418 ], [ -72.0831768, 43.2123959 ], [ -72.0837528, 43.2116907 ], [ -72.0839512, 43.2115042 ], [ -72.0841046, 43.2113776 ], [ -72.0841944, 43.211238 ], [ -72.0842115, 43.2110788 ], [ -72.0842647, 43.2109061 ], [ -72.0842902, 43.2106473 ], [ -72.0842892, 43.2104948 ], [ -72.0842051, 43.2101501 ], [ -72.0841832, 43.2100602 ], [ -72.0842344, 43.2099699 ], [ -72.0842024, 43.20989 ], [ -72.0842125, 43.2098289 ], [ -72.0841951, 43.2097564 ], [ -72.0842082, 43.2096915 ], [ -72.0842285, 43.2096756 ], [ -72.0842693, 43.2096671 ], [ -72.0842565, 43.2096129 ], [ -72.0842369, 43.2095493 ], [ -72.0842793, 43.2093393 ], [ -72.0842565, 43.2092426 ], [ -72.0842792, 43.2091624 ], [ -72.0843474, 43.2089216 ], [ -72.0843738, 43.2088281 ], [ -72.0843583, 43.2087853 ], [ -72.0843673, 43.2087465 ], [ -72.0844194, 43.208685 ], [ -72.0845099, 43.2086287 ], [ -72.0850046, 43.2085288 ], [ -72.0850797, 43.2084857 ], [ -72.0851472, 43.2083794 ], [ -72.0851801, 43.208239 ], [ -72.0851323, 43.2080597 ], [ -72.085112, 43.2078196 ], [ -72.085102, 43.2077567 ], [ -72.0941613, 43.2051153 ], [ -72.0945375, 43.2049827 ], [ -72.1002946, 43.2033097 ], [ -72.1007375, 43.2025967 ], [ -72.1038223, 43.202266 ], [ -72.1039539, 43.2023107 ], [ -72.1044859, 43.2021957 ], [ -72.1055662, 43.2020843 ], [ -72.1052694, 43.1994631 ], [ -72.1077956, 43.1988113 ], [ -72.1080305, 43.1992564 ], [ -72.108466, 43.1996838 ], [ -72.1089217, 43.2000515 ], [ -72.1101728, 43.2007837 ], [ -72.1105921, 43.2010982 ], [ -72.1111824, 43.2015701 ], [ -72.1128133, 43.2028284 ], [ -72.1138547, 43.2037276 ], [ -72.114669, 43.2044644 ], [ -72.1152364, 43.2049646 ], [ -72.116466, 43.2059642 ], [ -72.1168858, 43.2063464 ], [ -72.1171828, 43.2068308 ], [ -72.1174495, 43.207383 ], [ -72.1175137, 43.2077102 ], [ -72.1176101, 43.2082235 ], [ -72.1176163, 43.2090534 ], [ -72.117635, 43.2095049 ], [ -72.1178728, 43.2103282 ], [ -72.117922, 43.2107119 ], [ -72.1178981, 43.2116605 ], [ -72.1177617, 43.2120223 ], [ -72.1177241, 43.2123429 ], [ -72.1177424, 43.212703 ], [ -72.1177312, 43.2129177 ], [ -72.1177968, 43.2131601 ], [ -72.1178881, 43.2134211 ], [ -72.1180047, 43.2136446 ], [ -72.1181594, 43.2138493 ], [ -72.1182762, 43.2141008 ], [ -72.1183809, 43.2144551 ], [ -72.118395, 43.2146323 ], [ -72.1184488, 43.2149961 ], [ -72.1184639, 43.2153133 ], [ -72.1185815, 43.2156862 ], [ -72.1187248, 43.2160683 ], [ -72.1190879, 43.2168275 ], [ -72.1191541, 43.2171445 ], [ -72.1191437, 43.2174619 ], [ -72.1191094, 43.2176086 ], [ -72.1193293, 43.2175931 ], [ -72.1249681, 43.2167318 ], [ -72.1248866, 43.2167927 ], [ -72.1248486, 43.2168348 ], [ -72.1248298, 43.2168816 ], [ -72.1248619, 43.2169001 ], [ -72.1249128, 43.2168812 ], [ -72.1250462, 43.216792 ], [ -72.1251418, 43.2167636 ], [ -72.1251932, 43.2168054 ], [ -72.1252764, 43.2168378 ], [ -72.1253724, 43.2168607 ], [ -72.1253981, 43.2168933 ], [ -72.12536, 43.2169214 ], [ -72.1252774, 43.2169638 ], [ -72.1252075, 43.217006 ], [ -72.1251568, 43.2170669 ], [ -72.1251381, 43.217123 ], [ -72.1251958, 43.2171601 ], [ -72.1252727, 43.2171924 ], [ -72.1252923, 43.2172484 ], [ -72.1252606, 43.2172858 ], [ -72.1252355, 43.2173372 ], [ -72.1251973, 43.2173514 ], [ -72.1251593, 43.2173935 ], [ -72.1251025, 43.2174824 ], [ -72.1250522, 43.21759 ], [ -72.1250401, 43.2176787 ], [ -72.1250152, 43.2177674 ], [ -72.1249838, 43.2178329 ], [ -72.1249463, 43.2179427 ], [ -72.1249412, 43.2181154 ], [ -72.1249096, 43.2181482 ], [ -72.124852, 43.2181297 ], [ -72.1247365, 43.2180555 ], [ -72.124666, 43.2180231 ], [ -72.1246337, 43.2179766 ], [ -72.1245249, 43.217935 ], [ -72.1243333, 43.2179218 ], [ -72.124225, 43.2179596 ], [ -72.1242128, 43.2180296 ], [ -72.1241754, 43.2181558 ], [ -72.124094, 43.2183754 ], [ -72.1240055, 43.2184948 ], [ -72.1239612, 43.2185416 ], [ -72.1238596, 43.2186213 ], [ -72.1236951, 43.218818 ], [ -72.123594, 43.218963 ], [ -72.1235058, 43.2191127 ], [ -72.1234425, 43.219197 ], [ -72.1233411, 43.2192954 ], [ -72.123259, 43.2194077 ], [ -72.1231387, 43.2195435 ], [ -72.1229675, 43.2197075 ], [ -72.1229298, 43.219787 ], [ -72.1229112, 43.2198664 ], [ -72.1229434, 43.2198943 ], [ -72.1230013, 43.2199593 ], [ -72.122989, 43.2200247 ], [ -72.1228939, 43.2201138 ], [ -72.1228756, 43.2202212 ], [ -72.1228505, 43.2202913 ], [ -72.1227169, 43.2203525 ], [ -72.1226665, 43.2204367 ], [ -72.1226545, 43.220544 ], [ -72.122706, 43.2206045 ], [ -72.1227324, 43.2207164 ], [ -72.1227075, 43.2208005 ], [ -72.1226634, 43.2208846 ], [ -72.1226127, 43.2209362 ], [ -72.122639, 43.2210387 ], [ -72.1227099, 43.2211224 ], [ -72.1227996, 43.2211641 ], [ -72.1228446, 43.2212106 ], [ -72.122845, 43.2212572 ], [ -72.1228132, 43.2212807 ], [ -72.1226984, 43.2212951 ], [ -72.1226348, 43.2213281 ], [ -72.1226033, 43.2213795 ], [ -72.1225974, 43.2214449 ], [ -72.1226425, 43.22151 ], [ -72.1226688, 43.2216032 ], [ -72.1226502, 43.2216826 ], [ -72.1225486, 43.221753 ], [ -72.1223958, 43.2218143 ], [ -72.1220773, 43.2219182 ], [ -72.1219051, 43.2219469 ], [ -72.1217074, 43.221971 ], [ -72.1215224, 43.2219905 ], [ -72.121382, 43.2220003 ], [ -72.12128, 43.2220241 ], [ -72.1210119, 43.2220391 ], [ -72.1209223, 43.2220115 ], [ -72.1208072, 43.2219886 ], [ -72.1207308, 43.2220076 ], [ -72.1206609, 43.2220592 ], [ -72.1206297, 43.2221597 ], [ -72.1205664, 43.2222346 ], [ -72.1204717, 43.2223796 ], [ -72.1204404, 43.2224637 ], [ -72.1204603, 43.2225616 ], [ -72.1205058, 43.2226641 ], [ -72.1205257, 43.2227714 ], [ -72.1204881, 43.2228648 ], [ -72.1204439, 43.222935 ], [ -72.1203999, 43.2230238 ], [ -72.1203494, 43.223108 ], [ -72.1202803, 43.2232576 ], [ -72.1202426, 43.2233613 ], [ -72.1192076, 43.2234345 ], [ -72.1190841, 43.223141 ], [ -72.1184148, 43.2232183 ], [ -72.1184592, 43.2233349 ], [ -72.1186932, 43.2238893 ], [ -72.1187981, 43.2242622 ], [ -72.1188136, 43.2246261 ], [ -72.1188763, 43.2253684 ], [ -72.1189039, 43.2255372 ], [ -72.1189618, 43.225802 ], [ -72.1254526, 43.2253332 ], [ -72.1240652, 43.242431 ], [ -72.1188542, 43.2422403 ], [ -72.1187752, 43.2423765 ], [ -72.1135437, 43.2422129 ], [ -72.1116989, 43.249454 ], [ -72.1103106, 43.254097 ] ] ] } },
{ "type": "Feature", "properties": { "osm_type": "way", "id": 43126050, "boundary": null, "state": "New Hampshire", "name": "Wadleigh State Park", "wikipedia": null, "leisure": "park" }, "geometry": { "type": "Polygon", "coordinates": [ [ [ -71.940658, 43.362739 ], [ -71.941109, 43.362149 ], [ -71.943185, 43.359189 ], [ -71.9432, 43.358731 ], [ -71.9454815, 43.3544367 ], [ -71.9460151, 43.3535111 ], [ -71.9462077, 43.3534759 ], [ -71.947565, 43.358143 ], [ -71.946868, 43.358328 ], [ -71.946805, 43.358183 ], [ -71.946129, 43.358388 ], [ -71.94648, 43.358945 ], [ -71.945733, 43.359479 ], [ -71.945337, 43.359792 ], [ -71.945138, 43.359967 ], [ -71.944817, 43.360234 ], [ -71.9445335, 43.3604617 ], [ -71.944009, 43.360883 ], [ -71.943596, 43.361211 ], [ -71.943337, 43.361386 ], [ -71.943124, 43.361508 ], [ -71.942803, 43.36163 ], [ -71.942422, 43.361737 ], [ -71.941872, 43.361859 ], [ -71.941658, 43.361997 ], [ -71.941577, 43.362019 ], [ -71.941211, 43.362368 ], [ -71.940915, 43.36283 ], [ -71.940658, 43.362739 ] ] ] } },
{ "type": "Feature", "properties": { "osm_type": "way", "id": 43126072, "boundary": null, "state": "New Hampshire", "name": "Northwood Meadows State Park", "wikipedia": null, "leisure": "park" }, "geometry": { "type": "Polygon", "coordinates": [ [ [ -71.1973459, 43.205248 ], [ -71.200894, 43.201179 ], [ -71.200315, 43.201056 ], [ -71.195859, 43.20029 ], [ -71.195783, 43.200284 ], [ -71.1933028, 43.2001158 ], [ -71.1969607, 43.1964243 ], [ -71.1993656, 43.1939658 ], [ -71.2009665, 43.1907515 ], [ -71.2011455, 43.190771 ], [ -71.2014385, 43.1908182 ], [ -71.2018392, 43.1909552 ], [ -71.2021419, 43.1910596 ], [ -71.2027862, 43.1913012 ], [ -71.2030283, 43.1913737 ], [ -71.2032964, 43.1914482 ], [ -71.2039322, 43.1916226 ], [ -71.2095402, 43.1853445 ], [ -71.2135282, 43.1809892 ], [ -71.2153083, 43.178988 ], [ -71.2194492, 43.1810824 ], [ -71.2175019, 43.1832593 ], [ -71.2169073, 43.1839274 ], [ -71.2153992, 43.1856214 ], [ -71.2140021, 43.1871815 ], [ -71.2102969, 43.1912566 ], [ -71.2102336, 43.1913262 ], [ -71.2096828, 43.1918804 ], [ -71.2094478, 43.1921349 ], [ -71.207928, 43.1937812 ], [ -71.208255, 43.1941589 ], [ -71.2084328, 43.194307 ], [ -71.2087609, 43.1946427 ], [ -71.2093996, 43.1951928 ], [ -71.2095673, 43.1954154 ], [ -71.2097045, 43.1960864 ], [ -71.2098688, 43.1963525 ], [ -71.2100142, 43.1964543 ], [ -71.2104045, 43.1966091 ], [ -71.2105917, 43.1967075 ], [ -71.2108109, 43.1968961 ], [ -71.2109361, 43.1969835 ], [ -71.211202, 43.1970297 ], [ -71.2114992, 43.1970573 ], [ -71.2118877, 43.1970798 ], [ -71.2141614, 43.1974923 ], [ -71.215788, 43.197812 ], [ -71.2163457, 43.19796 ], [ -71.214406, 43.2001076 ], [ -71.2126921, 43.2020514 ], [ -71.2117373, 43.2031079 ], [ -71.2089293, 43.2028237 ], [ -71.2082402, 43.2035866 ], [ -71.2072598, 43.2046375 ], [ -71.2063039, 43.2056594 ], [ -71.2057831, 43.2062185 ], [ -71.2080251, 43.2065853 ], [ -71.2071643, 43.2079247 ], [ -71.2060264, 43.209714 ], [ -71.2054196, 43.2106416 ], [ -71.2020788, 43.2097611 ], [ -71.2001233, 43.2128141 ], [ -71.1995183, 43.2137164 ], [ -71.1994101, 43.2139522 ], [ -71.1990226, 43.2138055 ], [ -71.1977442, 43.2132509 ], [ -71.1975044, 43.2131593 ], [ -71.1965989, 43.2127565 ], [ -71.1967398, 43.2125191 ], [ -71.1984099, 43.2099006 ], [ -71.2010183, 43.2058187 ], [ -71.1973459, 43.205248 ] ] ] } },
{ "type": "Feature", "properties": { "osm_type": "way", "id": 43126095, "boundary": null, "state": "New Hampshire", "name": "North Hampton State Beach", "wikipedia": null, "leisure": "beach_resort" }, "geometry": { "type": "Polygon", "coordinates": [ [ [ -70.781956, 42.9545863 ], [ -70.7820343, 42.9545303 ], [ -70.782347, 42.9546074 ], [ -70.7822761, 42.9546743 ], [ -70.7823221, 42.9547056 ], [ -70.7818257, 42.9552305 ], [ -70.7813238, 42.9557722 ], [ -70.7806401, 42.9564704 ], [ -70.7802316, 42.9568661 ], [ -70.780005, 42.9567267 ], [ -70.7801085, 42.9566178 ], [ -70.7802078, 42.9565641 ], [ -70.7803723, 42.9564607 ], [ -70.7807207, 42.9562118 ], [ -70.7810744, 42.9558998 ], [ -70.7812795, 42.9556895 ], [ -70.781544, 42.9553547 ], [ -70.781758, 42.9550243 ], [ -70.7818643, 42.9548229 ], [ -70.7819534, 42.9546047 ], [ -70.781956, 42.9545863 ] ] ] } },
{ "type": "Feature", "properties": { "osm_type": "way", "id": 43126127, "boundary": null, "state": "New Hampshire", "name": "White Lake State Park", "wikipedia": null, "leisure": "park" }, "geometry": { "type": "Polygon", "coordinates": [ [ [ -71.227385, 43.832557 ], [ -71.228382, 43.832657 ], [ -71.229862, 43.832794 ], [ -71.231326, 43.832916 ], [ -71.232196, 43.833015 ], [ -71.233066, 43.833122 ], [ -71.23389, 43.833206 ], [ -71.234698, 43.833297 ], [ -71.2354, 43.83332 ], [ -71.236332, 43.833343 ], [ -71.237232, 43.833374 ], [ -71.238575, 43.833366 ], [ -71.239231, 43.833404 ], [ -71.239658, 43.833481 ], [ -71.240467, 43.833717 ], [ -71.240812, 43.833854 ], [ -71.241736, 43.838333 ], [ -71.237297, 43.83889 ], [ -71.234818, 43.839182 ], [ -71.234533, 43.838632 ], [ -71.231851, 43.837439 ], [ -71.231242, 43.837277 ], [ -71.230951, 43.837108 ], [ -71.230233, 43.83632 ], [ -71.22942, 43.835576 ], [ -71.228687, 43.835211 ], [ -71.228065, 43.834829 ], [ -71.227738, 43.834672 ], [ -71.228794, 43.839843 ], [ -71.22896, 43.839859 ], [ -71.230439, 43.839706 ], [ -71.231922, 43.839561 ], [ -71.231981, 43.839851 ], [ -71.232166, 43.840446 ], [ -71.232393, 43.841598 ], [ -71.23247, 43.841873 ], [ -71.232576, 43.842414 ], [ -71.232624, 43.842704 ], [ -71.233318, 43.846014 ], [ -71.233525, 43.847 ], [ -71.233202, 43.847053 ], [ -71.231799, 43.847198 ], [ -71.23041, 43.847343 ], [ -71.229007, 43.84748 ], [ -71.227618, 43.847625 ], [ -71.226215, 43.84777 ], [ -71.225877, 43.847816 ], [ -71.225969, 43.848213 ], [ -71.226445, 43.850486 ], [ -71.227068, 43.853408 ], [ -71.227183, 43.853919 ], [ -71.227054, 43.853927 ], [ -71.22626, 43.853965 ], [ -71.225727, 43.853973 ], [ -71.225162, 43.853988 ], [ -71.224063, 43.854003 ], [ -71.223499, 43.853897 ], [ -71.222385, 43.853546 ], [ -71.221301, 43.85324 ], [ -71.220508, 43.853073 ], [ -71.219989, 43.853012 ], [ -71.219765, 43.853004 ], [ -71.219621, 43.852577 ], [ -71.219577, 43.852333 ], [ -71.219408, 43.851638 ], [ -71.219349, 43.851409 ], [ -71.21834, 43.847472 ], [ -71.217563, 43.844406 ], [ -71.217564, 43.84436 ], [ -71.216065, 43.844505 ], [ -71.214541, 43.844635 ], [ -71.214464, 43.84423 ], [ -71.214082, 43.842559 ], [ -71.213397, 43.839492 ], [ -71.213304, 43.839233 ], [ -71.213184, 43.838607 ], [ -71.21277, 43.836723 ], [ -71.212696, 43.836464 ], [ -71.211823, 43.836563 ], [ -71.210879, 43.836723 ], [ -71.210055, 43.83683 ], [ -71.209262, 43.836936 ], [ -71.208374, 43.837095 ], [ -71.208407, 43.836876 ], [ -71.208453, 43.836349 ], [ -71.208483, 43.835884 ], [ -71.208498, 43.835746 ], [ -71.208514, 43.835052 ], [ -71.208514, 43.834907 ], [ -71.208483, 43.833969 ], [ -71.208468, 43.833862 ], [ -71.208387, 43.832931 ], [ -71.208835, 43.831428 ], [ -71.209597, 43.828788 ], [ -71.209994, 43.828926 ], [ -71.210497, 43.829086 ], [ -71.211275, 43.828911 ], [ -71.211489, 43.828689 ], [ -71.211642, 43.828499 ], [ -71.21233, 43.828804 ], [ -71.212496, 43.828661 ], [ -71.215243, 43.829956 ], [ -71.215564, 43.830078 ], [ -71.216968, 43.830658 ], [ -71.217334, 43.830757 ], [ -71.218432, 43.831215 ], [ -71.219301, 43.83148 ], [ -71.219798, 43.831379 ], [ -71.219866, 43.831382 ], [ -71.220905, 43.831291 ], [ -71.22179, 43.831245 ], [ -71.222781, 43.831276 ], [ -71.22327, 43.831321 ], [ -71.224093, 43.831451 ], [ -71.22449, 43.831573 ], [ -71.224674, 43.831627 ], [ -71.22591, 43.832062 ], [ -71.226871, 43.832443 ], [ -71.227252, 43.832542 ], [ -71.227385, 43.832557 ] ] ] } },
{ "type": "Feature", "properties": { "osm_type": "way", "id": 43126151, "boundary": null, "state": "New Hampshire", "name": "Wentworth State Park", "wikipedia": null, "leisure": "park" }, "geometry": { "type": "Polygon", "coordinates": [ [ [ -71.14662, 43.612972 ], [ -71.146195, 43.613039 ], [ -71.145616, 43.613115 ], [ -71.14502, 43.613093 ], [ -71.14441, 43.613001 ], [ -71.143677, 43.612864 ], [ -71.142975, 43.612589 ], [ -71.142411, 43.612345 ], [ -71.142106, 43.612131 ], [ -71.141928, 43.612011 ], [ -71.142016, 43.611945 ], [ -71.142047, 43.61197 ], [ -71.14261, 43.612307 ], [ -71.143068, 43.61252 ], [ -71.14351, 43.612673 ], [ -71.144074, 43.612833 ], [ -71.144364, 43.612887 ], [ -71.144867, 43.6128744 ], [ -71.145005, 43.612871 ], [ -71.145295, 43.612787 ], [ -71.145555, 43.612658 ], [ -71.145844, 43.612345 ], [ -71.146043, 43.612078 ], [ -71.146729, 43.611643 ], [ -71.14705, 43.611475 ], [ -71.147217, 43.611399 ], [ -71.147401, 43.61133 ], [ -71.147767, 43.6113 ], [ -71.148238, 43.61136 ], [ -71.147984, 43.612579 ], [ -71.148194, 43.612505 ], [ -71.149369, 43.612192 ], [ -71.150239, 43.612017 ], [ -71.151109, 43.611841 ], [ -71.151627, 43.611742 ], [ -71.150468, 43.612856 ], [ -71.1493, 43.613974 ], [ -71.14581, 43.617296 ], [ -71.142309, 43.615411 ], [ -71.143986, 43.613529 ], [ -71.145236, 43.613715 ], [ -71.145742, 43.613742 ], [ -71.145731, 43.613424 ], [ -71.146099, 43.613526 ], [ -71.146127, 43.613696 ], [ -71.146347, 43.61366 ], [ -71.146358, 43.613413 ], [ -71.146645, 43.613372 ], [ -71.14662, 43.612972 ] ] ] } },
{ "type": "Feature", "properties": { "osm_type": "way", "id": 43126168, "boundary": null, "state": "New Hampshire", "name": "Weeks State Park", "wikipedia": null, "leisure": "park" }, "geometry": { "type": "Polygon", "coordinates": [ [ [ -71.578643, 44.449857 ], [ -71.579282, 44.449339 ], [ -71.57942, 44.449399 ], [ -71.579391, 44.449559 ], [ -71.579369, 44.449669 ], [ -71.579362, 44.449845 ], [ -71.579357, 44.450097 ], [ -71.579366, 44.450323 ], [ -71.579375, 44.45052 ], [ -71.579347, 44.450751 ], [ -71.579356, 44.450976 ], [ -71.579403, 44.451141 ], [ -71.57949, 44.451338 ], [ -71.579559, 44.451492 ], [ -71.579638, 44.4517 ], [ -71.579593, 44.451865 ], [ -71.579514, 44.452634 ], [ -71.578463, 44.456643 ], [ -71.577415, 44.456652 ], [ -71.577526, 44.45628 ], [ -71.576926, 44.456402 ], [ -71.576742, 44.456452 ], [ -71.576627, 44.456573 ], [ -71.57656, 44.456776 ], [ -71.5765352, 44.4568972 ], [ -71.576516, 44.456991 ], [ -71.576441, 44.457288 ], [ -71.576366, 44.457508 ], [ -71.576382, 44.457601 ], [ -71.576512, 44.45759 ], [ -71.576619, 44.457512 ], [ -71.576719, 44.457496 ], [ -71.577112, 44.457668 ], [ -71.576856, 44.458528 ], [ -71.576658, 44.459207 ], [ -71.576383, 44.459916 ], [ -71.576002, 44.460633 ], [ -71.575559, 44.46164 ], [ -71.57504, 44.46158 ], [ -71.573942, 44.461488 ], [ -71.572828, 44.461412 ], [ -71.571943, 44.461396 ], [ -71.571073, 44.461366 ], [ -71.570401, 44.461351 ], [ -71.569685, 44.461381 ], [ -71.569104, 44.461595 ], [ -71.568173, 44.461969 ], [ -71.568062, 44.462009 ], [ -71.566275, 44.460062 ], [ -71.565881, 44.459822 ], [ -71.56555, 44.459625 ], [ -71.565318, 44.459467 ], [ -71.565064, 44.459331 ], [ -71.564748, 44.459151 ], [ -71.564471, 44.459031 ], [ -71.564262, 44.458922 ], [ -71.564085, 44.458752 ], [ -71.563729, 44.458463 ], [ -71.563405, 44.458211 ], [ -71.56203, 44.457096 ], [ -71.561951, 44.455706 ], [ -71.563551, 44.455167 ], [ -71.563171, 44.453576 ], [ -71.562642, 44.4526 ], [ -71.562386, 44.452288 ], [ -71.562622, 44.450963 ], [ -71.566995, 44.448684 ], [ -71.568705, 44.447425 ], [ -71.568889, 44.447303 ], [ -71.569263, 44.447126 ], [ -71.572117, 44.445852 ], [ -71.572285, 44.445769 ], [ -71.572484, 44.445685 ], [ -71.57266, 44.445641 ], [ -71.572844, 44.445607 ], [ -71.572982, 44.445601 ], [ -71.57322, 44.445628 ], [ -71.573382, 44.445688 ], [ -71.573551, 44.445736 ], [ -71.573728, 44.445807 ], [ -71.573982, 44.445927 ], [ -71.574114, 44.446031 ], [ -71.574184, 44.446151 ], [ -71.5743, 44.446283 ], [ -71.575466, 44.448138 ], [ -71.578082, 44.447558 ], [ -71.578092, 44.447564 ], [ -71.57858, 44.448022 ], [ -71.578611, 44.448198 ], [ -71.578672, 44.448701 ], [ -71.578657, 44.449579 ], [ -71.578643, 44.449857 ] ] ] } },
{ "type": "Feature", "properties": { "osm_type": "way", "id": 43126173, "boundary": "protected_area", "state": "New Hampshire", "name": "Moose Brook State Park", "wikipedia": null, "leisure": "park" }, "geometry": { "type": "Polygon", "coordinates": [ [ [ -71.2251318, 44.3905723 ], [ -71.2233449, 44.3931875 ], [ -71.2228801, 44.3928375 ], [ -71.2229709, 44.3925453 ], [ -71.2232087, 44.3921341 ], [ -71.2233951, 44.3918728 ], [ -71.2235073, 44.3917569 ], [ -71.2251318, 44.3905723 ] ] ] } },
{ "type": "Feature", "properties": { "osm_type": "way", "id": 43126200, "boundary": "protected_area", "state": "New Hampshire", "name": "Mollidgewock State Park", "wikipedia": null, "leisure": "park" }, "geometry": { "type": "Polygon", "coordinates": [ [ [ -71.143556, 44.740287 ], [ -71.143296, 44.739798 ], [ -71.143037, 44.73918 ], [ -71.142975, 44.738478 ], [ -71.143006, 44.73825 ], [ -71.143082, 44.737937 ], [ -71.143143, 44.737845 ], [ -71.143311, 44.73767 ], [ -71.143372, 44.737631 ], [ -71.143937, 44.737555 ], [ -71.144623, 44.73767 ], [ -71.144806, 44.737731 ], [ -71.145173, 44.737807 ], [ -71.146775, 44.738021 ], [ -71.147309, 44.738127 ], [ -71.147508, 44.738204 ], [ -71.147721, 44.738349 ], [ -71.147919, 44.738654 ], [ -71.148286, 44.738951 ], [ -71.1485, 44.739051 ], [ -71.149933, 44.739569 ], [ -71.150757, 44.739943 ], [ -71.151566, 44.740279 ], [ -71.152223, 44.740599 ], [ -71.152619, 44.740813 ], [ -71.153352, 44.74137 ], [ -71.154302, 44.742277 ], [ -71.1541799, 44.7424183 ], [ -71.152187, 44.7415286 ], [ -71.1501539, 44.7406522 ], [ -71.1497033, 44.7405055 ], [ -71.1492071, 44.740416 ], [ -71.1487028, 44.7403703 ], [ -71.1481181, 44.740376 ], [ -71.1475173, 44.7405055 ], [ -71.1469835, 44.7406904 ], [ -71.1466187, 44.7408999 ], [ -71.14627, 44.741199 ], [ -71.1460072, 44.7414658 ], [ -71.1458516, 44.7417134 ], [ -71.1457282, 44.7419973 ], [ -71.1456397, 44.7424659 ], [ -71.145688, 44.7429498 ], [ -71.1457792, 44.7435938 ], [ -71.1460045, 44.7446701 ], [ -71.1468203, 44.7480289 ], [ -71.14645, 44.748059 ], [ -71.145844, 44.746039 ], [ -71.145829, 44.745886 ], [ -71.145265, 44.744223 ], [ -71.144791, 44.742926 ], [ -71.14438, 44.741957 ], [ -71.144318, 44.741873 ], [ -71.144318, 44.741805 ], [ -71.144059, 44.741255 ], [ -71.1438, 44.740874 ], [ -71.143556, 44.740287 ] ] ] } },
{ "type": "Feature", "properties": { "osm_type": "way", "id": 47799327, "boundary": null, "state": "New Hampshire", "name": "Nansen Wayside Park", "wikipedia": null, "leisure": "park" }, "geometry": { "type": "Polygon", "coordinates": [ [ [ -71.1633747, 44.5315503 ], [ -71.1633312, 44.5314335 ], [ -71.1634534, 44.5311512 ], [ -71.1635298, 44.5308615 ], [ -71.1635429, 44.5308115 ], [ -71.1635908, 44.5306783 ], [ -71.1636821, 44.5305333 ], [ -71.1640789, 44.5299916 ], [ -71.1643996, 44.5295949 ], [ -71.1644603, 44.5293356 ], [ -71.1645369, 44.5291296 ], [ -71.1645218, 44.5288778 ], [ -71.1643997, 44.5285804 ], [ -71.1643404, 44.5285045 ], [ -71.164522, 44.5284077 ], [ -71.1660216, 44.5305498 ], [ -71.1633747, 44.5315503 ] ] ] } },
{ "type": "Feature", "properties": { "osm_type": "way", "id": 920177261, "boundary": null, "state": "New Hampshire", "name": "Winslow State Park", "wikipedia": "en:Winslow State Park", "leisure": "park" }, "geometry": { "type": "Polygon", "coordinates": [ [ [ -71.868149, 43.389616 ], [ -71.8687767, 43.3902086 ], [ -71.8688089, 43.3907699 ], [ -71.8682349, 43.3907582 ], [ -71.8677038, 43.3905828 ], [ -71.8671137, 43.3901891 ], [ -71.8670923, 43.3898967 ], [ -71.8675751, 43.3896511 ], [ -71.868149, 43.389616 ] ] ] } },
{ "type": "Feature", "properties": { "osm_type": "relation", "id": 2050444, "boundary": "protected_area", "state": "New Hampshire", "name": "Mount Washington State Park", "wikipedia": "en:Mount Washington State Park", "leisure": "park" }, "geometry": { "type": "MultiPolygon", "coordinates": [ [ [ [ -71.305504, 44.2707861 ], [ -71.3055123, 44.2707472 ], [ -71.3057042, 44.2704622 ], [ -71.3057986, 44.2700836 ], [ -71.3058128, 44.2697783 ], [ -71.3057561, 44.2694521 ], [ -71.305411, 44.2688448 ], [ -71.3051523, 44.2685419 ], [ -71.3047311, 44.2682114 ], [ -71.3041996, 44.2679544 ], [ -71.3037105, 44.2677916 ], [ -71.3027776, 44.2677123 ], [ -71.3024339, 44.2677371 ], [ -71.3016069, 44.2678965 ], [ -71.301134, 44.2680531 ], [ -71.3005527, 44.2683776 ], [ -71.3000834, 44.2687233 ], [ -71.2998365, 44.2690522 ], [ -71.2996517, 44.2694605 ], [ -71.2995763, 44.2697736 ], [ -71.2996054, 44.270231 ], [ -71.2996814, 44.2705136 ], [ -71.3000359, 44.27107 ], [ -71.2986418, 44.2717791 ], [ -71.3009792, 44.2738804 ], [ -71.3014527, 44.2736175 ], [ -71.3016531, 44.2735061 ], [ -71.3025388, 44.2730153 ], [ -71.3026341, 44.2729586 ], [ -71.3024914, 44.2728597 ], [ -71.3021494, 44.2725587 ], [ -71.3020284, 44.2723867 ], [ -71.3019417, 44.2721457 ], [ -71.3018847, 44.2718186 ], [ -71.301889, 44.2715561 ], [ -71.3019899, 44.2711819 ], [ -71.3020987, 44.2708743 ], [ -71.3022524, 44.2706357 ], [ -71.3023273, 44.2705521 ], [ -71.3024083, 44.2705855 ], [ -71.3024767, 44.2705025 ], [ -71.3025723, 44.2703929 ], [ -71.3026706, 44.2703041 ], [ -71.3027915, 44.2702083 ], [ -71.3029199, 44.2701233 ], [ -71.3030101, 44.2700604 ], [ -71.3031393, 44.2699983 ], [ -71.3032588, 44.2699408 ], [ -71.3034035, 44.2698754 ], [ -71.3034747, 44.269954 ], [ -71.3033292, 44.2700269 ], [ -71.3032151, 44.2700733 ], [ -71.3030786, 44.2701339 ], [ -71.3029765, 44.2701839 ], [ -71.3028526, 44.2702476 ], [ -71.3027362, 44.2703416 ], [ -71.3026551, 44.2704287 ], [ -71.3025628, 44.2705351 ], [ -71.3025074, 44.2706204 ], [ -71.3025791, 44.2706542 ], [ -71.3025222, 44.2707161 ], [ -71.3026234, 44.2707582 ], [ -71.3023938, 44.271041 ], [ -71.3022697, 44.2709933 ], [ -71.3021775, 44.2711359 ], [ -71.3021478, 44.2712087 ], [ -71.302097, 44.2714211 ], [ -71.3020786, 44.2716218 ], [ -71.3020944, 44.2717646 ], [ -71.3022152, 44.2720605 ], [ -71.3025555, 44.2720871 ], [ -71.3029908, 44.2720908 ], [ -71.3037688, 44.2719897 ], [ -71.3042112, 44.2718261 ], [ -71.3046027, 44.2716484 ], [ -71.305053, 44.2713613 ], [ -71.3054796, 44.2708999 ], [ -71.305504, 44.2707861 ] ] ] ] } },
{ "type": "Feature", "properties": { "osm_type": "relation", "id": 5863283, "boundary": "protected_area", "state": "New Hampshire", "name": "Moose Brook State Park", "wikipedia": null, "leisure": "nature_reserve" }, "geometry": { "type": "MultiPolygon", "coordinates": [ [ [ [ -71.223129, 44.3967173 ], [ -71.2227298, 44.3969829 ], [ -71.2221748, 44.3974366 ], [ -71.2223185, 44.3981445 ], [ -71.2223836, 44.3984647 ], [ -71.2223896, 44.3984993 ], [ -71.2232154, 44.3986442 ], [ -71.2239121, 44.3988676 ], [ -71.2245352, 44.3990971 ], [ -71.2245863, 44.3991159 ], [ -71.2250771, 44.3992967 ], [ -71.2263132, 44.3997535 ], [ -71.2264812, 44.3998111 ], [ -71.2264899, 44.3997685 ], [ -71.2267767, 44.3983762 ], [ -71.2269488, 44.398391 ], [ -71.2271003, 44.3984984 ], [ -71.2271039, 44.3985382 ], [ -71.2271071, 44.3985792 ], [ -71.2272209, 44.3999355 ], [ -71.2272244, 44.3999765 ], [ -71.2272321, 44.4000683 ], [ -71.2294768, 44.4008373 ], [ -71.2303295, 44.4011005 ], [ -71.2304318, 44.4011223 ], [ -71.2304868, 44.401134 ], [ -71.2306548, 44.4011697 ], [ -71.2309214, 44.4012264 ], [ -71.2312555, 44.4012974 ], [ -71.2316475, 44.4013367 ], [ -71.2319578, 44.4013337 ], [ -71.2326961, 44.4012358 ], [ -71.233797, 44.4011939 ], [ -71.233573, 44.3982459 ], [ -71.2275224, 44.3983822 ], [ -71.2271307, 44.3983641 ], [ -71.2271961, 44.3965705 ], [ -71.2273018, 44.3948169 ], [ -71.2273051, 44.3947621 ], [ -71.2274955, 44.3916042 ], [ -71.2275394, 44.3908758 ], [ -71.2268936, 44.3908733 ], [ -71.2266764, 44.3908828 ], [ -71.2254222, 44.3909376 ], [ -71.2246962, 44.3919564 ], [ -71.2236771, 44.3934528 ], [ -71.2237453, 44.3935237 ], [ -71.2238541, 44.3937258 ], [ -71.2240182, 44.3940519 ], [ -71.2241194, 44.3943572 ], [ -71.2241622, 44.3947001 ], [ -71.2241393, 44.3952165 ], [ -71.2243135, 44.3952484 ], [ -71.2241988, 44.3956782 ], [ -71.2240959, 44.3958409 ], [ -71.2239364, 44.3957917 ], [ -71.2237106, 44.3961215 ], [ -71.2234125, 44.3964673 ], [ -71.223129, 44.3967173 ] ] ], [ [ [ -71.2412819, 44.4163605 ], [ -71.2411677, 44.4130276 ], [ -71.2411617, 44.4128532 ], [ -71.2410799, 44.411684 ], [ -71.2410415, 44.4111361 ], [ -71.2408497, 44.4083963 ], [ -71.2407383, 44.4072453 ], [ -71.2406988, 44.4066974 ], [ -71.2405533, 44.4053336 ], [ -71.2399, 44.4053102 ], [ -71.238618, 44.405321 ], [ -71.2378262, 44.4053382 ], [ -71.235438, 44.4053899 ], [ -71.2322072, 44.4054292 ], [ -71.2319536, 44.4049103 ], [ -71.2304324, 44.4041044 ], [ -71.2304085, 44.4034116 ], [ -71.2303896, 44.4028632 ], [ -71.2303327, 44.4012173 ], [ -71.2300957, 44.4011407 ], [ -71.2300434, 44.4011238 ], [ -71.228518, 44.4006307 ], [ -71.2272806, 44.4002012 ], [ -71.2272289, 44.4001833 ], [ -71.226447, 44.3999119 ], [ -71.2249852, 44.3993624 ], [ -71.2246013, 44.3992175 ], [ -71.2245505, 44.3991984 ], [ -71.224101, 44.3990286 ], [ -71.2235941, 44.398852 ], [ -71.2231954, 44.3987242 ], [ -71.2227623, 44.3986449 ], [ -71.2223129, 44.3985999 ], [ -71.2223342, 44.3990759 ], [ -71.2223553, 44.3995464 ], [ -71.2221939, 44.399548 ], [ -71.2214288, 44.3995559 ], [ -71.2205767, 44.3995647 ], [ -71.2206694, 44.401198 ], [ -71.2208822, 44.4056517 ], [ -71.2278503, 44.4053935 ], [ -71.22787, 44.4075202 ], [ -71.2278751, 44.4080686 ], [ -71.2278859, 44.4092397 ], [ -71.227891, 44.4097882 ], [ -71.2279233, 44.413268 ], [ -71.2213684, 44.413399 ], [ -71.2216711, 44.4202325 ], [ -71.2312258, 44.4199859 ], [ -71.2319908, 44.4199662 ], [ -71.2347949, 44.4198936 ], [ -71.2352944, 44.4198807 ], [ -71.2413991, 44.4197792 ], [ -71.2413007, 44.4169089 ], [ -71.2412819, 44.4163605 ] ] ] ] } },
{ "type": "Feature", "properties": { "osm_type": "relation", "id": 8491736, "boundary": "protected_area", "state": "New Hampshire", "name": "Pawtuckaway State Park", "wikipedia": null, "leisure": "nature_reserve" }, "geometry": { "type": "MultiPolygon", "coordinates": [ [ [ [ -71.1549477, 43.0717282 ], [ -71.1552052, 43.071783 ], [ -71.1551301, 43.0716576 ], [ -71.1548082, 43.0715636 ], [ -71.1549477, 43.0717282 ] ] ], [ [ [ -71.1554976, 43.0754939 ], [ -71.1555861, 43.0754939 ], [ -71.1556101, 43.0754783 ], [ -71.1556317, 43.075443 ], [ -71.1555887, 43.0753548 ], [ -71.1554841, 43.0752901 ], [ -71.1553735, 43.0752929 ], [ -71.1553312, 43.0753646 ], [ -71.1553607, 43.0754939 ], [ -71.1554976, 43.0754939 ] ] ], [ [ [ -71.1561231, 43.0754663 ], [ -71.1561044, 43.0754075 ], [ -71.1561526, 43.0754055 ], [ -71.1562009, 43.0754124 ], [ -71.1561902, 43.0753879 ], [ -71.1561238, 43.0753647 ], [ -71.1559991, 43.0752941 ], [ -71.1559206, 43.0753056 ], [ -71.1558415, 43.0752987 ], [ -71.1557711, 43.0753147 ], [ -71.1557677, 43.0753399 ], [ -71.1558254, 43.0753683 ], [ -71.1558764, 43.0754182 ], [ -71.1558797, 43.0754547 ], [ -71.1559407, 43.0754663 ], [ -71.1560038, 43.0754711 ], [ -71.1560849, 43.0755077 ], [ -71.1561231, 43.0754663 ] ] ], [ [ [ -71.1557329, 43.0756573 ], [ -71.1557758, 43.0756847 ], [ -71.1558348, 43.075673 ], [ -71.1558482, 43.0756161 ], [ -71.1558831, 43.0755789 ], [ -71.1558589, 43.0755574 ], [ -71.1557972, 43.0755495 ], [ -71.1557624, 43.0755652 ], [ -71.1556739, 43.0755476 ], [ -71.1556149, 43.0755613 ], [ -71.1556417, 43.0756005 ], [ -71.1557329, 43.0756573 ] ] ], [ [ [ -71.1547485, 43.0759374 ], [ -71.1548431, 43.0759837 ], [ -71.1549577, 43.0759355 ], [ -71.1550737, 43.0758819 ], [ -71.1550194, 43.0757592 ], [ -71.1550523, 43.0756898 ], [ -71.1549443, 43.0756024 ], [ -71.1549792, 43.0755064 ], [ -71.1548967, 43.075441 ], [ -71.154778, 43.0753732 ], [ -71.1546117, 43.0753908 ], [ -71.154473, 43.075443 ], [ -71.1545051, 43.0755684 ], [ -71.1546231, 43.075686 ], [ -71.1546231, 43.0758643 ], [ -71.1547485, 43.0759374 ] ] ], [ [ [ -71.1589274, 43.0786176 ], [ -71.1588804, 43.0785858 ], [ -71.1587906, 43.0786218 ], [ -71.1587785, 43.0786558 ], [ -71.1588288, 43.0787224 ], [ -71.1589401, 43.0787499 ], [ -71.1590105, 43.0786666 ], [ -71.1589274, 43.0786176 ] ] ], [ [ [ -71.1588657, 43.0791231 ], [ -71.1588201, 43.0790114 ], [ -71.1588898, 43.0789644 ], [ -71.1589327, 43.078837 ], [ -71.1589026, 43.0787954 ], [ -71.1588141, 43.0788057 ], [ -71.1587711, 43.0788566 ], [ -71.1587021, 43.0789374 ], [ -71.1586518, 43.0790814 ], [ -71.158517, 43.0791152 ], [ -71.1584955, 43.0791755 ], [ -71.1585814, 43.0792112 ], [ -71.1586598, 43.0793028 ], [ -71.158747, 43.0793268 ], [ -71.1588208, 43.0792617 ], [ -71.1588657, 43.0791231 ] ] ], [ [ [ -71.1614614, 43.0810699 ], [ -71.1614534, 43.0811722 ], [ -71.1616465, 43.081182 ], [ -71.1617792, 43.0811948 ], [ -71.1618517, 43.0811899 ], [ -71.161859, 43.0811546 ], [ -71.1617048, 43.0811404 ], [ -71.1615258, 43.0810606 ], [ -71.1614614, 43.0810699 ] ] ], [ [ [ -71.1605287, 43.0813848 ], [ -71.1607003, 43.0813544 ], [ -71.160813, 43.0813006 ], [ -71.1608492, 43.0811076 ], [ -71.1608197, 43.0810263 ], [ -71.1605676, 43.0809969 ], [ -71.1605287, 43.0813848 ] ] ], [ [ [ -71.1582474, 43.0812638 ], [ -71.1583574, 43.0813378 ], [ -71.1584218, 43.0812516 ], [ -71.1584271, 43.0811698 ], [ -71.15834, 43.0811056 ], [ -71.1582796, 43.0811159 ], [ -71.1582474, 43.0812638 ] ] ], [ [ [ -71.1568098, 43.0819794 ], [ -71.1567615, 43.0819901 ], [ -71.1567186, 43.0820254 ], [ -71.1566971, 43.0820587 ], [ -71.1567159, 43.0820861 ], [ -71.1567494, 43.0820852 ], [ -71.1568245, 43.0820685 ], [ -71.15685, 43.0820724 ], [ -71.1568902, 43.0820587 ], [ -71.1569037, 43.0820293 ], [ -71.1569184, 43.0820029 ], [ -71.1569023, 43.0819774 ], [ -71.1568594, 43.0819657 ], [ -71.1568098, 43.0819794 ] ] ], [ [ [ -71.1597723, 43.0825279 ], [ -71.1601049, 43.0824172 ], [ -71.1601746, 43.082283 ], [ -71.1603228, 43.0823006 ], [ -71.1605018, 43.082188 ], [ -71.1605696, 43.0819872 ], [ -71.1604348, 43.0820617 ], [ -71.1602323, 43.0820577 ], [ -71.16007, 43.0819333 ], [ -71.1598937, 43.081854 ], [ -71.1598206, 43.0819794 ], [ -71.1599278, 43.0821204 ], [ -71.1598836, 43.0822056 ], [ -71.1598139, 43.0823095 ], [ -71.1597227, 43.0824299 ], [ -71.1597723, 43.0825279 ] ] ], [ [ [ -71.1566448, 43.0823281 ], [ -71.1567287, 43.0822254 ], [ -71.1566529, 43.0822066 ], [ -71.1565435, 43.0822236 ], [ -71.1563182, 43.0824508 ], [ -71.1563585, 43.0826035 ], [ -71.1564356, 43.0825494 ], [ -71.1565402, 43.0824143 ], [ -71.1566448, 43.0823281 ] ] ], [ [ [ -71.1610316, 43.0827209 ], [ -71.16088, 43.0827767 ], [ -71.1608036, 43.0827483 ], [ -71.1607271, 43.0827542 ], [ -71.1606923, 43.082857 ], [ -71.1606722, 43.0829726 ], [ -71.1608143, 43.0829461 ], [ -71.1609752, 43.082906 ], [ -71.161159, 43.082812 ], [ -71.1611308, 43.0827258 ], [ -71.1610316, 43.0827209 ] ] ], [ [ [ -71.156736, 43.0831401 ], [ -71.1568105, 43.0831579 ], [ -71.156897, 43.0831274 ], [ -71.1569318, 43.0830901 ], [ -71.1569801, 43.0829569 ], [ -71.157009, 43.0828024 ], [ -71.1570029, 43.0827581 ], [ -71.1569278, 43.0827581 ], [ -71.1568084, 43.0828707 ], [ -71.156677, 43.0829745 ], [ -71.1566602, 43.0830365 ], [ -71.156736, 43.0831401 ] ] ], [ [ [ -71.1605696, 43.0829061 ], [ -71.1604294, 43.0828923 ], [ -71.1602256, 43.0829922 ], [ -71.1602269, 43.0830323 ], [ -71.1603355, 43.0830901 ], [ -71.1605676, 43.0829941 ], [ -71.1605696, 43.0829061 ] ] ], [ [ [ -71.1609558, 43.0840473 ], [ -71.1610846, 43.0838985 ], [ -71.1609987, 43.0837574 ], [ -71.1608271, 43.0837809 ], [ -71.1607842, 43.083969 ], [ -71.1609558, 43.0840473 ] ] ], [ [ [ -71.1735383, 43.1246625 ], [ -71.179083, 43.119657 ], [ -71.180807, 43.120855 ], [ -71.182535, 43.121239 ], [ -71.183273, 43.121676 ], [ -71.183452, 43.121838 ], [ -71.1844469, 43.1227403 ], [ -71.184816, 43.123075 ], [ -71.185324, 43.123269 ], [ -71.1859087, 43.1240143 ], [ -71.1863, 43.1256131 ], [ -71.1894748, 43.1273302 ], [ -71.1902215, 43.1276454 ], [ -71.191719, 43.128317 ], [ -71.191941, 43.128089 ], [ -71.19263, 43.127342 ], [ -71.193666, 43.12619 ], [ -71.194261, 43.125538 ], [ -71.195954, 43.123718 ], [ -71.197223, 43.122352 ], [ -71.198443, 43.121017 ], [ -71.199663, 43.119675 ], [ -71.200532, 43.118729 ], [ -71.201389, 43.11779 ], [ -71.202485, 43.116585 ], [ -71.203584, 43.115379 ], [ -71.204682, 43.114174 ], [ -71.20554, 43.113243 ], [ -71.2066164, 43.112066 ], [ -71.2058409, 43.112086 ], [ -71.2062657, 43.1116277 ], [ -71.2097445, 43.1064667 ], [ -71.2098354, 43.1063373 ], [ -71.2102792, 43.1055213 ], [ -71.2105065, 43.1051034 ], [ -71.2106903, 43.1047654 ], [ -71.2112412, 43.1037527 ], [ -71.2049758, 43.10193 ], [ -71.20551, 43.1010403 ], [ -71.2093576, 43.0945687 ], [ -71.20293, 43.092922 ], [ -71.203051, 43.092609 ], [ -71.197291, 43.0912851 ], [ -71.1955644, 43.0940249 ], [ -71.1957999, 43.0947696 ], [ -71.1963559, 43.0953069 ], [ -71.1973647, 43.095683 ], [ -71.1964919, 43.0971769 ], [ -71.1933703, 43.0966809 ], [ -71.193234, 43.0962478 ], [ -71.1928907, 43.0951745 ], [ -71.1932877, 43.095292 ], [ -71.1942256, 43.0940119 ], [ -71.1959057, 43.0909528 ], [ -71.195537, 43.090874 ], [ -71.1996292, 43.0831169 ], [ -71.194322, 43.0820723 ], [ -71.1929713, 43.0845846 ], [ -71.1916753, 43.0842656 ], [ -71.191332, 43.084018 ], [ -71.190595, 43.083548 ], [ -71.188017, 43.082941 ], [ -71.189299, 43.080206 ], [ -71.187122, 43.078602 ], [ -71.170162, 43.075008 ], [ -71.170648, 43.076042 ], [ -71.170003, 43.076204 ], [ -71.171178, 43.078492 ], [ -71.1712196, 43.0784944 ], [ -71.171478, 43.078509 ], [ -71.171279, 43.07897 ], [ -71.171232, 43.079326 ], [ -71.170978, 43.079737 ], [ -71.170608, 43.080104 ], [ -71.170305, 43.080498 ], [ -71.17025, 43.080898 ], [ -71.170434, 43.081272 ], [ -71.170701, 43.081597 ], [ -71.171105, 43.082043 ], [ -71.171386, 43.082439 ], [ -71.171482, 43.0826124 ], [ -71.171578, 43.082786 ], [ -71.171777, 43.08322 ], [ -71.1721427, 43.0833986 ], [ -71.172299, 43.083475 ], [ -71.172447, 43.083673 ], [ -71.17237, 43.083897 ], [ -71.171986, 43.084132 ], [ -71.169403, 43.086749 ], [ -71.1693317, 43.0869997 ], [ -71.1692708, 43.0870633 ], [ -71.1691478, 43.0871771 ], [ -71.1689594, 43.087271 ], [ -71.1685832, 43.0874329 ], [ -71.1683326, 43.0874754 ], [ -71.168128, 43.0876582 ], [ -71.1681564, 43.0878535 ], [ -71.1680045, 43.0880219 ], [ -71.167925, 43.088215 ], [ -71.1677506, 43.0883729 ], [ -71.1678047, 43.0885255 ], [ -71.1677306, 43.0885514 ], [ -71.1675476, 43.0885793 ], [ -71.1671052, 43.0885649 ], [ -71.1670602, 43.0884934 ], [ -71.1667817, 43.0884534 ], [ -71.1666221, 43.0885294 ], [ -71.1664559, 43.0887109 ], [ -71.165981, 43.0888992 ], [ -71.165483, 43.089057 ], [ -71.1650884, 43.0891602 ], [ -71.165086, 43.089352 ], [ -71.165049, 43.089416 ], [ -71.1647575, 43.0895413 ], [ -71.1643661, 43.0892485 ], [ -71.1642133, 43.0892685 ], [ -71.1638272, 43.0887879 ], [ -71.1639529, 43.0885264 ], [ -71.1639287, 43.0883857 ], [ -71.1637236, 43.0883411 ], [ -71.1636166, 43.0880882 ], [ -71.1635064, 43.0879426 ], [ -71.1632735, 43.0878582 ], [ -71.1630995, 43.0879243 ], [ -71.162873, 43.0879354 ], [ -71.162564, 43.087878 ], [ -71.162327, 43.0878328 ], [ -71.1616534, 43.0879839 ], [ -71.1613506, 43.0878965 ], [ -71.1613146, 43.0876701 ], [ -71.1615419, 43.0876504 ], [ -71.1615622, 43.0874937 ], [ -71.1614525, 43.0874011 ], [ -71.1614661, 43.0873305 ], [ -71.1615016, 43.0872358 ], [ -71.161366, 43.0871735 ], [ -71.161237, 43.087254 ], [ -71.1612603, 43.0873701 ], [ -71.161137, 43.0873881 ], [ -71.1609988, 43.087255 ], [ -71.1605021, 43.0868685 ], [ -71.1607322, 43.0865725 ], [ -71.1609556, 43.0864309 ], [ -71.1608319, 43.0862727 ], [ -71.1609499, 43.0862124 ], [ -71.1609787, 43.0861115 ], [ -71.1609302, 43.0859972 ], [ -71.1608852, 43.08589 ], [ -71.160753, 43.086006 ], [ -71.1606473, 43.085925 ], [ -71.160387, 43.0859194 ], [ -71.16023, 43.0859425 ], [ -71.1598954, 43.0860866 ], [ -71.1596782, 43.0862295 ], [ -71.1594798, 43.0864494 ], [ -71.1591583, 43.0867424 ], [ -71.1588766, 43.0870332 ], [ -71.1587444, 43.0871718 ], [ -71.1586508, 43.0872699 ], [ -71.1584894, 43.0872052 ], [ -71.1582429, 43.0873281 ], [ -71.1581746, 43.0873022 ], [ -71.1582611, 43.0871379 ], [ -71.1580683, 43.0870363 ], [ -71.1580128, 43.0871332 ], [ -71.1578369, 43.0871344 ], [ -71.1579172, 43.0869724 ], [ -71.1580428, 43.0868409 ], [ -71.158184, 43.0866491 ], [ -71.1582938, 43.0865109 ], [ -71.1583189, 43.086405 ], [ -71.1582059, 43.0862746 ], [ -71.1583992, 43.0861671 ], [ -71.1585234, 43.0860662 ], [ -71.1586814, 43.0859453 ], [ -71.1587772, 43.0858068 ], [ -71.1589013, 43.0856731 ], [ -71.1590677, 43.08544 ], [ -71.1591446, 43.0852199 ], [ -71.1591733, 43.0848578 ], [ -71.1592161, 43.0846838 ], [ -71.1593013, 43.0845282 ], [ -71.159511, 43.0844368 ], [ -71.1595881, 43.0843325 ], [ -71.1596064, 43.0842148 ], [ -71.159619, 43.0841054 ], [ -71.1595627, 43.0840158 ], [ -71.1595182, 43.0839229 ], [ -71.1593988, 43.0838816 ], [ -71.159433, 43.0837728 ], [ -71.1595625, 43.0837769 ], [ -71.1597504, 43.0837911 ], [ -71.159912, 43.0837299 ], [ -71.1599623, 43.0836208 ], [ -71.1599269, 43.0834523 ], [ -71.1596909, 43.0834314 ], [ -71.1594537, 43.0834945 ], [ -71.1593632, 43.0836109 ], [ -71.1593711, 43.083762 ], [ -71.1593166, 43.0838998 ], [ -71.1591527, 43.0838318 ], [ -71.1590051, 43.0838481 ], [ -71.1588223, 43.0838484 ], [ -71.1587379, 43.0839934 ], [ -71.1586375, 43.0840419 ], [ -71.1585504, 43.0841153 ], [ -71.158379, 43.0842266 ], [ -71.158155, 43.084436 ], [ -71.1580228, 43.0844149 ], [ -71.1579327, 43.084615 ], [ -71.1577369, 43.0846011 ], [ -71.157561, 43.0845869 ], [ -71.1573599, 43.0846655 ], [ -71.1572871, 43.084857 ], [ -71.1571786, 43.0848999 ], [ -71.1571066, 43.0849283 ], [ -71.157261, 43.0851025 ], [ -71.1570731, 43.0851924 ], [ -71.1569829, 43.0850958 ], [ -71.1569518, 43.0851008 ], [ -71.1568467, 43.0851179 ], [ -71.156759, 43.0852163 ], [ -71.1566383, 43.0852093 ], [ -71.1565426, 43.0852722 ], [ -71.1565046, 43.0852972 ], [ -71.1563369, 43.0852855 ], [ -71.1562833, 43.0853176 ], [ -71.1562184, 43.0853407 ], [ -71.1561524, 43.0854336 ], [ -71.1560738, 43.0855054 ], [ -71.1560913, 43.0856644 ], [ -71.1560134, 43.0856926 ], [ -71.1559591, 43.0857133 ], [ -71.1558423, 43.0856969 ], [ -71.1555992, 43.0856233 ], [ -71.1553729, 43.0855832 ], [ -71.1551373, 43.0854568 ], [ -71.1549931, 43.0851433 ], [ -71.1549202, 43.0848628 ], [ -71.1548132, 43.0843213 ], [ -71.1549714, 43.0839922 ], [ -71.1551862, 43.0837788 ], [ -71.1552611, 43.0837412 ], [ -71.1553386, 43.0837023 ], [ -71.1554814, 43.083591 ], [ -71.155574, 43.083641 ], [ -71.1555383, 43.0837653 ], [ -71.1556676, 43.0839284 ], [ -71.1557412, 43.0840631 ], [ -71.1558487, 43.0840676 ], [ -71.1559071, 43.0839723 ], [ -71.156029, 43.0839024 ], [ -71.1561075, 43.0837886 ], [ -71.1561452, 43.0836557 ], [ -71.1561991, 43.0835025 ], [ -71.1561937, 43.0834075 ], [ -71.1560157, 43.0833647 ], [ -71.1562303, 43.0831972 ], [ -71.1561349, 43.0830698 ], [ -71.1558957, 43.0832523 ], [ -71.1558611, 43.0834392 ], [ -71.1556607, 43.0835434 ], [ -71.1556111, 43.083466 ], [ -71.155586, 43.0832923 ], [ -71.1553484, 43.0832633 ], [ -71.1551285, 43.0832653 ], [ -71.154839, 43.082991 ], [ -71.154618, 43.082962 ], [ -71.154443, 43.083007 ], [ -71.1542622, 43.083051 ], [ -71.1543632, 43.0833111 ], [ -71.1542084, 43.0833165 ], [ -71.154098, 43.083347 ], [ -71.1539032, 43.0832585 ], [ -71.152826, 43.083114 ], [ -71.1525775, 43.0830072 ], [ -71.15236, 43.082871 ], [ -71.1521211, 43.0828779 ], [ -71.15205, 43.0828253 ], [ -71.1521117, 43.0827554 ], [ -71.1520421, 43.0827183 ], [ -71.1519762, 43.0827049 ], [ -71.1519051, 43.0826917 ], [ -71.1517778, 43.0827084 ], [ -71.151777, 43.0828329 ], [ -71.151506, 43.082856 ], [ -71.1512907, 43.0828136 ], [ -71.1511713, 43.0827351 ], [ -71.1508963, 43.0827745 ], [ -71.1507603, 43.0828083 ], [ -71.150662, 43.082844 ], [ -71.150545, 43.08284 ], [ -71.150326, 43.082918 ], [ -71.1501274, 43.0829245 ], [ -71.149989, 43.0829202 ], [ -71.1499448, 43.0828448 ], [ -71.1497923, 43.0827681 ], [ -71.149381, 43.0828403 ], [ -71.1490129, 43.0828879 ], [ -71.1484196, 43.0832492 ], [ -71.1482318, 43.0833085 ], [ -71.1480492, 43.0833724 ], [ -71.1478889, 43.0834308 ], [ -71.1476399, 43.0835307 ], [ -71.1474332, 43.0836448 ], [ -71.1472653, 43.0838667 ], [ -71.1471577, 43.0838133 ], [ -71.1470447, 43.0839414 ], [ -71.1468654, 43.0840757 ], [ -71.1467466, 43.0841603 ], [ -71.1466423, 43.0842652 ], [ -71.1465297, 43.0843392 ], [ -71.1463236, 43.0844137 ], [ -71.1461568, 43.0843898 ], [ -71.1459632, 43.084346 ], [ -71.1458702, 43.0844431 ], [ -71.1456952, 43.0844894 ], [ -71.1455321, 43.0844282 ], [ -71.1446393, 43.0846157 ], [ -71.1444097, 43.0846308 ], [ -71.1441738, 43.0845857 ], [ -71.1439551, 43.0845173 ], [ -71.1435373, 43.0846106 ], [ -71.1431882, 43.0846983 ], [ -71.1429543, 43.0848579 ], [ -71.1425466, 43.0854664 ], [ -71.142696, 43.0856111 ], [ -71.1427256, 43.0857809 ], [ -71.142667, 43.0858154 ], [ -71.1424889, 43.0858326 ], [ -71.1423313, 43.0859598 ], [ -71.142324, 43.0861168 ], [ -71.1422721, 43.0862374 ], [ -71.1422017, 43.0863031 ], [ -71.1420859, 43.0864113 ], [ -71.1419611, 43.0865345 ], [ -71.1418811, 43.0866426 ], [ -71.1418301, 43.0867521 ], [ -71.1417884, 43.0868245 ], [ -71.1416037, 43.0869052 ], [ -71.1414739, 43.0870523 ], [ -71.141365, 43.0872341 ], [ -71.1412921, 43.0874371 ], [ -71.1413138, 43.0876557 ], [ -71.1412334, 43.087925 ], [ -71.1411804, 43.0880781 ], [ -71.1411174, 43.0883246 ], [ -71.1410317, 43.0883929 ], [ -71.1410862, 43.0885816 ], [ -71.1411481, 43.0887952 ], [ -71.1411129, 43.0890279 ], [ -71.1410601, 43.0891711 ], [ -71.1409926, 43.0892493 ], [ -71.1407887, 43.0893876 ], [ -71.1406817, 43.0895175 ], [ -71.1405419, 43.0896681 ], [ -71.1406434, 43.0897613 ], [ -71.1405251, 43.0899092 ], [ -71.1403349, 43.0900318 ], [ -71.1403641, 43.0902752 ], [ -71.1402326, 43.0904797 ], [ -71.140148, 43.0906548 ], [ -71.1401734, 43.0908391 ], [ -71.1400603, 43.0910261 ], [ -71.140044, 43.0911578 ], [ -71.1400574, 43.0912618 ], [ -71.1399532, 43.0913312 ], [ -71.1399534, 43.0914612 ], [ -71.1398012, 43.0915756 ], [ -71.1397314, 43.091733 ], [ -71.1398744, 43.091819 ], [ -71.1397841, 43.0919564 ], [ -71.1396681, 43.0919153 ], [ -71.1395445, 43.0921367 ], [ -71.1392845, 43.0922571 ], [ -71.1391681, 43.0923542 ], [ -71.1393223, 43.0925247 ], [ -71.1392754, 43.0926693 ], [ -71.1392079, 43.0927701 ], [ -71.1390774, 43.0928534 ], [ -71.1389655, 43.0929141 ], [ -71.1388335, 43.0929302 ], [ -71.1386923, 43.0929647 ], [ -71.1386337, 43.0930143 ], [ -71.1385485, 43.0930678 ], [ -71.1385559, 43.0933434 ], [ -71.1385146, 43.0934847 ], [ -71.1385434, 43.0936422 ], [ -71.1384743, 43.0938106 ], [ -71.1383267, 43.0939481 ], [ -71.1382019, 43.0941422 ], [ -71.1380895, 43.0943619 ], [ -71.1379986, 43.0947064 ], [ -71.1379768, 43.0949095 ], [ -71.1379492, 43.0950739 ], [ -71.1379708, 43.0952259 ], [ -71.1378128, 43.0953767 ], [ -71.1377222, 43.0955189 ], [ -71.137673, 43.0956812 ], [ -71.1376225, 43.0958124 ], [ -71.1375797, 43.0959072 ], [ -71.1373502, 43.0959656 ], [ -71.1370986, 43.0960565 ], [ -71.1370992, 43.0961786 ], [ -71.137162, 43.0962691 ], [ -71.1371431, 43.0963375 ], [ -71.1372952, 43.0964089 ], [ -71.1374023, 43.0963677 ], [ -71.1376122, 43.0964655 ], [ -71.137664, 43.0965682 ], [ -71.1375429, 43.0966669 ], [ -71.1376229, 43.0969393 ], [ -71.1375161, 43.0970193 ], [ -71.1374322, 43.097251 ], [ -71.1373587, 43.0975533 ], [ -71.137011, 43.098039 ], [ -71.136872, 43.098061 ], [ -71.136824, 43.098114 ], [ -71.1366583, 43.0982834 ], [ -71.1366027, 43.0984397 ], [ -71.1365881, 43.0988511 ], [ -71.1368535, 43.0988115 ], [ -71.1369594, 43.098891 ], [ -71.136948, 43.0989838 ], [ -71.137095, 43.099141 ], [ -71.1369232, 43.099255 ], [ -71.1369804, 43.0993183 ], [ -71.1369905, 43.0994162 ], [ -71.1369955, 43.0995546 ], [ -71.1370306, 43.0996885 ], [ -71.1372055, 43.0998176 ], [ -71.1371581, 43.1000283 ], [ -71.1366958, 43.0999088 ], [ -71.1366818, 43.10005 ], [ -71.136802, 43.1001869 ], [ -71.1371637, 43.1000975 ], [ -71.1374721, 43.1000797 ], [ -71.1375962, 43.1001464 ], [ -71.137681, 43.10022 ], [ -71.1377593, 43.1003004 ], [ -71.1381782, 43.1003735 ], [ -71.1384168, 43.1005934 ], [ -71.1386462, 43.1007814 ], [ -71.138922, 43.100734 ], [ -71.1390862, 43.100564 ], [ -71.1391333, 43.1003839 ], [ -71.1391782, 43.1002053 ], [ -71.1395241, 43.100193 ], [ -71.1397487, 43.1003 ], [ -71.1399035, 43.1004928 ], [ -71.1401356, 43.100778 ], [ -71.1405216, 43.1010252 ], [ -71.1406451, 43.1010656 ], [ -71.1408592, 43.1011153 ], [ -71.1411718, 43.1012725 ], [ -71.141974, 43.101507 ], [ -71.142426, 43.10157 ], [ -71.1429117, 43.101482 ], [ -71.1433097, 43.1015025 ], [ -71.1440298, 43.101362 ], [ -71.1443961, 43.1011804 ], [ -71.144674, 43.1009727 ], [ -71.1447319, 43.1007222 ], [ -71.144756, 43.1005063 ], [ -71.1446786, 43.1002426 ], [ -71.1445976, 43.0998485 ], [ -71.1444363, 43.0993789 ], [ -71.1448485, 43.0993178 ], [ -71.14494, 43.099655 ], [ -71.1450135, 43.0997328 ], [ -71.1451216, 43.0998005 ], [ -71.145477, 43.0999382 ], [ -71.145684, 43.0998607 ], [ -71.1459754, 43.100027 ], [ -71.1462899, 43.1002893 ], [ -71.1468238, 43.1004394 ], [ -71.147321, 43.100601 ], [ -71.1476143, 43.1008071 ], [ -71.1478064, 43.1009994 ], [ -71.1483881, 43.1007877 ], [ -71.1483216, 43.100471 ], [ -71.1483826, 43.1001903 ], [ -71.1483837, 43.0998781 ], [ -71.1484474, 43.0995737 ], [ -71.1485873, 43.0993228 ], [ -71.14854, 43.0991122 ], [ -71.14826, 43.0989961 ], [ -71.148467, 43.0986971 ], [ -71.1485854, 43.098533 ], [ -71.148849, 43.0983605 ], [ -71.1489227, 43.0984251 ], [ -71.1489053, 43.0985906 ], [ -71.1490574, 43.0984953 ], [ -71.1490879, 43.0985255 ], [ -71.1491324, 43.0985694 ], [ -71.1489627, 43.0987218 ], [ -71.1489275, 43.0989549 ], [ -71.1489639, 43.0992354 ], [ -71.1491112, 43.0995057 ], [ -71.149273, 43.0996091 ], [ -71.1494632, 43.0997651 ], [ -71.1495005, 43.0997957 ], [ -71.1495114, 43.0998803 ], [ -71.149485, 43.099988 ], [ -71.1495772, 43.1000135 ], [ -71.1496918, 43.1000317 ], [ -71.149822, 43.100126 ], [ -71.1499023, 43.1001621 ], [ -71.1497894, 43.1002729 ], [ -71.1496077, 43.1004979 ], [ -71.1493325, 43.1007793 ], [ -71.1492674, 43.1009132 ], [ -71.1493822, 43.1009582 ], [ -71.1495112, 43.1008957 ], [ -71.149589, 43.1007317 ], [ -71.1497792, 43.1005707 ], [ -71.1499843, 43.1004903 ], [ -71.1501074, 43.1006888 ], [ -71.1500465, 43.1008738 ], [ -71.1501636, 43.1010622 ], [ -71.1499955, 43.1012191 ], [ -71.1494674, 43.1016477 ], [ -71.149227, 43.1019297 ], [ -71.14919, 43.1023453 ], [ -71.1492743, 43.1026137 ], [ -71.1493779, 43.1027795 ], [ -71.1494611, 43.1029536 ], [ -71.1494643, 43.1031748 ], [ -71.1494341, 43.1033228 ], [ -71.149371, 43.103498 ], [ -71.1488723, 43.1036168 ], [ -71.1486622, 43.1037852 ], [ -71.1485347, 43.1040182 ], [ -71.1484586, 43.1043853 ], [ -71.148434, 43.104623 ], [ -71.1482408, 43.1046707 ], [ -71.1477379, 43.1044981 ], [ -71.1477105, 43.1046774 ], [ -71.1477447, 43.1048255 ], [ -71.1477212, 43.1048978 ], [ -71.1475699, 43.1049672 ], [ -71.1473533, 43.1052181 ], [ -71.147135, 43.1051191 ], [ -71.1470989, 43.1050395 ], [ -71.146884, 43.1050809 ], [ -71.1469076, 43.1049368 ], [ -71.1469267, 43.1048109 ], [ -71.1469291, 43.1047045 ], [ -71.1469018, 43.1046089 ], [ -71.1467722, 43.1046303 ], [ -71.1467648, 43.1047055 ], [ -71.1466932, 43.1048069 ], [ -71.1466772, 43.1049 ], [ -71.1465474, 43.1050025 ], [ -71.1463108, 43.1049414 ], [ -71.1460953, 43.1052381 ], [ -71.1462387, 43.1054649 ], [ -71.1462572, 43.1056222 ], [ -71.146394, 43.105568 ], [ -71.1467183, 43.1055532 ], [ -71.146801, 43.105621 ], [ -71.1467609, 43.1057227 ], [ -71.1467725, 43.1059123 ], [ -71.146678, 43.1060388 ], [ -71.1466187, 43.1061852 ], [ -71.1464964, 43.1063443 ], [ -71.1464902, 43.1065009 ], [ -71.1465544, 43.1066319 ], [ -71.1465289, 43.1067469 ], [ -71.146814, 43.1069914 ], [ -71.1467693, 43.1071927 ], [ -71.1468061, 43.1073906 ], [ -71.1468461, 43.1075347 ], [ -71.1466794, 43.1076669 ], [ -71.146706, 43.1078119 ], [ -71.1469335, 43.1077788 ], [ -71.1471562, 43.1079067 ], [ -71.1471311, 43.1080314 ], [ -71.1471798, 43.1081318 ], [ -71.147384, 43.1080605 ], [ -71.1476501, 43.1080536 ], [ -71.147767, 43.108147 ], [ -71.147856, 43.108213 ], [ -71.1479189, 43.1084558 ], [ -71.1478906, 43.1086578 ], [ -71.1479368, 43.108763 ], [ -71.1482486, 43.1090122 ], [ -71.148409, 43.10913 ], [ -71.1486662, 43.1092569 ], [ -71.1488786, 43.1094659 ], [ -71.1492355, 43.1098609 ], [ -71.14887, 43.1098474 ], [ -71.1487632, 43.1097644 ], [ -71.1485882, 43.1099595 ], [ -71.1484792, 43.1100873 ], [ -71.1484426, 43.1100705 ], [ -71.1483981, 43.1100502 ], [ -71.1486534, 43.1097052 ], [ -71.1486575, 43.1095631 ], [ -71.148464, 43.1095233 ], [ -71.1481143, 43.109171 ], [ -71.148047, 43.1091232 ], [ -71.1479834, 43.1091329 ], [ -71.1479185, 43.1091073 ], [ -71.1479028, 43.1091011 ], [ -71.1478627, 43.1090668 ], [ -71.1477471, 43.1089681 ], [ -71.1475859, 43.1089299 ], [ -71.1473982, 43.1090604 ], [ -71.1472257, 43.1089022 ], [ -71.1470445, 43.1088794 ], [ -71.1467748, 43.1089212 ], [ -71.1467346, 43.1087582 ], [ -71.1470241, 43.1085832 ], [ -71.1468747, 43.1084643 ], [ -71.1466073, 43.1082992 ], [ -71.1463532, 43.1081752 ], [ -71.1462125, 43.1080573 ], [ -71.1462097, 43.1078935 ], [ -71.1461544, 43.1078027 ], [ -71.1459225, 43.1076641 ], [ -71.1457744, 43.107761 ], [ -71.1455904, 43.1078188 ], [ -71.145441, 43.1078142 ], [ -71.1452872, 43.1076865 ], [ -71.145207, 43.1075793 ], [ -71.1452483, 43.1073712 ], [ -71.1454696, 43.1072243 ], [ -71.1455871, 43.1068435 ], [ -71.1455303, 43.1062243 ], [ -71.1454208, 43.1059492 ], [ -71.1453078, 43.1056867 ], [ -71.1450593, 43.1055646 ], [ -71.1448894, 43.1053432 ], [ -71.1445241, 43.105231 ], [ -71.1441745, 43.1050829 ], [ -71.1441321, 43.1046804 ], [ -71.1442462, 43.1046002 ], [ -71.1445026, 43.1047642 ], [ -71.1446502, 43.1046278 ], [ -71.1445781, 43.1043465 ], [ -71.1444969, 43.1041449 ], [ -71.1447373, 43.1036115 ], [ -71.1448314, 43.1033242 ], [ -71.1448826, 43.1031541 ], [ -71.1448703, 43.1030389 ], [ -71.144819, 43.1029528 ], [ -71.1446158, 43.1029459 ], [ -71.1443695, 43.1028331 ], [ -71.143585, 43.1026303 ], [ -71.1429915, 43.1026055 ], [ -71.1425216, 43.1024455 ], [ -71.1419592, 43.1023815 ], [ -71.1417055, 43.1023827 ], [ -71.1415191, 43.1023867 ], [ -71.1414716, 43.1025045 ], [ -71.1412005, 43.1026499 ], [ -71.1409445, 43.1026103 ], [ -71.139816, 43.102362 ], [ -71.139547, 43.102354 ], [ -71.1387707, 43.1025605 ], [ -71.1384582, 43.1025294 ], [ -71.1382705, 43.1024936 ], [ -71.1381082, 43.1025086 ], [ -71.1380721, 43.1025739 ], [ -71.1380948, 43.1026871 ], [ -71.138191, 43.102798 ], [ -71.1381927, 43.103007 ], [ -71.1380781, 43.103203 ], [ -71.137772, 43.103094 ], [ -71.1376429, 43.1030169 ], [ -71.137246, 43.1030161 ], [ -71.1371563, 43.1031057 ], [ -71.1365776, 43.1030485 ], [ -71.1363908, 43.1031393 ], [ -71.1360498, 43.1030809 ], [ -71.1360255, 43.1029559 ], [ -71.1360385, 43.1027292 ], [ -71.1359513, 43.102558 ], [ -71.135834, 43.102432 ], [ -71.1354139, 43.1023763 ], [ -71.135148, 43.102455 ], [ -71.1349733, 43.1024221 ], [ -71.134446, 43.102577 ], [ -71.1339518, 43.1027185 ], [ -71.1336898, 43.1028907 ], [ -71.1331934, 43.1030724 ], [ -71.1328502, 43.1033905 ], [ -71.1328259, 43.1036873 ], [ -71.132902, 43.1038536 ], [ -71.1331405, 43.1039755 ], [ -71.1333674, 43.1039009 ], [ -71.1333598, 43.1041429 ], [ -71.1338187, 43.1041642 ], [ -71.1341617, 43.1041496 ], [ -71.1343992, 43.1041352 ], [ -71.134549, 43.1041595 ], [ -71.134633, 43.1041972 ], [ -71.134768, 43.104253 ], [ -71.134934, 43.104263 ], [ -71.135544, 43.104294 ], [ -71.135637, 43.104332 ], [ -71.13527, 43.105682 ], [ -71.1351627, 43.1060934 ], [ -71.1350708, 43.1064458 ], [ -71.1350527, 43.1065154 ], [ -71.1348063, 43.1074603 ], [ -71.134325, 43.109306 ], [ -71.134202, 43.109703 ], [ -71.134094, 43.110069 ], [ -71.134093, 43.110161 ], [ -71.133775, 43.111374 ], [ -71.133242, 43.113304 ], [ -71.1328785, 43.1147272 ], [ -71.133073, 43.114654 ], [ -71.133421, 43.114601 ], [ -71.133591, 43.114517 ], [ -71.133941, 43.114296 ], [ -71.134324, 43.114136 ], [ -71.134752, 43.11406 ], [ -71.135284, 43.114044 ], [ -71.136201, 43.114113 ], [ -71.136523, 43.114143 ], [ -71.136642, 43.114182 ], [ -71.137177, 43.114281 ], [ -71.137819, 43.114525 ], [ -71.138062, 43.11454 ], [ -71.138613, 43.114487 ], [ -71.138688, 43.114494 ], [ -71.13907, 43.114533 ], [ -71.140536, 43.114754 ], [ -71.141007, 43.114853 ], [ -71.141511, 43.115005 ], [ -71.142348, 43.115234 ], [ -71.142778, 43.115326 ], [ -71.143447, 43.115494 ], [ -71.143798, 43.115623 ], [ -71.144137, 43.115829 ], [ -71.144789, 43.116165 ], [ -71.145293, 43.116401 ], [ -71.145662, 43.116615 ], [ -71.146027, 43.116875 ], [ -71.146346, 43.11718 ], [ -71.146655, 43.117493 ], [ -71.146989, 43.117798 ], [ -71.147262, 43.117828 ], [ -71.147783, 43.117798 ], [ -71.14827, 43.117828 ], [ -71.148989, 43.117767 ], [ -71.149979, 43.117668 ], [ -71.150469, 43.117668 ], [ -71.150742, 43.11776 ], [ -71.15082, 43.117851 ], [ -71.151077, 43.117996 ], [ -71.151598, 43.118408 ], [ -71.151687, 43.1185 ], [ -71.151933, 43.11866 ], [ -71.15216, 43.118805 ], [ -71.152421, 43.118957 ], [ -71.152727, 43.119148 ], [ -71.15317, 43.1194036 ], [ -71.1544921, 43.1179502 ], [ -71.1557074, 43.1165574 ], [ -71.1565302, 43.1156229 ], [ -71.157119, 43.115173 ], [ -71.1583523, 43.1135206 ], [ -71.1590901, 43.1126421 ], [ -71.1584967, 43.1123125 ], [ -71.1592779, 43.1118245 ], [ -71.1595207, 43.1116659 ], [ -71.1597892, 43.1114333 ], [ -71.1598985, 43.1112134 ], [ -71.1603515, 43.1110593 ], [ -71.1618102, 43.1108573 ], [ -71.1620583, 43.11072 ], [ -71.1625782, 43.1106059 ], [ -71.163225, 43.110412 ], [ -71.164322, 43.110054 ], [ -71.164795, 43.109879 ], [ -71.166765, 43.110138 ], [ -71.1665099, 43.1103833 ], [ -71.1642193, 43.1134158 ], [ -71.1621491, 43.116065 ], [ -71.1636545, 43.1173597 ], [ -71.162571, 43.1184694 ], [ -71.1645519, 43.1190488 ], [ -71.1660692, 43.1195133 ], [ -71.1655549, 43.1200473 ], [ -71.165116, 43.1205049 ], [ -71.1658328, 43.1203465 ], [ -71.1663017, 43.1202263 ], [ -71.1669325, 43.1200405 ], [ -71.1673551, 43.1196045 ], [ -71.1681449, 43.1192214 ], [ -71.1686609, 43.1189667 ], [ -71.169115, 43.118813 ], [ -71.16939, 43.118645 ], [ -71.169695, 43.118431 ], [ -71.1702, 43.118133 ], [ -71.170441, 43.117905 ], [ -71.170791, 43.11768 ], [ -71.172162, 43.118162 ], [ -71.170876, 43.119667 ], [ -71.173069, 43.1213 ], [ -71.17279, 43.121508 ], [ -71.171045, 43.122912 ], [ -71.171364, 43.123207 ], [ -71.171617, 43.123441 ], [ -71.172669, 43.123988 ], [ -71.172594, 43.12406 ], [ -71.173557, 43.124513 ], [ -71.1735383, 43.1246625 ] ] ], [ [ [ -71.1524525, 43.0777546 ], [ -71.1523385, 43.0777223 ], [ -71.1523127, 43.0777533 ], [ -71.152297, 43.0777722 ], [ -71.1523235, 43.0778623 ], [ -71.1524954, 43.0778506 ], [ -71.1524525, 43.0777546 ] ] ], [ [ [ -71.147783, 43.081147 ], [ -71.148072, 43.0811617 ], [ -71.1482967, 43.0811909 ], [ -71.1486343, 43.0811648 ], [ -71.1486697, 43.0808753 ], [ -71.1489123, 43.0808255 ], [ -71.1489301, 43.0807902 ], [ -71.1489771, 43.0807785 ], [ -71.1490361, 43.0807721 ], [ -71.1490743, 43.0807422 ], [ -71.1491299, 43.0807138 ], [ -71.1491727, 43.0805812 ], [ -71.149217, 43.080254 ], [ -71.14911, 43.080124 ], [ -71.149095, 43.08004 ], [ -71.149064, 43.080002 ], [ -71.148911, 43.079918 ], [ -71.1488202, 43.0798119 ], [ -71.1486408, 43.0797356 ], [ -71.1484771, 43.0797514 ], [ -71.1481229, 43.0797403 ], [ -71.1479434, 43.079816 ], [ -71.147856, 43.0799605 ], [ -71.1476992, 43.080132 ], [ -71.1474998, 43.0803208 ], [ -71.1474167, 43.0804206 ], [ -71.1473517, 43.0804959 ], [ -71.1472569, 43.0805668 ], [ -71.1471655, 43.0807465 ], [ -71.1471952, 43.0809031 ], [ -71.1472005, 43.0810306 ], [ -71.1471886, 43.0811138 ], [ -71.1475034, 43.0809958 ], [ -71.1476407, 43.0811061 ], [ -71.147783, 43.081147 ] ] ], [ [ [ -71.1550444, 43.0818255 ], [ -71.1552694, 43.0817233 ], [ -71.1554767, 43.0816358 ], [ -71.1555768, 43.0815319 ], [ -71.1556677, 43.0813884 ], [ -71.1557226, 43.0812194 ], [ -71.1556932, 43.0809972 ], [ -71.1558158, 43.0809984 ], [ -71.155813, 43.0809185 ], [ -71.1557307, 43.0808794 ], [ -71.1556354, 43.0807327 ], [ -71.155767, 43.0805819 ], [ -71.1556868, 43.0804369 ], [ -71.155248, 43.0805446 ], [ -71.1551791, 43.0806071 ], [ -71.154947, 43.0806113 ], [ -71.1545137, 43.0806084 ], [ -71.1542378, 43.0806514 ], [ -71.1541942, 43.0806582 ], [ -71.1540613, 43.080609 ], [ -71.1539523, 43.080471 ], [ -71.1541377, 43.0801997 ], [ -71.1543882, 43.0798672 ], [ -71.1547392, 43.0795323 ], [ -71.1549557, 43.0792504 ], [ -71.1549515, 43.0791553 ], [ -71.1551136, 43.0791614 ], [ -71.1552254, 43.0790044 ], [ -71.1550586, 43.0788081 ], [ -71.1549143, 43.0788039 ], [ -71.1547864, 43.0785133 ], [ -71.1546628, 43.078513 ], [ -71.1544842, 43.0784623 ], [ -71.1542301, 43.0784802 ], [ -71.15393, 43.0785366 ], [ -71.153748, 43.0785697 ], [ -71.1535687, 43.0786865 ], [ -71.1533663, 43.0787611 ], [ -71.153108, 43.078835 ], [ -71.1530229, 43.0788319 ], [ -71.1529354, 43.0788248 ], [ -71.1526843, 43.0787938 ], [ -71.1525282, 43.0788675 ], [ -71.152131, 43.078873 ], [ -71.1519033, 43.0788173 ], [ -71.151556, 43.078868 ], [ -71.151338, 43.078965 ], [ -71.1511934, 43.0789878 ], [ -71.151093, 43.078926 ], [ -71.150895, 43.0788651 ], [ -71.1507735, 43.07882 ], [ -71.1506738, 43.0788072 ], [ -71.1504881, 43.078904 ], [ -71.1504075, 43.0789781 ], [ -71.1503379, 43.0790379 ], [ -71.1503085, 43.0791183 ], [ -71.1503006, 43.0792672 ], [ -71.1502675, 43.0793007 ], [ -71.1501823, 43.0793573 ], [ -71.1500796, 43.0793575 ], [ -71.1498073, 43.079339 ], [ -71.1495235, 43.0794233 ], [ -71.1493263, 43.0793112 ], [ -71.1494622, 43.0792304 ], [ -71.1495415, 43.0791531 ], [ -71.1495114, 43.0790679 ], [ -71.1493061, 43.0789856 ], [ -71.1490099, 43.0790517 ], [ -71.148987, 43.0792024 ], [ -71.1487964, 43.0794726 ], [ -71.1488945, 43.0795566 ], [ -71.149099, 43.0795847 ], [ -71.1492273, 43.0794676 ], [ -71.1494092, 43.0795483 ], [ -71.1493043, 43.0796751 ], [ -71.1492941, 43.0799742 ], [ -71.149446, 43.0800718 ], [ -71.149598, 43.080208 ], [ -71.1496908, 43.0805087 ], [ -71.1500075, 43.0804433 ], [ -71.1502598, 43.080437 ], [ -71.1505807, 43.0802915 ], [ -71.1510297, 43.0803386 ], [ -71.1513297, 43.0803511 ], [ -71.1515636, 43.0802774 ], [ -71.1517661, 43.080309 ], [ -71.1520375, 43.0802966 ], [ -71.1522474, 43.080372 ], [ -71.1523145, 43.0803961 ], [ -71.152253, 43.080513 ], [ -71.1522115, 43.080592 ], [ -71.1521897, 43.0807854 ], [ -71.1522368, 43.0808505 ], [ -71.1522044, 43.0809822 ], [ -71.1521266, 43.0811108 ], [ -71.1520308, 43.0814042 ], [ -71.1519222, 43.0816283 ], [ -71.1517435, 43.0820654 ], [ -71.1518139, 43.0821848 ], [ -71.1518637, 43.0823469 ], [ -71.1518116, 43.0825524 ], [ -71.1520037, 43.0826012 ], [ -71.1520896, 43.0826231 ], [ -71.1521833, 43.0826141 ], [ -71.1522001, 43.0824332 ], [ -71.1523344, 43.0824331 ], [ -71.1524584, 43.0822845 ], [ -71.1526556, 43.0821862 ], [ -71.1529621, 43.0821571 ], [ -71.1532159, 43.0822188 ], [ -71.1533017, 43.0820738 ], [ -71.1533912, 43.0820616 ], [ -71.153637, 43.082207 ], [ -71.1537811, 43.0822335 ], [ -71.1539367, 43.082189 ], [ -71.1542976, 43.0820694 ], [ -71.1544434, 43.0819574 ], [ -71.1545878, 43.0819214 ], [ -71.1548139, 43.0818836 ], [ -71.1550444, 43.0818255 ] ] ], [ [ [ -71.1493347, 43.082149 ], [ -71.1494036, 43.0822141 ], [ -71.1495126, 43.0822043 ], [ -71.149722, 43.0820665 ], [ -71.1499316, 43.082002 ], [ -71.1499734, 43.0819008 ], [ -71.1499903, 43.0818364 ], [ -71.1500197, 43.0817481 ], [ -71.1499472, 43.0815493 ], [ -71.149964, 43.081421 ], [ -71.1498468, 43.0813946 ], [ -71.1498158, 43.0813202 ], [ -71.1496471, 43.0812474 ], [ -71.1494646, 43.0811174 ], [ -71.1493801, 43.0811282 ], [ -71.1493036, 43.0811272 ], [ -71.1492931, 43.0810754 ], [ -71.1492631, 43.080954 ], [ -71.1492976, 43.0808794 ], [ -71.149287, 43.0807932 ], [ -71.1492252, 43.0807863 ], [ -71.1491748, 43.0808074 ], [ -71.1491208, 43.0808387 ], [ -71.1491202, 43.0808928 ], [ -71.1490904, 43.0809705 ], [ -71.1490956, 43.0810919 ], [ -71.1490321, 43.0811415 ], [ -71.1490074, 43.0811923 ], [ -71.1489574, 43.0813164 ], [ -71.1489858, 43.0813461 ], [ -71.1490112, 43.0813828 ], [ -71.1490486, 43.0814675 ], [ -71.14914, 43.081612 ], [ -71.1491422, 43.0817703 ], [ -71.1492312, 43.0819549 ], [ -71.1493009, 43.0820058 ], [ -71.1493347, 43.082149 ] ] ], [ [ [ -71.1502571, 43.0818834 ], [ -71.1502255, 43.0819424 ], [ -71.1501532, 43.0819701 ], [ -71.1500808, 43.0819818 ], [ -71.1500587, 43.0820063 ], [ -71.1500355, 43.0820223 ], [ -71.1500628, 43.0821597 ], [ -71.1501453, 43.0822638 ], [ -71.150296, 43.0821194 ], [ -71.1503571, 43.0820075 ], [ -71.1503765, 43.0819206 ], [ -71.1503549, 43.0818759 ], [ -71.1502571, 43.0818834 ] ] ], [ [ [ -71.1476755, 43.0825769 ], [ -71.147766, 43.0826329 ], [ -71.1478941, 43.0826249 ], [ -71.1479987, 43.082571 ], [ -71.1480953, 43.0825612 ], [ -71.1481201, 43.0825497 ], [ -71.1480618, 43.0824956 ], [ -71.1480235, 43.0824459 ], [ -71.1479598, 43.0824437 ], [ -71.1476775, 43.0825046 ], [ -71.1476755, 43.0825769 ] ] ], [ [ [ -71.1389081, 43.0842981 ], [ -71.1390046, 43.0840395 ], [ -71.1386828, 43.0840787 ], [ -71.1383394, 43.0839063 ], [ -71.1382536, 43.0840473 ], [ -71.138436, 43.0843059 ], [ -71.1389081, 43.0842981 ] ] ], [ [ [ -71.1404414, 43.0877752 ], [ -71.1402912, 43.0879044 ], [ -71.140268, 43.0880337 ], [ -71.1404262, 43.0880729 ], [ -71.1405031, 43.0879612 ], [ -71.140496, 43.0878261 ], [ -71.1408821, 43.0874363 ], [ -71.1410235, 43.0871757 ], [ -71.1411549, 43.0869916 ], [ -71.1411075, 43.0868545 ], [ -71.140892, 43.08688 ], [ -71.1405603, 43.0870523 ], [ -71.1403832, 43.0873813 ], [ -71.1403457, 43.0875577 ], [ -71.1404414, 43.0877752 ] ] ], [ [ [ -71.1344019, 43.0964737 ], [ -71.1342947, 43.0963249 ], [ -71.1340157, 43.0963013 ], [ -71.1340479, 43.0964424 ], [ -71.1341766, 43.0965834 ], [ -71.1344019, 43.0964737 ] ] ], [ [ [ -71.1357431, 43.0967871 ], [ -71.1358074, 43.0969203 ], [ -71.1361937, 43.0968654 ], [ -71.13614, 43.0968106 ], [ -71.1358718, 43.0967792 ], [ -71.1359576, 43.0966461 ], [ -71.1358825, 43.0965285 ], [ -71.1355177, 43.0966539 ], [ -71.1356572, 43.0967871 ], [ -71.1357431, 43.0967871 ] ] ], [ [ [ -71.1339053, 43.1007121 ], [ -71.13411, 43.100701 ], [ -71.1342992, 43.1007893 ], [ -71.1345383, 43.1007444 ], [ -71.1347708, 43.1006562 ], [ -71.1347696, 43.1005351 ], [ -71.1347741, 43.1004423 ], [ -71.1346101, 43.1003382 ], [ -71.1345899, 43.1001237 ], [ -71.1341943, 43.1000353 ], [ -71.1341792, 43.0999247 ], [ -71.1338277, 43.099868 ], [ -71.1335887, 43.0999455 ], [ -71.1334684, 43.1001809 ], [ -71.1333122, 43.100177 ], [ -71.133317, 43.100014 ], [ -71.133133, 43.099999 ], [ -71.1325699, 43.0999847 ], [ -71.132218, 43.10006 ], [ -71.1320105, 43.1000995 ], [ -71.1318866, 43.1000307 ], [ -71.131669, 43.100016 ], [ -71.1315194, 43.1000081 ], [ -71.1313503, 43.1000103 ], [ -71.1311005, 43.0999522 ], [ -71.130997, 43.099965 ], [ -71.1307581, 43.1000346 ], [ -71.1305645, 43.1004204 ], [ -71.1302162, 43.1003522 ], [ -71.1301804, 43.1005181 ], [ -71.1300536, 43.1004029 ], [ -71.1298973, 43.1001536 ], [ -71.1297285, 43.1002087 ], [ -71.1296999, 43.1004136 ], [ -71.1295198, 43.1003801 ], [ -71.1294436, 43.100538 ], [ -71.1294724, 43.1007209 ], [ -71.1297736, 43.1007393 ], [ -71.1299052, 43.1007323 ], [ -71.1301712, 43.1006092 ], [ -71.130326, 43.100693 ], [ -71.130417, 43.100708 ], [ -71.1302902, 43.100856 ], [ -71.1303887, 43.1009649 ], [ -71.130647, 43.101021 ], [ -71.1308752, 43.1010226 ], [ -71.1309919, 43.1010841 ], [ -71.131317, 43.101196 ], [ -71.131745, 43.101288 ], [ -71.1317389, 43.1013573 ], [ -71.1318098, 43.1014415 ], [ -71.131608, 43.101593 ], [ -71.131501, 43.1016065 ], [ -71.13125, 43.1016712 ], [ -71.1312221, 43.1018179 ], [ -71.1314675, 43.1019808 ], [ -71.131715, 43.101883 ], [ -71.13205, 43.101769 ], [ -71.13234, 43.101715 ], [ -71.132462, 43.1011805 ], [ -71.1327128, 43.1010388 ], [ -71.132741, 43.1011653 ], [ -71.1327411, 43.1014729 ], [ -71.1328559, 43.1014152 ], [ -71.132913, 43.1013776 ], [ -71.1330116, 43.1013361 ], [ -71.1330276, 43.1012351 ], [ -71.133048, 43.1011257 ], [ -71.1332292, 43.1010919 ], [ -71.133332, 43.101067 ], [ -71.133515, 43.10096 ], [ -71.1337201, 43.1005975 ], [ -71.1339053, 43.1007121 ] ] ], [ [ [ -71.1279879, 43.1017735 ], [ -71.128113, 43.101746 ], [ -71.128186, 43.1014292 ], [ -71.1284245, 43.1013847 ], [ -71.1284874, 43.1013089 ], [ -71.1284874, 43.101257 ], [ -71.1284532, 43.101192 ], [ -71.1283842, 43.1011194 ], [ -71.1282515, 43.1011368 ], [ -71.1279653, 43.1010022 ], [ -71.1277866, 43.1011238 ], [ -71.1276409, 43.1012565 ], [ -71.1275241, 43.1013365 ], [ -71.1274654, 43.101451 ], [ -71.1274932, 43.1015515 ], [ -71.1272817, 43.1017247 ], [ -71.1273599, 43.1020643 ], [ -71.1275641, 43.1020662 ], [ -71.1276211, 43.1018313 ], [ -71.1277474, 43.1017646 ], [ -71.127826, 43.1017855 ], [ -71.1279879, 43.1017735 ] ] ], [ [ [ -71.14586, 43.102097 ], [ -71.145967, 43.10212 ], [ -71.146104, 43.102127 ], [ -71.146425, 43.102066 ], [ -71.146562, 43.101975 ], [ -71.146562, 43.101929 ], [ -71.146546, 43.101875 ], [ -71.14644, 43.101731 ], [ -71.146302, 43.101647 ], [ -71.146089, 43.101578 ], [ -71.146012, 43.101593 ], [ -71.145844, 43.101746 ], [ -71.145783, 43.101868 ], [ -71.145784, 43.10202 ], [ -71.145798, 43.102081 ], [ -71.14586, 43.102097 ] ] ], [ [ [ -71.144853, 43.102402 ], [ -71.144914, 43.102394 ], [ -71.145143, 43.102219 ], [ -71.14528, 43.102127 ], [ -71.145432, 43.101982 ], [ -71.145433, 43.101914 ], [ -71.145372, 43.101853 ], [ -71.145112, 43.101776 ], [ -71.1446151, 43.1017633 ], [ -71.1445601, 43.1018622 ], [ -71.1442946, 43.1018612 ], [ -71.1442396, 43.1020071 ], [ -71.144312, 43.1020522 ], [ -71.1443965, 43.1021158 ], [ -71.144318, 43.102326 ], [ -71.144669, 43.102295 ], [ -71.144853, 43.102402 ] ] ], [ [ [ -71.1314837, 43.1036651 ], [ -71.131355, 43.1036259 ], [ -71.1312369, 43.1037043 ], [ -71.1312691, 43.1038531 ], [ -71.131355, 43.1039784 ], [ -71.1315588, 43.1039393 ], [ -71.1314837, 43.1036651 ] ] ], [ [ [ -71.1259389, 43.1051424 ], [ -71.1260985, 43.1050592 ], [ -71.1261407, 43.1049028 ], [ -71.1259262, 43.1049576 ], [ -71.1259013, 43.1049877 ], [ -71.1259389, 43.1051424 ] ] ], [ [ [ -71.1311833, 43.1050673 ], [ -71.1308614, 43.1053179 ], [ -71.1308185, 43.1054903 ], [ -71.1309794, 43.1055686 ], [ -71.1312048, 43.1055451 ], [ -71.131194, 43.1054511 ], [ -71.1313013, 43.1053649 ], [ -71.1311833, 43.1050673 ] ] ] ] } },
{ "type": "Feature", "properties": { "osm_type": "relation", "id": 12441911, "boundary": "protected_area", "state": "New Hampshire", "name": "Pisgah State Park", "wikipedia": null, "leisure": "nature_reserve" }, "geometry": { "type": "MultiPolygon", "coordinates": [ [ [ [ -72.4344434, 42.890316 ], [ -72.4345332, 42.8886798 ], [ -72.4361905, 42.8881399 ], [ -72.4373174, 42.8879034 ], [ -72.4376078, 42.8879406 ], [ -72.4382573, 42.8879611 ], [ -72.4383951, 42.8878311 ], [ -72.4387159, 42.8875774 ], [ -72.438906, 42.8874537 ], [ -72.4391809, 42.8872377 ], [ -72.4394231, 42.8871203 ], [ -72.4395894, 42.8870457 ], [ -72.4397706, 42.8869769 ], [ -72.4401866, 42.886785 ], [ -72.4405783, 42.8866643 ], [ -72.4408781, 42.8866356 ], [ -72.4410952, 42.8866168 ], [ -72.4412453, 42.8865915 ], [ -72.4413654, 42.8843608 ], [ -72.4423257, 42.8844848 ], [ -72.4425571, 42.8844936 ], [ -72.4427503, 42.8848044 ], [ -72.4439881, 42.8848938 ], [ -72.445041, 42.8834622 ], [ -72.4464683, 42.8813371 ], [ -72.4508334, 42.8815637 ], [ -72.4511837, 42.8791782 ], [ -72.4484202, 42.8791117 ], [ -72.4490974, 42.8773279 ], [ -72.4486083, 42.8773055 ], [ -72.4486987, 42.8767792 ], [ -72.44874, 42.8765388 ], [ -72.4487566, 42.8764424 ], [ -72.4487696, 42.8763668 ], [ -72.4490803, 42.8762974 ], [ -72.4492441, 42.8762631 ], [ -72.4493107, 42.8763559 ], [ -72.4497789, 42.876684 ], [ -72.4505718, 42.8767892 ], [ -72.4505968, 42.8764685 ], [ -72.4519357, 42.8765662 ], [ -72.4518915, 42.8753699 ], [ -72.4535055, 42.8714384 ], [ -72.455723, 42.8715547 ], [ -72.4565897, 42.8729976 ], [ -72.4581164, 42.8731986 ], [ -72.4606536, 42.8733336 ], [ -72.4630707, 42.8644616 ], [ -72.463254, 42.8619258 ], [ -72.468748, 42.8624288 ], [ -72.4718366, 42.8592131 ], [ -72.472916, 42.8578069 ], [ -72.4730868, 42.8567733 ], [ -72.47604, 42.8530012 ], [ -72.476166, 42.8528403 ], [ -72.4766703, 42.852879 ], [ -72.4761739, 42.8501418 ], [ -72.4754832, 42.8501572 ], [ -72.4703755, 42.8497444 ], [ -72.4674463, 42.8496089 ], [ -72.4672034, 42.8436596 ], [ -72.4720032, 42.8431586 ], [ -72.4719809, 42.8414414 ], [ -72.474554, 42.8417286 ], [ -72.4752916, 42.8433745 ], [ -72.4791994, 42.8436992 ], [ -72.4789714, 42.8458869 ], [ -72.4771261, 42.8456901 ], [ -72.4777255, 42.8498455 ], [ -72.4784771, 42.8497639 ], [ -72.4797776, 42.8499646 ], [ -72.4805622, 42.8504169 ], [ -72.4812659, 42.8506409 ], [ -72.4815911, 42.8497036 ], [ -72.4844937, 42.8462156 ], [ -72.4842111, 42.844917 ], [ -72.4851059, 42.8439855 ], [ -72.4845003, 42.842441 ], [ -72.4840791, 42.8415619 ], [ -72.4837743, 42.8406391 ], [ -72.4835306, 42.8377071 ], [ -72.4832804, 42.8364827 ], [ -72.4831484, 42.8353434 ], [ -72.4834655, 42.8331631 ], [ -72.4798947, 42.8330379 ], [ -72.4790745, 42.835195 ], [ -72.4779035, 42.8351388 ], [ -72.4764636, 42.8302371 ], [ -72.4770704, 42.8228375 ], [ -72.4757527, 42.8205997 ], [ -72.4756297, 42.81789 ], [ -72.4760973, 42.8178651 ], [ -72.4792732, 42.8126411 ], [ -72.4782317, 42.8127023 ], [ -72.4770756, 42.8095899 ], [ -72.4767284, 42.8096058 ], [ -72.4763332, 42.8087477 ], [ -72.4745452, 42.8090428 ], [ -72.4732343, 42.8070832 ], [ -72.468061, 42.8082892 ], [ -72.4678687, 42.808334 ], [ -72.4679933, 42.8079645 ], [ -72.468078, 42.8077132 ], [ -72.468148, 42.8072744 ], [ -72.4684899, 42.80619 ], [ -72.4685716, 42.8056838 ], [ -72.4687844, 42.8050862 ], [ -72.4688444, 42.8046127 ], [ -72.4690974, 42.8034721 ], [ -72.4692442, 42.8031371 ], [ -72.4692162, 42.8026734 ], [ -72.4669824, 42.8031376 ], [ -72.4510325, 42.8064504 ], [ -72.4510113, 42.8047672 ], [ -72.4510857, 42.8041298 ], [ -72.4513665, 42.8034087 ], [ -72.4517314, 42.8029209 ], [ -72.4519961, 42.8026613 ], [ -72.4524262, 42.802446 ], [ -72.4540707, 42.8020859 ], [ -72.4546453, 42.8018849 ], [ -72.4551133, 42.8014115 ], [ -72.4557034, 42.8006289 ], [ -72.4558429, 42.8002488 ], [ -72.4562262, 42.7979714 ], [ -72.4484097, 42.799019 ], [ -72.4468793, 42.7950828 ], [ -72.4479923, 42.7948876 ], [ -72.4457975, 42.7901424 ], [ -72.4440102, 42.78992 ], [ -72.4431792, 42.7897289 ], [ -72.4425787, 42.7895306 ], [ -72.439393, 42.7881413 ], [ -72.4388437, 42.7889057 ], [ -72.4387665, 42.7890131 ], [ -72.4367823, 42.788323 ], [ -72.4368594, 42.7896462 ], [ -72.4361266, 42.7896511 ], [ -72.4365591, 42.7911255 ], [ -72.4373726, 42.7910025 ], [ -72.4382079, 42.7906964 ], [ -72.4388736, 42.790172 ], [ -72.4392919, 42.7904974 ], [ -72.4377512, 42.7926877 ], [ -72.4377089, 42.7927478 ], [ -72.4344963, 42.793038 ], [ -72.4345088, 42.7931873 ], [ -72.4338476, 42.79321 ], [ -72.4338349, 42.7930503 ], [ -72.4335238, 42.7930549 ], [ -72.4334948, 42.7930553 ], [ -72.4290533, 42.7931212 ], [ -72.4192878, 42.7932661 ], [ -72.4199026, 42.7938399 ], [ -72.4163088, 42.7966916 ], [ -72.4143495, 42.8025294 ], [ -72.4174969, 42.8025812 ], [ -72.4160475, 42.8060186 ], [ -72.4124195, 42.807019 ], [ -72.4119334, 42.8086551 ], [ -72.4081631, 42.8086595 ], [ -72.4089689, 42.8127123 ], [ -72.4077193, 42.8127824 ], [ -72.4075859, 42.8122045 ], [ -72.4067452, 42.812396 ], [ -72.404948, 42.8116536 ], [ -72.4020889, 42.8122611 ], [ -72.4020998, 42.8156161 ], [ -72.4015604, 42.816343 ], [ -72.4015067, 42.8165957 ], [ -72.4022295, 42.8177278 ], [ -72.4030465, 42.8203566 ], [ -72.4025236, 42.8254726 ], [ -72.4015386, 42.8291797 ], [ -72.3970649, 42.8279323 ], [ -72.3928647, 42.827896 ], [ -72.3928871, 42.8298078 ], [ -72.3914618, 42.83009 ], [ -72.3927772, 42.8324643 ], [ -72.3909883, 42.8334211 ], [ -72.3919334, 42.8336042 ], [ -72.3919562, 42.8355581 ], [ -72.3926433, 42.8378921 ], [ -72.3977103, 42.8382882 ], [ -72.3975122, 42.8408738 ], [ -72.3992862, 42.8410725 ], [ -72.3991001, 42.8422503 ], [ -72.3974403, 42.8420508 ], [ -72.3971652, 42.842956 ], [ -72.4029038, 42.8488385 ], [ -72.4030533, 42.8489917 ], [ -72.4018094, 42.8507198 ], [ -72.4039373, 42.8561287 ], [ -72.4024362, 42.8581377 ], [ -72.4050043, 42.8628487 ], [ -72.4010287, 42.8685203 ], [ -72.4022917, 42.8686937 ], [ -72.4038937, 42.8687231 ], [ -72.4040199, 42.8702565 ], [ -72.4041644, 42.8702952 ], [ -72.4043326, 42.8713601 ], [ -72.4040314, 42.8731473 ], [ -72.402488, 42.8760364 ], [ -72.4025641, 42.8760759 ], [ -72.4023406, 42.8767274 ], [ -72.4019745, 42.8770323 ], [ -72.4013051, 42.8779092 ], [ -72.4011486, 42.8782313 ], [ -72.4011911, 42.8791587 ], [ -72.4007315, 42.8800282 ], [ -72.4010124, 42.880482 ], [ -72.4015432, 42.8806858 ], [ -72.4021367, 42.8797398 ], [ -72.4020147, 42.879308 ], [ -72.4025719, 42.8791653 ], [ -72.4028123, 42.8789451 ], [ -72.4034452, 42.8776941 ], [ -72.4102747, 42.8824764 ], [ -72.4108951, 42.8825218 ], [ -72.4111133, 42.8850319 ], [ -72.413022, 42.885162 ], [ -72.4125289, 42.8856746 ], [ -72.4124314, 42.8860018 ], [ -72.4119613, 42.8862729 ], [ -72.411556, 42.8868977 ], [ -72.4118888, 42.8878344 ], [ -72.4170841, 42.8883053 ], [ -72.4156181, 42.8902442 ], [ -72.4151543, 42.8908576 ], [ -72.415974, 42.8925012 ], [ -72.416963, 42.8932149 ], [ -72.4201048, 42.8933313 ], [ -72.4233884, 42.8943641 ], [ -72.4231558, 42.8936389 ], [ -72.4230713, 42.8915458 ], [ -72.4228192, 42.8911581 ], [ -72.4224499, 42.8911317 ], [ -72.4224075, 42.8903025 ], [ -72.42287, 42.8902029 ], [ -72.4232122, 42.8901291 ], [ -72.423715, 42.8900208 ], [ -72.4259185, 42.8906454 ], [ -72.4341893, 42.8912483 ], [ -72.4344434, 42.890316 ] ], [ [ -72.4365473, 42.827847 ], [ -72.4379401, 42.8274799 ], [ -72.4402326, 42.8297777 ], [ -72.437714, 42.8312096 ], [ -72.4358016, 42.8293466 ], [ -72.4365473, 42.827847 ] ], [ [ -72.4469882, 42.8762141 ], [ -72.4471995, 42.8754749 ], [ -72.4469575, 42.8750894 ], [ -72.4469463, 42.8747668 ], [ -72.4489892, 42.8748575 ], [ -72.4490642, 42.8753541 ], [ -72.4491126, 42.8759921 ], [ -72.4491644, 42.8761487 ], [ -72.4492032, 42.8762065 ], [ -72.4490721, 42.8762222 ], [ -72.4483769, 42.8763231 ], [ -72.4469882, 42.8762141 ] ] ] ] } },
{ "type": "Feature", "properties": { "osm_type": "relation", "id": 12473866, "boundary": null, "state": "New Hampshire", "name": "Rollins State Park", "wikipedia": null, "leisure": "park" }, "geometry": { "type": "MultiPolygon", "coordinates": [ [ [ [ -71.8505794, 43.3461329 ], [ -71.8504785, 43.3462263 ], [ -71.8501626, 43.3465186 ], [ -71.8496356, 43.3468884 ], [ -71.849174, 43.3470175 ], [ -71.848712, 43.3470503 ], [ -71.8481047, 43.3469172 ], [ -71.8479855, 43.346891 ], [ -71.8470389, 43.3467481 ], [ -71.8472302, 43.3471716 ], [ -71.8485229, 43.3500342 ], [ -71.8492811, 43.3500928 ], [ -71.8493372, 43.3500971 ], [ -71.8493581, 43.3505669 ], [ -71.8493608, 43.3506264 ], [ -71.8498666, 43.3505454 ], [ -71.8508131, 43.3502673 ], [ -71.8502307, 43.3485462 ], [ -71.8507623, 43.3482892 ], [ -71.8514002, 43.3479777 ], [ -71.8513993, 43.3479759 ], [ -71.8505794, 43.3461329 ] ] ], [ [ [ -71.8550348, 43.3471775 ], [ -71.854343, 43.3469975 ], [ -71.8543436, 43.3470497 ], [ -71.8544028, 43.352758 ], [ -71.8553721, 43.3527277 ], [ -71.8565066, 43.3526923 ], [ -71.8566156, 43.3526945 ], [ -71.8571604, 43.3527052 ], [ -71.8584402, 43.3527305 ], [ -71.8595768, 43.3528876 ], [ -71.8595683, 43.3527851 ], [ -71.8594289, 43.3510931 ], [ -71.8573115, 43.3472104 ], [ -71.8563535, 43.347186 ], [ -71.8550348, 43.3471775 ] ] ] ] } },
{ "type": "Feature", "properties": { "osm_type": "relation", "id": 12486616, "boundary": null, "state": "New Hampshire", "name": "Silver Lake State Park", "wikipedia": null, "leisure": "park" }, "geometry": { "type": "MultiPolygon", "coordinates": [ [ [ [ -71.5945955, 42.7640123 ], [ -71.5949181, 42.764173 ], [ -71.5959991, 42.7647112 ], [ -71.5968645, 42.7635494 ], [ -71.597218, 42.7630791 ], [ -71.5972944, 42.7629721 ], [ -71.597332, 42.7629216 ], [ -71.5974243, 42.7627988 ], [ -71.5978556, 42.7622251 ], [ -71.5970965, 42.7621126 ], [ -71.5967589, 42.762069 ], [ -71.5967977, 42.7620063 ], [ -71.5971361, 42.7614595 ], [ -71.5970825, 42.7611317 ], [ -71.5973681, 42.7609217 ], [ -71.5977642, 42.7606206 ], [ -71.5978945, 42.7605216 ], [ -71.5981534, 42.7603248 ], [ -71.5983591, 42.7601683 ], [ -71.59851, 42.7600537 ], [ -71.5985137, 42.760021 ], [ -71.5985039, 42.7599729 ], [ -71.5984793, 42.7599338 ], [ -71.5984634, 42.7598539 ], [ -71.5984718, 42.7597477 ], [ -71.5984171, 42.759591 ], [ -71.5983495, 42.7595208 ], [ -71.5982743, 42.7594745 ], [ -71.5981934, 42.7594488 ], [ -71.5981275, 42.7594521 ], [ -71.5980598, 42.7594258 ], [ -71.5979528, 42.7593003 ], [ -71.5978542, 42.7592558 ], [ -71.59781, 42.7593724 ], [ -71.5976146, 42.7595628 ], [ -71.5975619, 42.7596016 ], [ -71.5973694, 42.7596719 ], [ -71.5972749, 42.759724 ], [ -71.5968615, 42.7600716 ], [ -71.596644, 42.7603271 ], [ -71.5963368, 42.7607356 ], [ -71.5961667, 42.7608312 ], [ -71.5959448, 42.7608762 ], [ -71.5958486, 42.7608749 ], [ -71.5956801, 42.7608169 ], [ -71.595644, 42.760762 ], [ -71.5956018, 42.7604461 ], [ -71.5953369, 42.7604175 ], [ -71.5952673, 42.7608266 ], [ -71.5951911, 42.761094 ], [ -71.5946274, 42.7625819 ], [ -71.5944202, 42.7630326 ], [ -71.5941532, 42.7634271 ], [ -71.5935536, 42.7641952 ], [ -71.5934492, 42.7643659 ], [ -71.5941147, 42.7644608 ], [ -71.5945955, 42.7640123 ] ] ], [ [ [ -71.5905975, 42.7645503 ], [ -71.5905974, 42.7645791 ], [ -71.5903351, 42.7647886 ], [ -71.59024, 42.76492 ], [ -71.5901062, 42.7650392 ], [ -71.589799, 42.7652486 ], [ -71.5895647, 42.7653759 ], [ -71.5893634, 42.7655196 ], [ -71.5893188, 42.7656387 ], [ -71.5893019, 42.7657744 ], [ -71.589324, 42.7659429 ], [ -71.5893015, 42.7660744 ], [ -71.5892176, 42.7661484 ], [ -71.5890168, 42.766251 ], [ -71.5889162, 42.7663249 ], [ -71.5888714, 42.766403 ], [ -71.588804, 42.7667194 ], [ -71.5887648, 42.7668181 ], [ -71.5886534, 42.7668838 ], [ -71.5882066, 42.7669944 ], [ -71.5879556, 42.7671135 ], [ -71.5877993, 42.7672161 ], [ -71.5876091, 42.7673763 ], [ -71.5871917, 42.7676305 ], [ -71.5886443, 42.7682493 ], [ -71.590081, 42.7663373 ], [ -71.5914666, 42.7646745 ], [ -71.5915601, 42.764652 ], [ -71.5916076, 42.7646644 ], [ -71.5916673, 42.7647209 ], [ -71.5917317, 42.7646713 ], [ -71.592185, 42.7648714 ], [ -71.5925436, 42.7642646 ], [ -71.5932705, 42.764347 ], [ -71.5935387, 42.7639606 ], [ -71.5940499, 42.763311 ], [ -71.5942874, 42.7629047 ], [ -71.5945682, 42.7622573 ], [ -71.5949915, 42.7611091 ], [ -71.5951233, 42.7606908 ], [ -71.5951925, 42.7601913 ], [ -71.5952124, 42.7595136 ], [ -71.5942761, 42.7597127 ], [ -71.5934688, 42.7599265 ], [ -71.5934068, 42.7599281 ], [ -71.5930829, 42.7600503 ], [ -71.5927537, 42.7602231 ], [ -71.5925609, 42.7602929 ], [ -71.5919193, 42.7604325 ], [ -71.5901259, 42.7606828 ], [ -71.5902802, 42.7618553 ], [ -71.5903879, 42.7632416 ], [ -71.591519, 42.7638974 ], [ -71.591312, 42.764029 ], [ -71.5905036, 42.7644411 ], [ -71.5903488, 42.7645006 ], [ -71.5905309, 42.7645256 ], [ -71.5905975, 42.7645503 ] ] ] ] } },
{ "type": "Feature", "properties": { "osm_type": "relation", "id": 12856834, "boundary": null, "state": "New Hampshire", "name": "Rhododendron State Park", "wikipedia": null, "leisure": "park" }, "geometry": { "type": "MultiPolygon", "coordinates": [ [ [ [ -72.1837395, 42.7796417 ], [ -72.1850273, 42.7856521 ], [ -72.1869657, 42.7857445 ], [ -72.1861724, 42.7888309 ], [ -72.1858298, 42.7898596 ], [ -72.1856023, 42.7912134 ], [ -72.1949755, 42.7912549 ], [ -72.1961592, 42.7884697 ], [ -72.1952034, 42.788479 ], [ -72.1946425, 42.786451 ], [ -72.1941164, 42.7835332 ], [ -72.1975733, 42.7837413 ], [ -72.1995692, 42.7824529 ], [ -72.1992595, 42.7800915 ], [ -72.1988116, 42.7800607 ], [ -72.1990496, 42.777733 ], [ -72.198984, 42.7763064 ], [ -72.197387, 42.7767381 ], [ -72.1977609, 42.7773757 ], [ -72.1959177, 42.778037 ], [ -72.1957195, 42.7773817 ], [ -72.1929254, 42.7785696 ], [ -72.1921527, 42.7789111 ], [ -72.1913287, 42.7792525 ], [ -72.190621, 42.7794644 ], [ -72.1898324, 42.7795784 ], [ -72.1896983, 42.7792624 ], [ -72.189749, 42.7788928 ], [ -72.1894194, 42.7776401 ], [ -72.1893294, 42.7771067 ], [ -72.1893858, 42.7766567 ], [ -72.1895285, 42.7763411 ], [ -72.1830709, 42.7762221 ], [ -72.1837395, 42.7796417 ] ] ], [ [ [ -72.2146884, 42.8015064 ], [ -72.2199923, 42.8020413 ], [ -72.219153, 42.795506 ], [ -72.222515, 42.795624 ], [ -72.229075, 42.795897 ], [ -72.229525, 42.798728 ], [ -72.230179, 42.798374 ], [ -72.230317, 42.798199 ], [ -72.230332, 42.797833 ], [ -72.230454, 42.797367 ], [ -72.231095, 42.796055 ], [ -72.231553, 42.795223 ], [ -72.232239, 42.794178 ], [ -72.232396, 42.793846 ], [ -72.232782, 42.793914 ], [ -72.234014, 42.793978 ], [ -72.235812, 42.794044 ], [ -72.236798, 42.794125 ], [ -72.237021, 42.792784 ], [ -72.237317, 42.791943 ], [ -72.230625, 42.7929847 ], [ -72.2303736, 42.7930238 ], [ -72.2298398, 42.7931069 ], [ -72.2297005, 42.7931286 ], [ -72.2294508, 42.7931674 ], [ -72.2190697, 42.7947833 ], [ -72.210736, 42.7961318 ], [ -72.2056191, 42.7969598 ], [ -72.206435, 42.8019837 ], [ -72.2016583, 42.8020017 ], [ -72.2022259, 42.800291 ], [ -72.2021177, 42.7994789 ], [ -72.2023431, 42.7984358 ], [ -72.2027068, 42.7970814 ], [ -72.2027749, 42.7969732 ], [ -72.2041005, 42.7959494 ], [ -72.2047388, 42.7954919 ], [ -72.2050706, 42.7953223 ], [ -72.2052889, 42.7953108 ], [ -72.2055098, 42.7964939 ], [ -72.2093366, 42.7958344 ], [ -72.2126058, 42.7953428 ], [ -72.2155843, 42.7948364 ], [ -72.2164087, 42.7946881 ], [ -72.2175419, 42.7944842 ], [ -72.2189832, 42.7942667 ], [ -72.2191879, 42.7942359 ], [ -72.2198467, 42.7941367 ], [ -72.2250219, 42.7933577 ], [ -72.2339347, 42.7920161 ], [ -72.2373795, 42.7914975 ], [ -72.2375621, 42.7898824 ], [ -72.2377249, 42.7897606 ], [ -72.2377181, 42.7897224 ], [ -72.2376694, 42.789448 ], [ -72.2373324, 42.7893622 ], [ -72.237266, 42.7881164 ], [ -72.2364674, 42.7880665 ], [ -72.2363771, 42.7879737 ], [ -72.236235, 42.7879581 ], [ -72.2361149, 42.7878655 ], [ -72.2360908, 42.7877285 ], [ -72.2361782, 42.7875577 ], [ -72.2362741, 42.7874473 ], [ -72.2366305, 42.7873134 ], [ -72.2366181, 42.7868797 ], [ -72.2363459, 42.7865521 ], [ -72.23613, 42.7864161 ], [ -72.2362682, 42.7861444 ], [ -72.2364512, 42.7855417 ], [ -72.2365179, 42.7850446 ], [ -72.2398684, 42.7854707 ], [ -72.2404984, 42.7831446 ], [ -72.2378312, 42.7827274 ], [ -72.2373684, 42.7814182 ], [ -72.2369223, 42.7814155 ], [ -72.2370003, 42.7811854 ], [ -72.2370919, 42.7810709 ], [ -72.2375039, 42.7799494 ], [ -72.237611, 42.7795985 ], [ -72.2376261, 42.7790568 ], [ -72.2375383, 42.7788274 ], [ -72.2366455, 42.7781946 ], [ -72.2366203, 42.7779367 ], [ -72.2355633, 42.7768013 ], [ -72.2354369, 42.7768296 ], [ -72.2351193, 42.7764582 ], [ -72.2348991, 42.7761082 ], [ -72.2368544, 42.7762443 ], [ -72.2367372, 42.775751 ], [ -72.2386688, 42.7757939 ], [ -72.2388985, 42.775002 ], [ -72.2388739, 42.7748155 ], [ -72.2387807, 42.7727131 ], [ -72.2386424, 42.7695905 ], [ -72.2400684, 42.7697519 ], [ -72.2413576, 42.7696615 ], [ -72.240938, 42.7693494 ], [ -72.2403988, 42.7657957 ], [ -72.2401527, 42.7641732 ], [ -72.2401377, 42.7625443 ], [ -72.239553, 42.7625139 ], [ -72.2391455, 42.7614349 ], [ -72.2375964, 42.7615873 ], [ -72.2376054, 42.7636789 ], [ -72.2377714, 42.7644684 ], [ -72.2344896, 42.7643623 ], [ -72.2343494, 42.7631774 ], [ -72.2330958, 42.763115 ], [ -72.2327586, 42.7620205 ], [ -72.2324002, 42.7605905 ], [ -72.2317847, 42.76058 ], [ -72.2317471, 42.7605363 ], [ -72.2317009, 42.7604158 ], [ -72.2316688, 42.7602184 ], [ -72.2316159, 42.7594666 ], [ -72.2337638, 42.7595522 ], [ -72.2335816, 42.7586035 ], [ -72.2326055, 42.7579892 ], [ -72.2326322, 42.7583623 ], [ -72.2303618, 42.7586782 ], [ -72.2302055, 42.7586901 ], [ -72.2300332, 42.7586253 ], [ -72.2298842, 42.7586153 ], [ -72.2296245, 42.7593964 ], [ -72.2301021, 42.7594539 ], [ -72.2301875, 42.7597334 ], [ -72.2306425, 42.759758 ], [ -72.231242, 42.7613519 ], [ -72.2316436, 42.761289 ], [ -72.2323426, 42.7630635 ], [ -72.2258624, 42.7628265 ], [ -72.2267556, 42.7689417 ], [ -72.2273975, 42.7720569 ], [ -72.2278361, 42.77452 ], [ -72.2256427, 42.7744769 ], [ -72.2257341, 42.7761462 ], [ -72.2259769, 42.7774627 ], [ -72.2261249, 42.7784229 ], [ -72.2247389, 42.7785052 ], [ -72.221641, 42.7783427 ], [ -72.2216609, 42.7781668 ], [ -72.2192573, 42.7780428 ], [ -72.2155906, 42.777975 ], [ -72.2162267, 42.7807788 ], [ -72.2155762, 42.7807531 ], [ -72.2133504, 42.7806413 ], [ -72.2137195, 42.7821141 ], [ -72.2142844, 42.7835221 ], [ -72.2148907, 42.7851297 ], [ -72.2155471, 42.7867929 ], [ -72.2161107, 42.7876932 ], [ -72.2163287, 42.7881401 ], [ -72.2166598, 42.788807 ], [ -72.2166904, 42.7890512 ], [ -72.2167055, 42.7896005 ], [ -72.2165835, 42.7904931 ], [ -72.2164729, 42.790781 ], [ -72.2158449, 42.7921228 ], [ -72.2158643, 42.7925289 ], [ -72.2132867, 42.7927969 ], [ -72.2132921, 42.7926212 ], [ -72.2133414, 42.7923519 ], [ -72.2134459, 42.7922198 ], [ -72.2132035, 42.7890583 ], [ -72.2139452, 42.7890979 ], [ -72.2165294, 42.7889629 ], [ -72.2158299, 42.7876785 ], [ -72.2153831, 42.7869888 ], [ -72.2151854, 42.7866029 ], [ -72.2149329, 42.7860672 ], [ -72.2133914, 42.7816912 ], [ -72.2132002, 42.7806531 ], [ -72.2098854, 42.7805289 ], [ -72.2080531, 42.7804363 ], [ -72.2065304, 42.7803594 ], [ -72.2064106, 42.781855 ], [ -72.2063716, 42.7829863 ], [ -72.2062858, 42.7841528 ], [ -72.2063626, 42.7864972 ], [ -72.2062509, 42.7878131 ], [ -72.2061302, 42.787879 ], [ -72.204304, 42.7879618 ], [ -72.2043555, 42.7884907 ], [ -72.2041119, 42.7885237 ], [ -72.2042323, 42.788994 ], [ -72.2044201, 42.7894491 ], [ -72.2044603, 42.7902782 ], [ -72.2045612, 42.7912226 ], [ -72.1958601, 42.7912691 ], [ -72.196785, 42.7950666 ], [ -72.1974352, 42.7982609 ], [ -72.1974815, 42.7984885 ], [ -72.1982632, 42.801954 ], [ -72.1991436, 42.8050972 ], [ -72.1995314, 42.8064986 ], [ -72.2001208, 42.8065116 ], [ -72.1995152, 42.8091723 ], [ -72.1970846, 42.808632 ], [ -72.1969804, 42.8086491 ], [ -72.1970754, 42.8098508 ], [ -72.195992, 42.8117731 ], [ -72.197363, 42.8129729 ], [ -72.1977137, 42.8129599 ], [ -72.2009083, 42.8123922 ], [ -72.2006547, 42.8110211 ], [ -72.2040045, 42.811018 ], [ -72.2093649, 42.8112772 ], [ -72.2098824, 42.8101597 ], [ -72.2100571, 42.8090936 ], [ -72.2114252, 42.8093544 ], [ -72.211689, 42.8088972 ], [ -72.2128513, 42.8086259 ], [ -72.2130018, 42.8080688 ], [ -72.2133209, 42.8076059 ], [ -72.2133805, 42.8074801 ], [ -72.2130744, 42.8073628 ], [ -72.2128493, 42.8065571 ], [ -72.2109504, 42.8007821 ], [ -72.2106163, 42.7996038 ], [ -72.2105757, 42.7992691 ], [ -72.2116719, 42.7992461 ], [ -72.2126208, 42.8000694 ], [ -72.2144162, 42.8005253 ], [ -72.2146884, 42.8015064 ] ] ], [ [ [ -72.220141, 42.811454 ], [ -72.22091, 42.811483 ], [ -72.2202478, 42.8063349 ], [ -72.2196388, 42.8065194 ], [ -72.218629, 42.806766 ], [ -72.218199, 42.80682 ], [ -72.218308, 42.807666 ], [ -72.218175, 42.807722 ], [ -72.217906, 42.807707 ], [ -72.217983, 42.807948 ], [ -72.218563, 42.807747 ], [ -72.219168, 42.808485 ], [ -72.220141, 42.811454 ] ] ] ] } },
{ "type": "Feature", "properties": { "osm_type": "relation", "id": 13026487, "boundary": null, "state": "New Hampshire", "name": "Wellington State Park", "wikipedia": null, "leisure": "park" }, "geometry": { "type": "MultiPolygon", "coordinates": [ [ [ [ -71.7862355, 43.6427302 ], [ -71.7877739, 43.641499 ], [ -71.7883834, 43.6445122 ], [ -71.791, 43.6423116 ], [ -71.7906133, 43.6415843 ], [ -71.7905685, 43.6415137 ], [ -71.7900444, 43.6412747 ], [ -71.7896054, 43.640545 ], [ -71.7895891, 43.6398271 ], [ -71.7896516, 43.6396898 ], [ -71.7874396, 43.635484 ], [ -71.7864246, 43.6335825 ], [ -71.7850943, 43.6346393 ], [ -71.7840721, 43.6354847 ], [ -71.7830455, 43.6361797 ], [ -71.7822886, 43.6368524 ], [ -71.7813427, 43.6377667 ], [ -71.7803891, 43.6384455 ], [ -71.780162, 43.6379742 ], [ -71.7796996, 43.6371494 ], [ -71.7794558, 43.6369094 ], [ -71.7794072, 43.6368911 ], [ -71.7783528, 43.6372856 ], [ -71.7781503, 43.6373267 ], [ -71.7778945, 43.6374149 ], [ -71.7784353, 43.6382193 ], [ -71.7787459, 43.6387998 ], [ -71.7789527, 43.6390763 ], [ -71.7791129, 43.6392335 ], [ -71.7794252, 43.6394943 ], [ -71.7798016, 43.6397666 ], [ -71.7800898, 43.6399984 ], [ -71.7803219, 43.6401142 ], [ -71.7805667, 43.6402062 ], [ -71.7815271, 43.640456 ], [ -71.7817641, 43.6405554 ], [ -71.7825907, 43.6409805 ], [ -71.7828335, 43.6408374 ], [ -71.783053, 43.6406108 ], [ -71.7833225, 43.6404109 ], [ -71.7842876, 43.6409495 ], [ -71.7848682, 43.6413161 ], [ -71.7852983, 43.6409718 ], [ -71.7862355, 43.6427302 ] ] ], [ [ [ -71.7749107, 43.6446069 ], [ -71.7750751, 43.6448355 ], [ -71.775387, 43.645605 ], [ -71.7756584, 43.64596 ], [ -71.7757756, 43.6461983 ], [ -71.7758807, 43.6464864 ], [ -71.775998, 43.646662 ], [ -71.776013, 43.646878 ], [ -71.775892, 43.647065 ], [ -71.775711, 43.647443 ], [ -71.77568, 43.647827 ], [ -71.775778, 43.648301 ], [ -71.7760527, 43.6485598 ], [ -71.776382, 43.648791 ], [ -71.776563, 43.648791 ], [ -71.7768092, 43.648805 ], [ -71.7771544, 43.6487399 ], [ -71.7774809, 43.6485728 ], [ -71.7779078, 43.6482589 ], [ -71.778283, 43.6478077 ], [ -71.7786192, 43.647438 ], [ -71.7788229, 43.6472531 ], [ -71.7790623, 43.6471617 ], [ -71.7791493, 43.6469259 ], [ -71.779182, 43.6467715 ], [ -71.7792378, 43.6466878 ], [ -71.7793129, 43.6466616 ], [ -71.7793022, 43.6465639 ], [ -71.7792338, 43.6463676 ], [ -71.7791331, 43.6462698 ], [ -71.7787651, 43.6459762 ], [ -71.7786773, 43.6459318 ], [ -71.7784318, 43.6459066 ], [ -71.7785091, 43.645772 ], [ -71.7785058, 43.6456847 ], [ -71.7784686, 43.6456302 ], [ -71.7783845, 43.6456027 ], [ -71.7783201, 43.6456676 ], [ -71.7781806, 43.6456836 ], [ -71.7780792, 43.6455904 ], [ -71.777947, 43.645543 ], [ -71.777849, 43.645469 ], [ -71.777457, 43.645033 ], [ -71.776928, 43.644771 ], [ -71.776785, 43.644631 ], [ -71.776709, 43.644502 ], [ -71.776671, 43.644386 ], [ -71.776702, 43.643899 ], [ -71.776748, 43.6437933 ], [ -71.7769552, 43.6435521 ], [ -71.7774037, 43.6438567 ], [ -71.7777052, 43.6436551 ], [ -71.778482, 43.6431577 ], [ -71.7798541, 43.6424495 ], [ -71.7813361, 43.6417506 ], [ -71.7813438, 43.641549 ], [ -71.7813718, 43.6413971 ], [ -71.7814925, 43.6413706 ], [ -71.781857, 43.6413493 ], [ -71.7821896, 43.6413376 ], [ -71.7824681, 43.6413587 ], [ -71.782667, 43.6414072 ], [ -71.7827726, 43.6414502 ], [ -71.782894, 43.6413042 ], [ -71.7825216, 43.6411018 ], [ -71.7814832, 43.6406149 ], [ -71.7808156, 43.6404529 ], [ -71.7804329, 43.6403515 ], [ -71.7801729, 43.6402688 ], [ -71.779906, 43.6401256 ], [ -71.7791251, 43.6395256 ], [ -71.7787981, 43.639266 ], [ -71.7786572, 43.6390779 ], [ -71.778502, 43.6388516 ], [ -71.778167, 43.6382698 ], [ -71.7777032, 43.6375382 ], [ -71.7733344, 43.6393102 ], [ -71.7738112, 43.639346 ], [ -71.7741875, 43.6394209 ], [ -71.7745918, 43.6397105 ], [ -71.7746808, 43.6398993 ], [ -71.7746961, 43.6400179 ], [ -71.7746436, 43.6404986 ], [ -71.7746576, 43.6409522 ], [ -71.7745331, 43.6411572 ], [ -71.7744207, 43.6413834 ], [ -71.7742863, 43.6415266 ], [ -71.7741686, 43.6416522 ], [ -71.774082, 43.6418335 ], [ -71.7741648, 43.6419846 ], [ -71.7741477, 43.6421282 ], [ -71.7740957, 43.6422274 ], [ -71.7741742, 43.642374 ], [ -71.7741795, 43.6424804 ], [ -71.7742449, 43.6427729 ], [ -71.7741786, 43.6428213 ], [ -71.7741674, 43.6428677 ], [ -71.7742127, 43.643034 ], [ -71.774241, 43.643294 ], [ -71.774104, 43.643566 ], [ -71.7742172, 43.6436887 ], [ -71.7744501, 43.6436716 ], [ -71.774666, 43.6437046 ], [ -71.7747907, 43.6438385 ], [ -71.7748538, 43.6439601 ], [ -71.7748852, 43.6440277 ], [ -71.774831, 43.6442549 ], [ -71.7747679, 43.6442646 ], [ -71.7747328, 43.6443226 ], [ -71.7747382, 43.6444101 ], [ -71.7748952, 43.6445853 ], [ -71.7749107, 43.6446069 ] ] ], [ [ [ -71.78139, 43.649322 ], [ -71.781541, 43.649174 ], [ -71.781602, 43.648943 ], [ -71.781541, 43.64849 ], [ -71.781345, 43.648328 ], [ -71.781194, 43.648161 ], [ -71.781066, 43.647835 ], [ -71.78096, 43.647712 ], [ -71.780364, 43.647434 ], [ -71.780107, 43.647264 ], [ -71.779692, 43.647036 ], [ -71.779586, 43.647074 ], [ -71.779571, 43.647498 ], [ -71.779525, 43.647728 ], [ -71.779547, 43.647976 ], [ -71.779653, 43.64809 ], [ -71.779857, 43.648193 ], [ -71.780114, 43.648448 ], [ -71.780348, 43.64928 ], [ -71.780468, 43.649362 ], [ -71.78071, 43.649397 ], [ -71.781081, 43.649316 ], [ -71.781285, 43.649338 ], [ -71.78139, 43.649322 ] ] ], [ [ [ -71.779085, 43.650517 ], [ -71.779176, 43.650429 ], [ -71.779176, 43.650371 ], [ -71.778399, 43.649705 ], [ -71.778285, 43.649663 ], [ -71.778172, 43.64967 ], [ -71.778021, 43.649737 ], [ -71.777983, 43.649882 ], [ -71.778035, 43.650236 ], [ -71.778156, 43.650648 ], [ -71.778209, 43.650687 ], [ -71.778428, 43.650663 ], [ -71.778511, 43.650702 ], [ -71.778624, 43.650839 ], [ -71.778692, 43.650873 ], [ -71.779032, 43.650716 ], [ -71.779018, 43.650577 ], [ -71.779085, 43.650517 ] ] ] ] } },
{ "type": "Feature", "properties": { "osm_type": "relation", "id": 15854960, "boundary": "protected_area", "state": "New Hampshire", "name": "Odiorne Point State Park", "wikipedia": null, "leisure": "park" }, "geometry": { "type": "MultiPolygon", "coordinates": [ [ [ [ -70.722595, 43.033858 ], [ -70.722362, 43.03365 ], [ -70.722177, 43.033783 ], [ -70.722153, 43.033882 ], [ -70.721848, 43.034043 ], [ -70.721728, 43.03401 ], [ -70.72125, 43.03421 ], [ -70.721374, 43.034435 ], [ -70.721141, 43.034513 ], [ -70.720998, 43.034327 ], [ -70.720163, 43.034654 ], [ -70.720141, 43.034814 ], [ -70.719822, 43.035123 ], [ -70.719681, 43.035091 ], [ -70.719544, 43.035234 ], [ -70.719681, 43.035322 ], [ -70.719153, 43.035857 ], [ -70.719416, 43.035993 ], [ -70.719177, 43.036208 ], [ -70.720576, 43.036933 ], [ -70.720283, 43.037297 ], [ -70.720341, 43.037401 ], [ -70.720283, 43.037544 ], [ -70.719956, 43.037892 ], [ -70.718943, 43.037369 ], [ -70.718779, 43.037529 ], [ -70.718479, 43.037349 ], [ -70.717963, 43.037824 ], [ -70.717726, 43.037698 ], [ -70.717077, 43.0383 ], [ -70.716897, 43.038295 ], [ -70.716446, 43.039665 ], [ -70.718849, 43.03982 ], [ -70.719138, 43.04054 ], [ -70.718907, 43.040566 ], [ -70.718556, 43.040795 ], [ -70.718205, 43.041039 ], [ -70.718037, 43.041322 ], [ -70.718022, 43.041405 ], [ -70.718022, 43.041573 ], [ -70.718052, 43.041756 ], [ -70.718144, 43.041909 ], [ -70.718327, 43.041985 ], [ -70.718342, 43.042161 ], [ -70.718159, 43.042153 ], [ -70.717625, 43.042367 ], [ -70.717412, 43.042344 ], [ -70.717229, 43.042329 ], [ -70.716969, 43.042298 ], [ -70.716648, 43.042382 ], [ -70.716465, 43.042367 ], [ -70.7162295, 43.0423531 ], [ -70.7162241, 43.042409 ], [ -70.71621, 43.0425247 ], [ -70.7161899, 43.0426815 ], [ -70.7161778, 43.0427962 ], [ -70.7161953, 43.0428912 ], [ -70.716206, 43.043002 ], [ -70.7162114, 43.0431127 ], [ -70.7162154, 43.0431774 ], [ -70.7162824, 43.0433019 ], [ -70.7163079, 43.0433921 ], [ -70.7164112, 43.0435842 ], [ -70.7165909, 43.0438204 ], [ -70.7166553, 43.0439037 ], [ -70.7167424, 43.0440076 ], [ -70.7169718, 43.0442428 ], [ -70.7171863, 43.0444536 ], [ -70.7174425, 43.0446878 ], [ -70.7177214, 43.0449034 ], [ -70.7178971, 43.0450338 ], [ -70.7179923, 43.0451122 ], [ -70.7182351, 43.0452974 ], [ -70.7184416, 43.0454327 ], [ -70.7186052, 43.0455091 ], [ -70.7187554, 43.0455875 ], [ -70.7189848, 43.045646 ], [ -70.7192623, 43.0456973 ], [ -70.719746, 43.045129 ], [ -70.719853, 43.045159 ], [ -70.720753, 43.045533 ], [ -70.720175, 43.046287 ], [ -70.720195, 43.046304 ], [ -70.720286, 43.046392 ], [ -70.720369, 43.046483 ], [ -70.7204336, 43.0465829 ], [ -70.720585, 43.04678 ], [ -70.720708, 43.046989 ], [ -70.720897, 43.047288 ], [ -70.721037, 43.047482 ], [ -70.721107, 43.047567 ], [ -70.721115, 43.047577 ], [ -70.721295, 43.047763 ], [ -70.721501, 43.047943 ], [ -70.721531, 43.047965 ], [ -70.72155, 43.04795 ], [ -70.722234, 43.047395 ], [ -70.722325, 43.047433 ], [ -70.722539, 43.047616 ], [ -70.72263, 43.047593 ], [ -70.722676, 43.047349 ], [ -70.722904, 43.047265 ], [ -70.722935, 43.047105 ], [ -70.722996, 43.047089 ], [ -70.723194, 43.047257 ], [ -70.7238007, 43.047288 ], [ -70.7238044, 43.0472385 ], [ -70.7238124, 43.0471323 ], [ -70.7238473, 43.0470483 ], [ -70.7239267, 43.0470124 ], [ -70.7240674, 43.0469996 ], [ -70.7241307, 43.0469684 ], [ -70.7242073, 43.0469215 ], [ -70.7241988, 43.0468683 ], [ -70.7241482, 43.0468242 ], [ -70.7239, 43.0467661 ], [ -70.7237215, 43.0466748 ], [ -70.7236166, 43.0466493 ], [ -70.7234716, 43.0465494 ], [ -70.7234063, 43.046519 ], [ -70.7233659, 43.0464453 ], [ -70.7233657, 43.0463746 ], [ -70.7233918, 43.0463062 ], [ -70.7234221, 43.0462481 ], [ -70.7235678, 43.046209 ], [ -70.7236587, 43.0461629 ], [ -70.7237165, 43.0461039 ], [ -70.7237142, 43.0460572 ], [ -70.7236372, 43.0459981 ], [ -70.7235971, 43.0459003 ], [ -70.7236276, 43.0458344 ], [ -70.7236275, 43.0458025 ], [ -70.7235781, 43.0457585 ], [ -70.7235661, 43.0457479 ], [ -70.7235226, 43.0457094 ], [ -70.7235149, 43.0456061 ], [ -70.72263, 43.045434 ], [ -70.7220525, 43.0453386 ], [ -70.722133, 43.045221 ], [ -70.7223574, 43.0450456 ], [ -70.722375, 43.0449503 ], [ -70.7224004, 43.0448128 ], [ -70.722489, 43.0446467 ], [ -70.7225467, 43.0444702 ], [ -70.7224844, 43.0442331 ], [ -70.7223174, 43.044037 ], [ -70.7224059, 43.0436312 ], [ -70.7226097, 43.0433019 ], [ -70.7220948, 43.0429569 ], [ -70.7219028, 43.0429021 ], [ -70.7216378, 43.0430071 ], [ -70.72141, 43.042657 ], [ -70.721425, 43.042619 ], [ -70.72144, 43.042504 ], [ -70.721394, 43.042367 ], [ -70.7213927, 43.0422912 ], [ -70.7214329, 43.0422213 ], [ -70.7214156, 43.0420241 ], [ -70.7214291, 43.0419757 ], [ -70.7214413, 43.041932 ], [ -70.7214787, 43.0418688 ], [ -70.7214764, 43.0418159 ], [ -70.7214507, 43.0417442 ], [ -70.7214019, 43.0417053 ], [ -70.7213736, 43.0416828 ], [ -70.7212709, 43.0416333 ], [ -70.721196, 43.041352 ], [ -70.722264, 43.040578 ], [ -70.723884, 43.040443 ], [ -70.724155, 43.040535 ], [ -70.725051, 43.040311 ], [ -70.725431, 43.040205 ], [ -70.726313, 43.040041 ], [ -70.726948, 43.039988 ], [ -70.727129, 43.040031 ], [ -70.727299, 43.039574 ], [ -70.727366, 43.039305 ], [ -70.727401, 43.038997 ], [ -70.727419, 43.038805 ], [ -70.727464, 43.038513 ], [ -70.727572, 43.038298 ], [ -70.727863, 43.03789 ], [ -70.724402, 43.036713 ], [ -70.726647, 43.033989 ], [ -70.726535, 43.033924 ], [ -70.726857, 43.033677 ], [ -70.726948, 43.033616 ], [ -70.727223, 43.033471 ], [ -70.727371, 43.033364 ], [ -70.727157, 43.033195 ], [ -70.72738, 43.032997 ], [ -70.7270282, 43.0328041 ], [ -70.726609, 43.0330665 ], [ -70.7262093, 43.0327646 ], [ -70.7265607, 43.0325489 ], [ -70.7261422, 43.0322235 ], [ -70.7257076, 43.0325147 ], [ -70.725122, 43.0320828 ], [ -70.724558, 43.032393 ], [ -70.724695, 43.032525 ], [ -70.7244337, 43.0326293 ], [ -70.7245061, 43.0327195 ], [ -70.7240462, 43.032936 ], [ -70.7237502, 43.0328579 ], [ -70.723666, 43.033013 ], [ -70.72363, 43.033156 ], [ -70.7234, 43.0333 ], [ -70.723226, 43.033152 ], [ -70.722996, 43.033307 ], [ -70.723199, 43.033482 ], [ -70.722595, 43.033858 ] ] ], [ [ [ -70.7277882, 43.0486085 ], [ -70.7277737, 43.0485412 ], [ -70.7277245, 43.0485106 ], [ -70.7277041, 43.048498 ], [ -70.7276158, 43.048418 ], [ -70.7276023, 43.0482954 ], [ -70.727571, 43.048248 ], [ -70.7275548, 43.0482168 ], [ -70.727588, 43.0481495 ], [ -70.7275658, 43.0480725 ], [ -70.7275256, 43.0480742 ], [ -70.727458, 43.0481021 ], [ -70.726674, 43.048661 ], [ -70.7261912, 43.0489509 ], [ -70.7259356, 43.0490655 ], [ -70.7256694, 43.0491722 ], [ -70.7253353, 43.0492547 ], [ -70.7251058, 43.04927 ], [ -70.7248463, 43.0492544 ], [ -70.7245501, 43.049212 ], [ -70.7242047, 43.0491533 ], [ -70.7239457, 43.0491102 ], [ -70.7237221, 43.049036 ], [ -70.7233168, 43.0488722 ], [ -70.7230838, 43.0487778 ], [ -70.7228633, 43.0487078 ], [ -70.7227186, 43.0486636 ], [ -70.7226161, 43.0486344 ], [ -70.7222224, 43.0484715 ], [ -70.7217424, 43.0481973 ], [ -70.7217267, 43.0481861 ], [ -70.7215452, 43.0480575 ], [ -70.7214429, 43.0479797 ], [ -70.7213512, 43.0478924 ], [ -70.7211943, 43.0477307 ], [ -70.7210675, 43.0476001 ], [ -70.7209873, 43.047509 ], [ -70.7208141, 43.0472566 ], [ -70.7205964, 43.0468976 ], [ -70.7203344, 43.0465552 ], [ -70.7199332, 43.0461851 ], [ -70.719627, 43.0460092 ], [ -70.719365, 43.0459063 ], [ -70.719082, 43.0458003 ], [ -70.7187563, 43.0456924 ], [ -70.7185448, 43.0455984 ], [ -70.7181356, 43.0453211 ], [ -70.7178401, 43.0450943 ], [ -70.7174438, 43.0448088 ], [ -70.7172373, 43.0446437 ], [ -70.7171313, 43.0445354 ], [ -70.7168698, 43.0443163 ], [ -70.7167176, 43.0441267 ], [ -70.7166043, 43.0440248 ], [ -70.7164903, 43.0438523 ], [ -70.7163193, 43.0436111 ], [ -70.7162435, 43.0434769 ], [ -70.7161772, 43.0433436 ], [ -70.7161537, 43.0432666 ], [ -70.7161383, 43.0431642 ], [ -70.716088, 43.043026 ], [ -70.7160953, 43.0429378 ], [ -70.7161047, 43.0428153 ], [ -70.7161248, 43.0425722 ], [ -70.7161349, 43.0424948 ], [ -70.7161396, 43.0424164 ], [ -70.7161262, 43.0423659 ], [ -70.7161202, 43.0422929 ], [ -70.7161188, 43.042211 ], [ -70.7160907, 43.0421453 ], [ -70.7160839, 43.0420895 ], [ -70.7159834, 43.0418984 ], [ -70.7157058, 43.0413749 ], [ -70.715581, 43.041398 ], [ -70.715287, 43.041441 ], [ -70.71529, 43.041467 ], [ -70.715214, 43.041612 ], [ -70.7150327, 43.0418523 ], [ -70.7145889, 43.0421898 ], [ -70.7143468, 43.042323 ], [ -70.7140299, 43.042256 ], [ -70.7138523, 43.042214 ], [ -70.7133852, 43.042088 ], [ -70.7131093, 43.042075 ], [ -70.7126442, 43.0421847 ], [ -70.712398, 43.0422547 ], [ -70.7121635, 43.042349 ], [ -70.7117943, 43.042507 ], [ -70.7118232, 43.0428519 ], [ -70.712003, 43.043153 ], [ -70.712101, 43.043481 ], [ -70.7121249, 43.043606 ], [ -70.712269, 43.043824 ], [ -70.712376, 43.043969 ], [ -70.712564, 43.044173 ], [ -70.7130178, 43.0446957 ], [ -70.7130711, 43.044988 ], [ -70.7130475, 43.045344 ], [ -70.7131877, 43.0456283 ], [ -70.7132228, 43.045705 ], [ -70.7132582, 43.0458297 ], [ -70.7134213, 43.045989 ], [ -70.7135587, 43.0461701 ], [ -70.7138438, 43.0462321 ], [ -70.714129, 43.0462321 ], [ -70.7146568, 43.0460768 ], [ -70.7149968, 43.0460992 ], [ -70.7154006, 43.0461198 ], [ -70.715671, 43.0461789 ], [ -70.7159702, 43.046338 ], [ -70.7161267, 43.0464806 ], [ -70.7162865, 43.0466403 ], [ -70.7165356, 43.0468514 ], [ -70.7166816, 43.0470263 ], [ -70.7167822, 43.0470999 ], [ -70.7169794, 43.0471619 ], [ -70.7170933, 43.0471941 ], [ -70.717203, 43.0472306 ], [ -70.7173197, 43.0472483 ], [ -70.7174773, 43.0472733 ], [ -70.7175987, 43.0473794 ], [ -70.7176607, 43.0474628 ], [ -70.7177252, 43.0476113 ], [ -70.7178182, 43.047864 ], [ -70.7178636, 43.0480505 ], [ -70.7178757, 43.0483038 ], [ -70.7178516, 43.0484361 ], [ -70.7177594, 43.048606 ], [ -70.7176947, 43.048708 ], [ -70.7175972, 43.0488868 ], [ -70.7175598, 43.0491682 ], [ -70.7175827, 43.0493153 ], [ -70.7177111, 43.0494983 ], [ -70.7177375, 43.0496038 ], [ -70.717751, 43.0496773 ], [ -70.7177794, 43.0497687 ], [ -70.7177559, 43.0499656 ], [ -70.717464, 43.0500902 ], [ -70.7173162, 43.0501335 ], [ -70.7172219, 43.0501871 ], [ -70.7171236, 43.0502422 ], [ -70.7170644, 43.0503294 ], [ -70.7170725, 43.0503946 ], [ -70.7171171, 43.0504806 ], [ -70.7173013, 43.0504672 ], [ -70.717361, 43.050471 ], [ -70.7174713, 43.0505108 ], [ -70.7175699, 43.05059 ], [ -70.7177242, 43.0506935 ], [ -70.7177898, 43.0507857 ], [ -70.7178032, 43.0508499 ], [ -70.717759, 43.0509891 ], [ -70.717775, 43.0510458 ], [ -70.7176364, 43.0512699 ], [ -70.7175194, 43.0513939 ], [ -70.7175368, 43.0514223 ], [ -70.7176284, 43.0513988 ], [ -70.7177619, 43.0513518 ], [ -70.7180272, 43.0512346 ], [ -70.7181613, 43.0512351 ], [ -70.7182961, 43.0512616 ], [ -70.7183527, 43.0513016 ], [ -70.7184179, 43.0514443 ], [ -70.7185227, 43.0515688 ], [ -70.7186016, 43.0517078 ], [ -70.7186667, 43.0518121 ], [ -70.7186831, 43.0519466 ], [ -70.7187076, 43.0520457 ], [ -70.7187011, 43.052188 ], [ -70.718687, 43.0522469 ], [ -70.7186082, 43.0523469 ], [ -70.7185681, 43.0524205 ], [ -70.7185094, 43.0524889 ], [ -70.7185124, 43.0526233 ], [ -70.7185149, 43.0527187 ], [ -70.7185857, 43.0527645 ], [ -70.7185909, 43.0527965 ], [ -70.7185124, 43.0529428 ], [ -70.7184994, 43.0530115 ], [ -70.7184522, 43.0530736 ], [ -70.7184454, 43.0530963 ], [ -70.7184776, 43.0531009 ], [ -70.7185372, 43.0530816 ], [ -70.718575, 43.0530677 ], [ -70.718624, 43.053155 ], [ -70.7186794, 43.0531948 ], [ -70.7187101, 43.0532107 ], [ -70.7187404, 43.0532263 ], [ -70.7188308, 43.0532731 ], [ -70.7188845, 43.0532845 ], [ -70.7189222, 43.0532842 ], [ -70.7189729, 43.0533018 ], [ -70.7190002, 43.0533152 ], [ -70.7190418, 43.0533382 ], [ -70.7191019, 43.0533521 ], [ -70.7191632, 43.0533266 ], [ -70.7192798, 43.0532739 ], [ -70.7194421, 43.0531749 ], [ -70.7195936, 43.0531416 ], [ -70.7196392, 43.0531446 ], [ -70.7198377, 43.0530956 ], [ -70.7199249, 43.0530701 ], [ -70.7200979, 43.0529349 ], [ -70.7203031, 43.0528359 ], [ -70.7204305, 43.0527389 ], [ -70.7205029, 43.0526918 ], [ -70.7205673, 43.0526379 ], [ -70.7207148, 43.0525723 ], [ -70.7207765, 43.0525223 ], [ -70.7209991, 43.0524409 ], [ -70.7211734, 43.0523557 ], [ -70.7214151, 43.052207 ], [ -70.721509, 43.0521493 ], [ -70.7217547, 43.0519363 ], [ -70.7218749, 43.0519149 ], [ -70.7219624, 43.0518535 ], [ -70.7221784, 43.0517932 ], [ -70.7222938, 43.0517898 ], [ -70.7225487, 43.0517442 ], [ -70.7227511, 43.0517564 ], [ -70.7228982, 43.051766 ], [ -70.7231419, 43.0518555 ], [ -70.7233936, 43.0519617 ], [ -70.7235257, 43.0518922 ], [ -70.7236625, 43.0518441 ], [ -70.7238986, 43.0518412 ], [ -70.7240622, 43.0517452 ], [ -70.7242003, 43.0517148 ], [ -70.7243009, 43.0517295 ], [ -70.7245275, 43.0515913 ], [ -70.7247287, 43.0515462 ], [ -70.7248682, 43.0515874 ], [ -70.7249916, 43.0515011 ], [ -70.72519, 43.0514404 ], [ -70.725477, 43.0512718 ], [ -70.7256675, 43.0512424 ], [ -70.7257774, 43.0511464 ], [ -70.7259678, 43.0510412 ], [ -70.7264185, 43.0509778 ], [ -70.7265231, 43.0509935 ], [ -70.726676, 43.0509386 ], [ -70.7268852, 43.0509141 ], [ -70.7271843, 43.0508279 ], [ -70.7273321, 43.0507726 ], [ -70.7275356, 43.0506965 ], [ -70.7278321, 43.0506189 ], [ -70.727942, 43.0505988 ], [ -70.728092, 43.0505663 ], [ -70.7282662, 43.0505331 ], [ -70.7286385, 43.0504892 ], [ -70.7288022, 43.0504406 ], [ -70.7288468, 43.0503869 ], [ -70.7288749, 43.0502836 ], [ -70.7288975, 43.0501572 ], [ -70.7289331, 43.0499116 ], [ -70.7290964, 43.0497287 ], [ -70.7291554, 43.0496634 ], [ -70.7292129, 43.0496105 ], [ -70.7293555, 43.0495136 ], [ -70.729345, 43.0494579 ], [ -70.7293689, 43.0493893 ], [ -70.7293823, 43.049328 ], [ -70.7293804, 43.049269 ], [ -70.7293787, 43.0491691 ], [ -70.7293369, 43.0490849 ], [ -70.7292458, 43.0490147 ], [ -70.7291065, 43.0489676 ], [ -70.7289852, 43.0489328 ], [ -70.7287861, 43.0489111 ], [ -70.7286783, 43.048886 ], [ -70.7285964, 43.0488615 ], [ -70.7284591, 43.0488 ], [ -70.7284326, 43.0488044 ], [ -70.728427, 43.0488291 ], [ -70.7284719, 43.048855 ], [ -70.7284913, 43.0488949 ], [ -70.7285211, 43.0489273 ], [ -70.7285852, 43.048975 ], [ -70.7286373, 43.0489921 ], [ -70.7286549, 43.0490142 ], [ -70.7286509, 43.0490362 ], [ -70.7285754, 43.0490598 ], [ -70.7285045, 43.0490811 ], [ -70.7284508, 43.0491273 ], [ -70.728411, 43.0491746 ], [ -70.7284101, 43.0492402 ], [ -70.7284302, 43.0492523 ], [ -70.7284194, 43.0493001 ], [ -70.7284369, 43.0493358 ], [ -70.7284235, 43.0493539 ], [ -70.7284677, 43.0495117 ], [ -70.7284187, 43.0495404 ], [ -70.7284382, 43.0495609 ], [ -70.728437, 43.0496049 ], [ -70.7284117, 43.0496445 ], [ -70.7283582, 43.0496541 ], [ -70.7283075, 43.049682 ], [ -70.7283482, 43.0497257 ], [ -70.7283574, 43.0497672 ], [ -70.7283993, 43.0498224 ], [ -70.7283987, 43.049839 ], [ -70.7283899, 43.0498518 ], [ -70.7283744, 43.0498439 ], [ -70.728362, 43.0498285 ], [ -70.7283427, 43.0497966 ], [ -70.7283336, 43.0497674 ], [ -70.7283245, 43.0497289 ], [ -70.7282941, 43.0497173 ], [ -70.728257, 43.0496992 ], [ -70.7281874, 43.0496871 ], [ -70.7281806, 43.0496795 ], [ -70.7281862, 43.0496686 ], [ -70.7282912, 43.0496464 ], [ -70.7283439, 43.0496285 ], [ -70.7283832, 43.0495989 ], [ -70.7283778, 43.0495529 ], [ -70.7283604, 43.0495195 ], [ -70.7283215, 43.0494931 ], [ -70.7282746, 43.0494568 ], [ -70.728238, 43.0494378 ], [ -70.7282174, 43.0494149 ], [ -70.72823, 43.0493925 ], [ -70.7282444, 43.0493714 ], [ -70.728276, 43.0493565 ], [ -70.7283122, 43.0493249 ], [ -70.7282826, 43.0492393 ], [ -70.7283075, 43.0490685 ], [ -70.728317, 43.0490069 ], [ -70.7282804, 43.0489616 ], [ -70.7282577, 43.0489062 ], [ -70.7281853, 43.048863 ], [ -70.7281236, 43.0488457 ], [ -70.7280575, 43.0488316 ], [ -70.7279813, 43.0487772 ], [ -70.7279205, 43.0487071 ], [ -70.7278488, 43.0486733 ], [ -70.7277882, 43.0486085 ] ] ] ] } },
{ "type": "Feature", "properties": { "osm_type": "relation", "id": 18591797, "boundary": null, "state": "New Hampshire", "name": "Rye Harbor State Park", "wikipedia": null, "leisure": "park" }, "geometry": { "type": "MultiPolygon", "coordinates": [ [ [ [ -70.7455011, 43.0021001 ], [ -70.7456902, 43.0020996 ], [ -70.7457197, 43.002053 ], [ -70.7456218, 43.0019647 ], [ -70.7454622, 43.0018598 ], [ -70.7454903, 43.001747 ], [ -70.7453147, 43.0016813 ], [ -70.745456, 43.0014133 ], [ -70.7444571, 43.0012336 ], [ -70.7439389, 43.0011531 ], [ -70.7437642, 43.0010975 ], [ -70.743616, 43.0010955 ], [ -70.7434804, 43.0011458 ], [ -70.7433555, 43.0012225 ], [ -70.743257, 43.0012107 ], [ -70.7431789, 43.001181 ], [ -70.7431394, 43.0012649 ], [ -70.7431183, 43.0013425 ], [ -70.7431657, 43.0014211 ], [ -70.7432016, 43.0014949 ], [ -70.7432761, 43.0015618 ], [ -70.7433475, 43.001634 ], [ -70.7434546, 43.0017 ], [ -70.7435626, 43.0017345 ], [ -70.743779, 43.0017551 ], [ -70.7438721, 43.0017611 ], [ -70.7442395, 43.0017886 ], [ -70.7445399, 43.0018396 ], [ -70.7446522, 43.0018921 ], [ -70.7449016, 43.0020687 ], [ -70.7449901, 43.0022384 ], [ -70.7451437, 43.0023335 ], [ -70.7452094, 43.0022241 ], [ -70.7453388, 43.0021153 ], [ -70.7455011, 43.0021001 ] ] ], [ [ [ -70.753784, 43.00142 ], [ -70.7533279, 43.0012177 ], [ -70.7533688, 43.0011365 ], [ -70.753881, 43.000467 ], [ -70.75321, 43.000383 ], [ -70.752508, 43.000238 ], [ -70.752422, 43.000191 ], [ -70.752321, 43.000225 ], [ -70.7523331, 43.0003097 ], [ -70.7520596, 43.0007531 ], [ -70.7519332, 43.0009524 ], [ -70.7516, 43.0014889 ], [ -70.7514818, 43.0017237 ], [ -70.7516177, 43.0018019 ], [ -70.7515421, 43.0019606 ], [ -70.7514945, 43.0020605 ], [ -70.7514748, 43.0021282 ], [ -70.7513422, 43.0023571 ], [ -70.7511785, 43.002591 ], [ -70.7509761, 43.0028985 ], [ -70.7507769, 43.003221 ], [ -70.7506829, 43.0034015 ], [ -70.75057, 43.0036184 ], [ -70.750587, 43.003654 ], [ -70.750484, 43.003792 ], [ -70.75037, 43.00407 ], [ -70.750552, 43.00411 ], [ -70.752093, 43.005222 ], [ -70.751822, 43.005893 ], [ -70.75162, 43.006712 ], [ -70.752479, 43.006658 ], [ -70.752604, 43.007223 ], [ -70.752829, 43.007277 ], [ -70.752905, 43.007534 ], [ -70.752354, 43.008448 ], [ -70.752721, 43.008665 ], [ -70.754086, 43.009125 ], [ -70.756196, 43.0024001 ], [ -70.755716, 43.002305 ], [ -70.754713, 43.001813 ], [ -70.753784, 43.00142 ] ] ] ] } },
{ "type": "Feature", "properties": { "osm_type": "relation", "id": 19223979, "boundary": null, "state": "New Hampshire", "name": "Mount Sunapee State Park", "wikipedia": null, "leisure": "park" }, "geometry": { "type": "MultiPolygon", "coordinates": [ [ [ [ -72.0574963, 43.3044847 ], [ -72.0565585, 43.3044578 ], [ -72.0548484, 43.3088746 ], [ -72.0532182, 43.3130848 ], [ -72.0498822, 43.3133506 ], [ -72.0394076, 43.314286 ], [ -72.0362428, 43.3145894 ], [ -72.0371919, 43.3166096 ], [ -72.0374038, 43.3170708 ], [ -72.0375067, 43.3172353 ], [ -72.0377627, 43.317338 ], [ -72.0383892, 43.3178725 ], [ -72.0384487, 43.3179702 ], [ -72.0384901, 43.3184558 ], [ -72.0387052, 43.3188872 ], [ -72.039363, 43.3186728 ], [ -72.0406877, 43.3184952 ], [ -72.0407107, 43.3184841 ], [ -72.0407373, 43.3184788 ], [ -72.0407648, 43.31848 ], [ -72.0407904, 43.3184876 ], [ -72.0408113, 43.3185007 ], [ -72.0408255, 43.3185179 ], [ -72.0413774, 43.3187865 ], [ -72.042333, 43.3192942 ], [ -72.0439362, 43.3201076 ], [ -72.0446089, 43.3210631 ], [ -72.0441789, 43.3217056 ], [ -72.0434113, 43.3228336 ], [ -72.0436543, 43.3236675 ], [ -72.043806, 43.3242478 ], [ -72.0438963, 43.3246818 ], [ -72.0442204, 43.3259644 ], [ -72.0443883, 43.326778 ], [ -72.0457517, 43.3280159 ], [ -72.0461525, 43.3285185 ], [ -72.0470556, 43.3296044 ], [ -72.0446927, 43.3297961 ], [ -72.0446951, 43.3302695 ], [ -72.0448947, 43.3305691 ], [ -72.0450085, 43.3307485 ], [ -72.0452998, 43.331174 ], [ -72.0454487, 43.331343 ], [ -72.045803, 43.3317015 ], [ -72.0461217, 43.3319933 ], [ -72.0462428, 43.3321099 ], [ -72.046639, 43.3323936 ], [ -72.0470717, 43.332684 ], [ -72.0490138, 43.3339664 ], [ -72.0498603, 43.334531 ], [ -72.0503394, 43.3348419 ], [ -72.0519018, 43.3343166 ], [ -72.0533693, 43.3326733 ], [ -72.0547867, 43.3332268 ], [ -72.0554108, 43.3335154 ], [ -72.0559699, 43.3325898 ], [ -72.060715, 43.3338242 ], [ -72.0614324, 43.3340109 ], [ -72.0622074, 43.3342125 ], [ -72.0625892, 43.3336814 ], [ -72.0626941, 43.3335598 ], [ -72.0631597, 43.3334676 ], [ -72.063671, 43.3334478 ], [ -72.0638855, 43.3334395 ], [ -72.0639988, 43.3334471 ], [ -72.0641125, 43.3334485 ], [ -72.064226, 43.3334436 ], [ -72.0643387, 43.3334326 ], [ -72.0644499, 43.3334154 ], [ -72.0645343, 43.3334381 ], [ -72.0646214, 43.3334543 ], [ -72.0647103, 43.333464 ], [ -72.0648001, 43.333467 ], [ -72.0648898, 43.3334632 ], [ -72.0650709, 43.3334488 ], [ -72.0651315, 43.3334478 ], [ -72.0651739, 43.3334509 ], [ -72.0651919, 43.3334522 ], [ -72.065251, 43.3334621 ], [ -72.0653079, 43.3334772 ], [ -72.0655474, 43.3335534 ], [ -72.0658372, 43.3336457 ], [ -72.0664896, 43.3338312 ], [ -72.0670962, 43.3340037 ], [ -72.0677051, 43.3341797 ], [ -72.0700584, 43.3348601 ], [ -72.0708586, 43.3350705 ], [ -72.0723813, 43.3355341 ], [ -72.0715918, 43.3369367 ], [ -72.072067, 43.338079 ], [ -72.071482, 43.3382794 ], [ -72.0712587, 43.3384143 ], [ -72.0710305, 43.3385448 ], [ -72.0707976, 43.3386707 ], [ -72.0707518, 43.3387099 ], [ -72.0707383, 43.33873 ], [ -72.0707208, 43.3387711 ], [ -72.0706949, 43.3388076 ], [ -72.0705057, 43.3390085 ], [ -72.0704142, 43.339091 ], [ -72.0703153, 43.3391687 ], [ -72.0702094, 43.3392413 ], [ -72.070097, 43.3393085 ], [ -72.0699786, 43.33937 ], [ -72.0698548, 43.3394255 ], [ -72.069726, 43.3394748 ], [ -72.069593, 43.3395175 ], [ -72.070025, 43.3398162 ], [ -72.0697193, 43.3403154 ], [ -72.0700408, 43.3403013 ], [ -72.0705272, 43.3401448 ], [ -72.0708505, 43.3399743 ], [ -72.0709938, 43.3398003 ], [ -72.0710367, 43.3397296 ], [ -72.071337, 43.3398376 ], [ -72.0713239, 43.3398894 ], [ -72.0713188, 43.3399421 ], [ -72.0713219, 43.3399948 ], [ -72.0713331, 43.3400469 ], [ -72.0713523, 43.3400977 ], [ -72.0713792, 43.3401467 ], [ -72.0714135, 43.3401931 ], [ -72.0714548, 43.3402364 ], [ -72.0715025, 43.340276 ], [ -72.071556, 43.3403115 ], [ -72.0724884, 43.3405876 ], [ -72.0732358, 43.3408285 ], [ -72.0733108, 43.3408459 ], [ -72.073465, 43.3408682 ], [ -72.0755984, 43.3396184 ], [ -72.0756563, 43.3391653 ], [ -72.0757793, 43.3382037 ], [ -72.0773288, 43.3382192 ], [ -72.0790482, 43.3382365 ], [ -72.0791861, 43.338039 ], [ -72.0878509, 43.3373602 ], [ -72.0893568, 43.3322139 ], [ -72.0895187, 43.3322285 ], [ -72.0895592, 43.3316739 ], [ -72.0893817, 43.3316689 ], [ -72.089416, 43.3309619 ], [ -72.0902413, 43.3307375 ], [ -72.0910939, 43.3305127 ], [ -72.0906383, 43.3301821 ], [ -72.0865743, 43.3272983 ], [ -72.0872938, 43.3262433 ], [ -72.0881443, 43.3250996 ], [ -72.0856436, 43.3181501 ], [ -72.0862245, 43.3183698 ], [ -72.0877566, 43.315392 ], [ -72.0837194, 43.3141033 ], [ -72.077592, 43.3122366 ], [ -72.0737501, 43.3112186 ], [ -72.0669112, 43.3128074 ], [ -72.0656598, 43.3104464 ], [ -72.0655824, 43.3100286 ], [ -72.0654727, 43.3097798 ], [ -72.0649695, 43.3093292 ], [ -72.0648002, 43.30456 ], [ -72.0633875, 43.3046538 ], [ -72.0574963, 43.3044847 ] ] ], [ [ [ -72.0715122, 43.3413398 ], [ -72.0714737, 43.3412711 ], [ -72.0713913, 43.3411977 ], [ -72.0713332, 43.3411625 ], [ -72.0711847, 43.3411157 ], [ -72.0707138, 43.341047 ], [ -72.0693902, 43.3407577 ], [ -72.0689648, 43.3407302 ], [ -72.0689188, 43.341021 ], [ -72.068892, 43.3410826 ], [ -72.0688581, 43.3411423 ], [ -72.0688174, 43.3411997 ], [ -72.0687702, 43.3412544 ], [ -72.0687168, 43.3413059 ], [ -72.0685222, 43.3414705 ], [ -72.0683805, 43.341583 ], [ -72.0682327, 43.3416911 ], [ -72.0680789, 43.3417948 ], [ -72.0679223, 43.3418719 ], [ -72.0677617, 43.3419445 ], [ -72.0675973, 43.3420123 ], [ -72.0666023, 43.342061 ], [ -72.0635806, 43.3422584 ], [ -72.0632439, 43.3422588 ], [ -72.0631108, 43.3422436 ], [ -72.0629791, 43.3422229 ], [ -72.0628493, 43.3421966 ], [ -72.0627217, 43.342165 ], [ -72.0622713, 43.3420315 ], [ -72.0621119, 43.3419682 ], [ -72.0619568, 43.3418993 ], [ -72.0612352, 43.3415465 ], [ -72.0609469, 43.341606 ], [ -72.0609278, 43.3416669 ], [ -72.0608075, 43.3416257 ], [ -72.060798, 43.3416527 ], [ -72.0605266, 43.3415544 ], [ -72.0606033, 43.3416737 ], [ -72.0606301, 43.3417052 ], [ -72.0606669, 43.3417214 ], [ -72.0607006, 43.341725 ], [ -72.0607257, 43.3417477 ], [ -72.0607219, 43.341786 ], [ -72.0607289, 43.3418088 ], [ -72.0607772, 43.3419262 ], [ -72.060798, 43.3419571 ], [ -72.0608532, 43.3420114 ], [ -72.0609292, 43.3420215 ], [ -72.0609688, 43.3420408 ], [ -72.0609962, 43.342074 ], [ -72.0610047, 43.3420899 ], [ -72.0610156, 43.3421518 ], [ -72.0610436, 43.3422019 ], [ -72.0610935, 43.3422705 ], [ -72.0611477, 43.3423595 ], [ -72.0611949, 43.3424692 ], [ -72.0612113, 43.342524 ], [ -72.0612906, 43.3428796 ], [ -72.0613143, 43.3429644 ], [ -72.0613569, 43.3430774 ], [ -72.0613882, 43.3431958 ], [ -72.0614196, 43.3433759 ], [ -72.0614213, 43.3434312 ], [ -72.0614297, 43.3434688 ], [ -72.061436, 43.3435625 ], [ -72.0614057, 43.3437616 ], [ -72.0613902, 43.343815 ], [ -72.061363, 43.3438749 ], [ -72.0613093, 43.3439522 ], [ -72.0612234, 43.3440324 ], [ -72.0612132, 43.3440538 ], [ -72.0612404, 43.344104 ], [ -72.0612416, 43.3441292 ], [ -72.061234, 43.3441573 ], [ -72.0612061, 43.3442022 ], [ -72.06116, 43.3442557 ], [ -72.0611342, 43.344282 ], [ -72.0610965, 43.3443029 ], [ -72.0609945, 43.344327 ], [ -72.0609445, 43.3443286 ], [ -72.0609079, 43.3443347 ], [ -72.0608842, 43.3443467 ], [ -72.0608918, 43.3443537 ], [ -72.0609088, 43.3443593 ], [ -72.0609433, 43.3443584 ], [ -72.0610928, 43.3443393 ], [ -72.0614658, 43.3443105 ], [ -72.0616891, 43.344285 ], [ -72.0618458, 43.34426 ], [ -72.0619813, 43.3442279 ], [ -72.062112, 43.3441711 ], [ -72.0622113, 43.3441125 ], [ -72.0623851, 43.3439663 ], [ -72.0632373, 43.3432771 ], [ -72.0632701, 43.3432587 ], [ -72.0633743, 43.3432223 ], [ -72.0634936, 43.3431942 ], [ -72.0639284, 43.3431696 ], [ -72.0639564, 43.3432118 ], [ -72.0639575, 43.3432399 ], [ -72.0639536, 43.3432444 ], [ -72.0642968, 43.3438192 ], [ -72.0644885, 43.3436873 ], [ -72.0651621, 43.3433614 ], [ -72.0651307, 43.3432832 ], [ -72.066167, 43.3430013 ], [ -72.0666909, 43.3430043 ], [ -72.066778, 43.3428728 ], [ -72.0669421, 43.3428981 ], [ -72.066974, 43.3428989 ], [ -72.0670363, 43.342889 ], [ -72.0670906, 43.3428647 ], [ -72.0671344, 43.3428521 ], [ -72.0671805, 43.342845 ], [ -72.0672276, 43.3428437 ], [ -72.0672743, 43.3428482 ], [ -72.0673193, 43.3428584 ], [ -72.0673613, 43.3428739 ], [ -72.0674836, 43.3429451 ], [ -72.0675287, 43.3429225 ], [ -72.0675777, 43.3429048 ], [ -72.0676297, 43.3428924 ], [ -72.0676836, 43.3428855 ], [ -72.0677383, 43.3428843 ], [ -72.0678486, 43.3428908 ], [ -72.0679003, 43.3429066 ], [ -72.0679226, 43.3429192 ], [ -72.0679566, 43.3429517 ], [ -72.0679734, 43.3429907 ], [ -72.0679747, 43.3430112 ], [ -72.0680012, 43.3430363 ], [ -72.0680103, 43.3430507 ], [ -72.0680193, 43.3430818 ], [ -72.068019, 43.3430977 ], [ -72.0680791, 43.343094 ], [ -72.0682813, 43.3430557 ], [ -72.0683329, 43.3430576 ], [ -72.0683842, 43.343053 ], [ -72.0684336, 43.3430422 ], [ -72.0684798, 43.3430253 ], [ -72.0685214, 43.3430029 ], [ -72.0685571, 43.3429756 ], [ -72.0685859, 43.3429443 ], [ -72.068607, 43.3429098 ], [ -72.0686196, 43.3428733 ], [ -72.068624, 43.3428226 ], [ -72.0686337, 43.3427975 ], [ -72.0686679, 43.3427676 ], [ -72.0687, 43.3427562 ], [ -72.0688418, 43.3427437 ], [ -72.0689132, 43.3427463 ], [ -72.0689475, 43.3427541 ], [ -72.069147, 43.3428188 ], [ -72.0692095, 43.342823 ], [ -72.0692706, 43.3428121 ], [ -72.0692984, 43.3428014 ], [ -72.0695906, 43.3425633 ], [ -72.0695628, 43.3424843 ], [ -72.0695428, 43.342404 ], [ -72.0695308, 43.3423228 ], [ -72.0695273, 43.3422075 ], [ -72.0695061, 43.3421775 ], [ -72.0694822, 43.3421631 ], [ -72.0694533, 43.3421549 ], [ -72.0699684, 43.3421172 ], [ -72.0699618, 43.3420639 ], [ -72.0721243, 43.3419715 ], [ -72.0720162, 43.3418407 ], [ -72.071558, 43.3414061 ], [ -72.0715122, 43.3413398 ] ] ] ] } },
{ "type": "Feature", "properties": { "osm_type": "relation", "id": 19293994, "boundary": null, "state": "New Hampshire", "name": "Monadnock State Park", "wikipedia": null, "leisure": "park" }, "geometry": { "type": "MultiPolygon", "coordinates": [ [ [ [ -72.1223746, 42.8387663 ], [ -72.1239856, 42.8392732 ], [ -72.1240143, 42.839414 ], [ -72.1247072, 42.8375244 ], [ -72.1243262, 42.837441 ], [ -72.1240215, 42.8373978 ], [ -72.1235872, 42.8374199 ], [ -72.123596, 42.8375647 ], [ -72.1234391, 42.8374969 ], [ -72.1231088, 42.8374636 ], [ -72.1229015, 42.8379156 ], [ -72.1225759, 42.8383418 ], [ -72.1223746, 42.8387663 ] ] ], [ [ [ -72.0823009, 42.8454139 ], [ -72.0840408, 42.8453947 ], [ -72.0840554, 42.8454964 ], [ -72.0872447, 42.8601153 ], [ -72.0829988, 42.8600235 ], [ -72.0841044, 42.8667462 ], [ -72.094549, 42.8673194 ], [ -72.092591, 42.8602517 ], [ -72.1000207, 42.8604047 ], [ -72.0985023, 42.8524538 ], [ -72.0978622, 42.8491017 ], [ -72.0977666, 42.8488342 ], [ -72.0971741, 42.8454867 ], [ -72.1115159, 42.8454572 ], [ -72.1116231, 42.8449897 ], [ -72.1111752, 42.8447856 ], [ -72.1110113, 42.8437808 ], [ -72.1109778, 42.8437222 ], [ -72.1108105, 42.8428525 ], [ -72.1106714, 42.8420264 ], [ -72.1105093, 42.8410641 ], [ -72.0962217, 42.8404504 ], [ -72.096973, 42.8443244 ], [ -72.0899261, 42.8442542 ], [ -72.0863101, 42.8420587 ], [ -72.0863412, 42.8411567 ], [ -72.0857735, 42.8407895 ], [ -72.0854699, 42.8416177 ], [ -72.0852002, 42.8421886 ], [ -72.0851155, 42.8444322 ], [ -72.0827733, 42.8436874 ], [ -72.0819697, 42.8437133 ], [ -72.0823009, 42.8454139 ] ] ], [ [ [ -72.0600146, 42.8628243 ], [ -72.061153, 42.8632825 ], [ -72.0617769, 42.8662656 ], [ -72.072619, 42.8664424 ], [ -72.0742838, 42.8664696 ], [ -72.0737691, 42.8632738 ], [ -72.0732033, 42.8609811 ], [ -72.0729544, 42.8596178 ], [ -72.0728242, 42.8590064 ], [ -72.0723589, 42.856689 ], [ -72.072054, 42.8567752 ], [ -72.0717544, 42.857326 ], [ -72.0695422, 42.8584364 ], [ -72.0695011, 42.8587216 ], [ -72.0682368, 42.8587218 ], [ -72.0681918, 42.8595644 ], [ -72.0673205, 42.8595361 ], [ -72.0665288, 42.8594919 ], [ -72.0646332, 42.859322 ], [ -72.0645575, 42.8594162 ], [ -72.0622163, 42.8594327 ], [ -72.062025, 42.8599248 ], [ -72.061913, 42.8601718 ], [ -72.0618127, 42.8603651 ], [ -72.0615794, 42.8607906 ], [ -72.0611381, 42.8613384 ], [ -72.0609438, 42.8615673 ], [ -72.0607229, 42.8617952 ], [ -72.0605804, 42.8619976 ], [ -72.0604225, 42.862187 ], [ -72.0602963, 42.8623617 ], [ -72.0601575, 42.8625718 ], [ -72.0600146, 42.8628243 ] ] ] ] } }
]
}
