{
	"type": "FeatureCollection",
	"features": [
		{
			"type": "Feature",
			"geometry": {
				"type": "MultiPolygon",
				"coordinates": [
					[
						[
							[
								-71.08535354000003,
								44.40771235
							],
							[
								-71.08829135000002,
								44.40804979000001
							],
							[
								-71.09123218000002,
								44.407078609999985
							],
							[
								-71.09370253999998,
								44.40657295
							],
							[
								-71.09596613999997,
								44.406637149999995
							],
							[
								-71.09982183,
								44.40563481999999
							],
							[
								-71.10929313000003,
								44.40106498
							],
							[
								-71.11395670000002,
								44.39923267
							],
							[
								-71.12077427000003,
								44.39573997000002
							],
							[
								-71.12453461000001,
								44.39356547
							],
							[
								-71.12706729000001,
								44.390846650000015
							],
							[
								-71.12899914000002,
								44.38926828000001
							],
							[
								-71.13226248000001,
								44.38732414999998
							],
							[
								-71.13316486999997,
								44.38718232999997
							],
							[
								-71.13758130000002,
								44.38750128999999
							],
							[
								-71.14060124000002,
								44.38721844000003
							],
							[
								-71.14351656000002,
								44.386456829999986
							],
							[
								-71.14571002000002,
								44.38616318999999
							],
							[
								-71.15787489000002,
								44.384930010000005
							],
							[
								-71.15995081,
								44.38533819999998
							],
							[
								-71.15973710999998,
								44.379784159999986
							],
							[
								-71.15969116999997,
								44.37506171000001
							],
							[
								-71.15896412000001,
								44.3712802
							],
							[
								-71.1684247,
								44.37114479000002
							],
							[
								-71.16816695,
								44.369958199999985
							],
							[
								-71.18043671999999,
								44.37006580000002
							],
							[
								-71.18242033000001,
								44.36983965000002
							],
							[
								-71.19389018999999,
								44.369761770000025
							],
							[
								-71.19405749999999,
								44.376994019999984
							],
							[
								-71.20714276000001,
								44.37695738999997
							],
							[
								-71.20731546000002,
								44.38435027999998
							],
							[
								-71.22362994000002,
								44.38437718
							],
							[
								-71.22305979999999,
								44.382924109999976
							],
							[
								-71.22417738000001,
								44.38093282
							],
							[
								-71.22509845000002,
								44.380161439999995
							],
							[
								-71.22635830000002,
								44.38014235000003
							],
							[
								-71.22800128,
								44.379039620000015
							],
							[
								-71.22859118000002,
								44.37788253000002
							],
							[
								-71.22859202000001,
								44.37589931000002
							],
							[
								-71.22933463999999,
								44.37466945
							],
							[
								-71.23128257000002,
								44.37321589999999
							],
							[
								-71.23361604000002,
								44.37318922999998
							],
							[
								-71.23307918,
								44.36984623000001
							],
							[
								-71.2338977,
								44.369260199999985
							],
							[
								-71.23977441,
								44.369007650000015
							],
							[
								-71.23963411,
								44.36640249999999
							],
							[
								-71.24191344000002,
								44.366973840000014
							],
							[
								-71.24637412999999,
								44.366634490000024
							],
							[
								-71.24816673999999,
								44.366849779999995
							],
							[
								-71.2630168,
								44.37053172999998
							],
							[
								-71.26520221999999,
								44.37073479999998
							],
							[
								-71.27262604999999,
								44.37090766
							],
							[
								-71.28923766999998,
								44.371149170000024
							],
							[
								-71.29148507000002,
								44.371018649999996
							],
							[
								-71.29821725,
								44.37011180000002
							],
							[
								-71.30001995999999,
								44.369693419999976
							],
							[
								-71.30349053999998,
								44.36811374000001
							],
							[
								-71.30900301999998,
								44.366778220000015
							],
							[
								-71.31856693999998,
								44.36371545999998
							],
							[
								-71.32103695,
								44.36316701999999
							],
							[
								-71.32952413999999,
								44.36203214
							],
							[
								-71.33257616999998,
								44.36127148000003
							],
							[
								-71.34166855000001,
								44.35783987999997
							],
							[
								-71.34798738,
								44.35684877
							],
							[
								-71.38394778000003,
								44.355608329999995
							],
							[
								-71.38813141999998,
								44.35650836999997
							],
							[
								-71.39652344000001,
								44.35890869000002
							],
							[
								-71.40256073,
								44.36082263999998
							],
							[
								-71.40794296000001,
								44.36305697
							],
							[
								-71.41050811999997,
								44.36475894
							],
							[
								-71.41238091000002,
								44.36546039000001
							],
							[
								-71.41470541000001,
								44.36582621000002
							],
							[
								-71.41655254,
								44.366448709999986
							],
							[
								-71.42071146,
								44.368775570000025
							],
							[
								-71.42478627000003,
								44.36973807999999
							],
							[
								-71.44249202999998,
								44.36740513000001
							],
							[
								-71.44150618999998,
								44.362777979999976
							],
							[
								-71.45244199000001,
								44.36142589000002
							],
							[
								-71.45146763000002,
								44.35675764000001
							],
							[
								-71.44918087000002,
								44.34722420999998
							],
							[
								-71.46238396000001,
								44.34553368000002
							],
							[
								-71.46397718999998,
								44.34987171
							],
							[
								-71.47515027999998,
								44.349616079999976
							],
							[
								-71.47573721999998,
								44.35369824999998
							],
							[
								-71.50213238999999,
								44.35040570000001
							],
							[
								-71.51200798000002,
								44.349140320000004
							],
							[
								-71.51142347000001,
								44.34652483999997
							],
							[
								-71.51275644999998,
								44.34641441000002
							],
							[
								-71.51477770999998,
								44.34503151000001
							],
							[
								-71.51377043000002,
								44.34402917
							],
							[
								-71.52203639999999,
								44.34307620999999
							],
							[
								-71.52156508000002,
								44.340981279999994
							],
							[
								-71.52527900000001,
								44.340524630000004
							],
							[
								-71.5238789,
								44.3317007
							],
							[
								-71.52129959000001,
								44.31038964999999
							],
							[
								-71.51956673000001,
								44.309601369999996
							],
							[
								-71.51909900999999,
								44.30515177000001
							],
							[
								-71.52940401000001,
								44.30429558999998
							],
							[
								-71.52863774000002,
								44.30049073999999
							],
							[
								-71.52771402000002,
								44.29702242000002
							],
							[
								-71.52663394000001,
								44.29137398
							],
							[
								-71.53770508000002,
								44.290728479999984
							],
							[
								-71.53626519,
								44.28509930000001
							],
							[
								-71.53412344999998,
								44.27482325
							],
							[
								-71.53303396000001,
								44.26994076
							],
							[
								-71.52238670999998,
								44.27118476999999
							],
							[
								-71.52215590999998,
								44.26944966999997
							],
							[
								-71.52418747000002,
								44.269143429999986
							],
							[
								-71.52604231999999,
								44.268291309999995
							],
							[
								-71.52814551,
								44.26692492000001
							],
							[
								-71.52878378999998,
								44.267956219999974
							],
							[
								-71.53012152999997,
								44.26799354000002
							],
							[
								-71.53146664000002,
								44.26884043000001
							],
							[
								-71.53271532999997,
								44.26873257
							],
							[
								-71.53220563000002,
								44.26500955
							],
							[
								-71.52484662,
								44.26602281999999
							],
							[
								-71.52461539000001,
								44.26507214999998
							],
							[
								-71.52804409999999,
								44.26275272999999
							],
							[
								-71.53431015000001,
								44.26080845000001
							],
							[
								-71.53336873,
								44.260483420000014
							],
							[
								-71.53378531999999,
								44.25938365000002
							],
							[
								-71.55229609000003,
								44.257130630000006
							],
							[
								-71.55977574999997,
								44.25611673999998
							],
							[
								-71.56441089999998,
								44.25529362999998
							],
							[
								-71.57026115000002,
								44.25489608999999
							],
							[
								-71.57681137999998,
								44.25410765999999
							],
							[
								-71.57747182999998,
								44.25948242999999
							],
							[
								-71.58377847999998,
								44.259248379999974
							],
							[
								-71.58476629,
								44.26788044
							],
							[
								-71.61267946999999,
								44.266336939999974
							],
							[
								-71.61466044000002,
								44.26514866000002
							],
							[
								-71.61705833000002,
								44.265364369999986
							],
							[
								-71.61885204999999,
								44.26500786999998
							],
							[
								-71.62209081999998,
								44.26577258999998
							],
							[
								-71.62386962,
								44.26541247
							],
							[
								-71.62665420000002,
								44.26589690999998
							],
							[
								-71.62811869000001,
								44.26669375
							],
							[
								-71.64507221000002,
								44.266243470000006
							],
							[
								-71.64365620000001,
								44.25744746999999
							],
							[
								-71.65209493999998,
								44.257094730000006
							],
							[
								-71.67210673,
								44.25652814
							],
							[
								-71.67175997999999,
								44.24879543999998
							],
							[
								-71.68569865,
								44.24861014999999
							],
							[
								-71.69256218999999,
								44.24846495999998
							],
							[
								-71.69227187000001,
								44.23909486000002
							],
							[
								-71.69279066000001,
								44.23819888000003
							],
							[
								-71.68903475000002,
								44.237212520000014
							],
							[
								-71.68523157999999,
								44.23643473999999
							],
							[
								-71.68813123000001,
								44.229029070000024
							],
							[
								-71.69178009000001,
								44.22178099000001
							],
							[
								-71.69491110000001,
								44.21477669000001
							],
							[
								-71.68513681000002,
								44.21220507999999
							],
							[
								-71.69180110999997,
								44.19786835000002
							],
							[
								-71.70117800999998,
								44.200456799999984
							],
							[
								-71.70267547999998,
								44.19732386999999
							],
							[
								-71.70248177000002,
								44.196475480000004
							],
							[
								-71.69940645999998,
								44.19604486999998
							],
							[
								-71.69824713999998,
								44.19506790999998
							],
							[
								-71.69598316000003,
								44.195408310000005
							],
							[
								-71.69378354000003,
								44.19350622000002
							],
							[
								-71.69816028000002,
								44.18415984000001
							],
							[
								-71.67829030000001,
								44.17868304000001
							],
							[
								-71.68005942999997,
								44.17430158000002
							],
							[
								-71.67951919000001,
								44.17341206999998
							],
							[
								-71.67773414999999,
								44.172340659999975
							],
							[
								-71.67687504000003,
								44.17255075999998
							],
							[
								-71.67368819000001,
								44.17174509
							],
							[
								-71.67131147999999,
								44.16903020000001
							],
							[
								-71.66323458,
								44.16674902
							],
							[
								-71.66234100000003,
								44.165503720000004
							],
							[
								-71.66224727000002,
								44.16356536000001
							],
							[
								-71.66050869999998,
								44.162213440000016
							],
							[
								-71.66068443,
								44.16056096
							],
							[
								-71.66315709999998,
								44.15921113000002
							],
							[
								-71.66563640999999,
								44.155276990000004
							],
							[
								-71.66776506999997,
								44.153097
							],
							[
								-71.66832574,
								44.151881049999986
							],
							[
								-71.66819582,
								44.14880194
							],
							[
								-71.67163425000001,
								44.140664819999984
							],
							[
								-71.67331893,
								44.14121074000002
							],
							[
								-71.68032602,
								44.12790589000002
							],
							[
								-71.66894020000001,
								44.123889829999996
							],
							[
								-71.67444977000002,
								44.11306567999998
							],
							[
								-71.66308328000002,
								44.10930185000001
							],
							[
								-71.66587679000003,
								44.10335906
							],
							[
								-71.66895272,
								44.09787460000001
							],
							[
								-71.67176224000002,
								44.09244287000001
							],
							[
								-71.67700396999999,
								44.081831309999984
							],
							[
								-71.68267565999997,
								44.08378576000001
							],
							[
								-71.68344912999999,
								44.08147588000003
							],
							[
								-71.68294808000002,
								44.080188650000025
							],
							[
								-71.68420505,
								44.07712201999999
							],
							[
								-71.68415914000002,
								44.075365480000016
							],
							[
								-71.68367172,
								44.07400067999998
							],
							[
								-71.68472566999998,
								44.07157151000001
							],
							[
								-71.67285716999999,
								44.06744606000001
							],
							[
								-71.68160289000002,
								44.051722670000004
							],
							[
								-71.65978424999997,
								44.04375062999998
							],
							[
								-71.65815296,
								44.04227094999999
							],
							[
								-71.66284521,
								44.031524219999994
							],
							[
								-71.67357215999999,
								44.035402490000024
							],
							[
								-71.67501915999998,
								44.03403759999998
							],
							[
								-71.67811403000002,
								44.03469073000002
							],
							[
								-71.67993918000002,
								44.030422069999986
							],
							[
								-71.67884748,
								44.02925110000001
							],
							[
								-71.67958012999998,
								44.02695884000002
							],
							[
								-71.67349539999998,
								44.025456899999995
							],
							[
								-71.67475475999998,
								44.02317145000001
							],
							[
								-71.66526355000002,
								44.02023860999998
							],
							[
								-71.66806903000003,
								44.01545463000002
							],
							[
								-71.67113999999998,
								44.0093488
							],
							[
								-71.67276878000001,
								44.00650039999999
							],
							[
								-71.66851399000001,
								44.00530721000001
							],
							[
								-71.66273362999999,
								44.00345657999998
							],
							[
								-71.66556430999998,
								43.99840605000003
							],
							[
								-71.65493088,
								43.995244189999994
							],
							[
								-71.65651917999998,
								43.99221098999999
							],
							[
								-71.65461090999997,
								43.98350534999997
							],
							[
								-71.65548095999998,
								43.98303163000003
							],
							[
								-71.65337190999998,
								43.97802717000002
							],
							[
								-71.65253449,
								43.97358990999999
							],
							[
								-71.65407512000002,
								43.973763659999975
							],
							[
								-71.65728725000002,
								43.97273738000001
							],
							[
								-71.65651509000003,
								43.97178031999999
							],
							[
								-71.65707798,
								43.970817720000014
							],
							[
								-71.65730079999997,
								43.96875620999998
							],
							[
								-71.66047497,
								43.96170545000001
							],
							[
								-71.65831270000001,
								43.951504339999985
							],
							[
								-71.65695051,
								43.945521410000026
							],
							[
								-71.65324693000002,
								43.926702060000025
							],
							[
								-71.65146088,
								43.91881240999999
							],
							[
								-71.64471980000002,
								43.91964151000002
							],
							[
								-71.64202470999999,
								43.909871529999975
							],
							[
								-71.63175151000002,
								43.91080391000003
							],
							[
								-71.63161971,
								43.90850002000002
							],
							[
								-71.62887552000001,
								43.90538650000002
							],
							[
								-71.62592996000001,
								43.905770080000025
							],
							[
								-71.62487456000002,
								43.89979082000002
							],
							[
								-71.61892122,
								43.90027889999999
							],
							[
								-71.61811376000003,
								43.89618569999999
							],
							[
								-71.61590059999997,
								43.89667130999999
							],
							[
								-71.61407007000003,
								43.89775487999998
							],
							[
								-71.61157044999999,
								43.89796948999998
							],
							[
								-71.61270238999998,
								43.90470185999999
							],
							[
								-71.60735897,
								43.90531374
							],
							[
								-71.60697768,
								43.90314293
							],
							[
								-71.60377077999999,
								43.88683585000001
							],
							[
								-71.60307467000001,
								43.88386754999999
							],
							[
								-71.59998402000002,
								43.884099470000024
							],
							[
								-71.59748926999998,
								43.88229147999999
							],
							[
								-71.59846952999999,
								43.88155687
							],
							[
								-71.60317074,
								43.88025468000001
							],
							[
								-71.60503169999998,
								43.880897730000015
							],
							[
								-71.60902174,
								43.88055551999997
							],
							[
								-71.60989042,
								43.8801742
							],
							[
								-71.61590575999998,
								43.87625234000001
							],
							[
								-71.61980876000001,
								43.87507270999998
							],
							[
								-71.62282855000001,
								43.87381302
							],
							[
								-71.62279792999999,
								43.87579726000001
							],
							[
								-71.62509485999999,
								43.87539312000001
							],
							[
								-71.62822018999998,
								43.87521891
							],
							[
								-71.62791168000001,
								43.87363783000001
							],
							[
								-71.62978336999998,
								43.87274279000002
							],
							[
								-71.63387625000001,
								43.87234157
							],
							[
								-71.63348904999998,
								43.870277180000016
							],
							[
								-71.63481144000002,
								43.86842630000001
							],
							[
								-71.633468,
								43.86614528000001
							],
							[
								-71.63226584,
								43.86566706000002
							],
							[
								-71.63210988999998,
								43.86446015000001
							],
							[
								-71.63263978999998,
								43.862518550000004
							],
							[
								-71.63203786999998,
								43.86175786000001
							],
							[
								-71.62851598999998,
								43.864449449999995
							],
							[
								-71.62695456,
								43.865262789999974
							],
							[
								-71.62461478,
								43.86552993999999
							],
							[
								-71.62061943999998,
								43.868799120000006
							],
							[
								-71.61799022000002,
								43.87039188
							],
							[
								-71.59492537,
								43.87221692999998
							],
							[
								-71.5954873,
								43.85756679999997
							],
							[
								-71.59834748999998,
								43.857298739999976
							],
							[
								-71.59851444999998,
								43.852722330000006
							],
							[
								-71.60035647000001,
								43.85254917999998
							],
							[
								-71.60049184000002,
								43.84804122999998
							],
							[
								-71.59579044999998,
								43.848462429999984
							],
							[
								-71.59597567999998,
								43.84344274
							],
							[
								-71.59163201000001,
								43.84573243
							],
							[
								-71.58777537999998,
								43.84597925000003
							],
							[
								-71.58618065000002,
								43.84739136000002
							],
							[
								-71.58342879000003,
								43.847786540000016
							],
							[
								-71.58188353000003,
								43.84856172000002
							],
							[
								-71.58268347,
								43.85026839
							],
							[
								-71.58145802000001,
								43.85183248999999
							],
							[
								-71.57988640000002,
								43.851411410000026
							],
							[
								-71.57680482,
								43.85234964
							],
							[
								-71.57237945999998,
								43.85231182000001
							],
							[
								-71.57123809000001,
								43.85181308
							],
							[
								-71.56937485999998,
								43.853010530000006
							],
							[
								-71.56694600999998,
								43.85388211999998
							],
							[
								-71.56571532999999,
								43.85499476000001
							],
							[
								-71.56181930999998,
								43.85604609000001
							],
							[
								-71.55912531000001,
								43.85604189999998
							],
							[
								-71.55888977000001,
								43.85711850000001
							],
							[
								-71.55760607000002,
								43.859324490000006
							],
							[
								-71.55703883000001,
								43.85374094000002
							],
							[
								-71.54396673999997,
								43.846554930000025
							],
							[
								-71.53823122,
								43.84507710999998
							],
							[
								-71.52932626,
								43.837113690000024
							],
							[
								-71.52216056999998,
								43.835175789999994
							],
							[
								-71.52460373999998,
								43.83266113000002
							],
							[
								-71.52057514,
								43.83161117999998
							],
							[
								-71.51605977999998,
								43.82816122999998
							],
							[
								-71.51697809000001,
								43.82093684
							],
							[
								-71.51627332999999,
								43.820474260000026
							],
							[
								-71.51404945000002,
								43.82223993000002
							],
							[
								-71.51234025000002,
								43.82091838000002
							],
							[
								-71.51024740999998,
								43.82119177999999
							],
							[
								-71.51073771,
								43.82515867000001
							],
							[
								-71.50333007,
								43.82636695999997
							],
							[
								-71.49794272999998,
								43.826996440000016
							],
							[
								-71.48280323,
								43.82830745000001
							],
							[
								-71.48371602999998,
								43.833018340000024
							],
							[
								-71.47693229999999,
								43.83363566000003
							],
							[
								-71.47351435000002,
								43.83409832000001
							],
							[
								-71.4721596,
								43.83465712999998
							],
							[
								-71.47094124,
								43.83450319999997
							],
							[
								-71.47019049,
								43.829665009999985
							],
							[
								-71.45603378999999,
								43.83098998999998
							],
							[
								-71.4587138,
								43.843850669999995
							],
							[
								-71.45296446999998,
								43.84436562000002
							],
							[
								-71.45454788,
								43.85119070000002
							],
							[
								-71.45072671999998,
								43.851309979999996
							],
							[
								-71.43695595999998,
								43.85294227000003
							],
							[
								-71.4387074,
								43.86074034000001
							],
							[
								-71.44451586000002,
								43.86004987000001
							],
							[
								-71.44546229999997,
								43.865563039999984
							],
							[
								-71.44473650999998,
								43.868254509999986
							],
							[
								-71.44535113,
								43.86871387000002
							],
							[
								-71.44458687999997,
								43.87239620999998
							],
							[
								-71.44600910000003,
								43.877520679999975
							],
							[
								-71.44782092999998,
								43.877483059999975
							],
							[
								-71.44935068000001,
								43.88524695000001
							],
							[
								-71.43618794999998,
								43.88681276
							],
							[
								-71.4349406,
								43.887126490000014
							],
							[
								-71.42315313,
								43.88868499
							],
							[
								-71.42501474,
								43.89806365999999
							],
							[
								-71.41269781,
								43.89952118000002
							],
							[
								-71.40492145000002,
								43.90056892000001
							],
							[
								-71.36580107999998,
								43.90498198
							],
							[
								-71.36792889999998,
								43.91477075
							],
							[
								-71.36184615000002,
								43.91544292999998
							],
							[
								-71.36011294999997,
								43.90841885999998
							],
							[
								-71.33101687999999,
								43.91113223000002
							],
							[
								-71.32180525000001,
								43.91193599000002
							],
							[
								-71.31201702999999,
								43.912878379999995
							],
							[
								-71.31181764000002,
								43.91304828
							],
							[
								-71.29256829000002,
								43.91520804999999
							],
							[
								-71.28249258,
								43.91639808999997
							],
							[
								-71.2824086,
								43.91601329000002
							],
							[
								-71.25641589999998,
								43.919226760000015
							],
							[
								-71.24957978999998,
								43.919510179999975
							],
							[
								-71.22423892,
								43.92290858000001
							],
							[
								-71.22350569000002,
								43.924075749999986
							],
							[
								-71.22373435999998,
								43.92689617000002
							],
							[
								-71.22373721999998,
								43.932910779999986
							],
							[
								-71.22469415,
								43.93576858
							],
							[
								-71.22633366999997,
								43.94161661999999
							],
							[
								-71.22612178000003,
								43.94260073999999
							],
							[
								-71.22433089999998,
								43.943292559999975
							],
							[
								-71.22035246000002,
								43.94269283
							],
							[
								-71.22076915999997,
								43.94480311000001
							],
							[
								-71.21874745999997,
								43.94673074000002
							],
							[
								-71.21685035000002,
								43.94928869
							],
							[
								-71.21557751,
								43.95192714000001
							],
							[
								-71.21123856999998,
								43.95459653
							],
							[
								-71.20898037,
								43.95682426000002
							],
							[
								-71.20724063,
								43.957465239999976
							],
							[
								-71.20032084000002,
								43.958430229999976
							],
							[
								-71.19681879000001,
								43.95996382999999
							],
							[
								-71.19521650000002,
								43.960276420000014
							],
							[
								-71.19308030000002,
								43.96009723999998
							],
							[
								-71.19098221000002,
								43.9606771
							],
							[
								-71.19029640999997,
								43.96124949
							],
							[
								-71.18969699000002,
								43.9648095
							],
							[
								-71.18880882000002,
								43.965978129999996
							],
							[
								-71.18680456999999,
								43.967115390000004
							],
							[
								-71.18240350000002,
								43.96838287000003
							],
							[
								-71.18063874,
								43.96914363000002
							],
							[
								-71.17829533999998,
								43.96943620000002
							],
							[
								-71.17583303999999,
								43.9692627
							],
							[
								-71.1736765,
								43.96952117000001
							],
							[
								-71.17182223999998,
								43.97097954999998
							],
							[
								-71.16831939999997,
								43.97163759
							],
							[
								-71.16452594999998,
								43.97122331000003
							],
							[
								-71.1620532,
								43.97167096999999
							],
							[
								-71.16010194,
								43.9730419
							],
							[
								-71.15774237,
								43.97405987000002
							],
							[
								-71.15545902999997,
								43.974043559999984
							],
							[
								-71.15631030999998,
								43.97738962
							],
							[
								-71.15844950000002,
								43.977034790000005
							],
							[
								-71.15930985,
								43.97964939000002
							],
							[
								-71.16200836000002,
								43.97929583000001
							],
							[
								-71.16235406999999,
								43.97870511000002
							],
							[
								-71.17917204000003,
								43.987635780000005
							],
							[
								-71.17793970000002,
								43.98810262000001
							],
							[
								-71.17850957000002,
								43.99081066000002
							],
							[
								-71.17553743000002,
								43.991350469999986
							],
							[
								-71.17690148999998,
								43.99462609
							],
							[
								-71.17569784,
								43.99506673000002
							],
							[
								-71.17488377000001,
								43.99151341999999
							],
							[
								-71.17359071999999,
								43.991644440000016
							],
							[
								-71.1744263,
								43.995380669999975
							],
							[
								-71.17012678999998,
								43.996378359999994
							],
							[
								-71.16820560999997,
								43.99664231000003
							],
							[
								-71.16612306000002,
								43.99648745000002
							],
							[
								-71.16127620999998,
								43.99486372000001
							],
							[
								-71.15993381999999,
								43.99468716000001
							],
							[
								-71.15547277000002,
								43.99284863999998
							],
							[
								-71.15164345,
								43.99256043999998
							],
							[
								-71.14952774,
								43.992046070000015
							],
							[
								-71.14697482000003,
								43.99215207999998
							],
							[
								-71.14435753999999,
								43.993316730000004
							],
							[
								-71.14252389,
								43.993780189999995
							],
							[
								-71.13745110000002,
								43.993854320000025
							],
							[
								-71.13357395000003,
								43.99438214999998
							],
							[
								-71.13018416,
								43.996010660000024
							],
							[
								-71.12948304999998,
								43.996623409999984
							],
							[
								-71.12451626000001,
								43.996840899999995
							],
							[
								-71.12451914000002,
								43.999193950000006
							],
							[
								-71.12697305,
								44.00030078999998
							],
							[
								-71.12881169000002,
								44.00198696000001
							],
							[
								-71.13076494,
								44.00528269
							],
							[
								-71.13277923999999,
								44.00730444999999
							],
							[
								-71.13284028999999,
								44.00801781000001
							],
							[
								-71.13130668000002,
								44.01442264999997
							],
							[
								-71.12946822999999,
								44.019663820000005
							],
							[
								-71.12970474999997,
								44.020754839999995
							],
							[
								-71.13281762999998,
								44.02467637000001
							],
							[
								-71.13509111000002,
								44.02880763000002
							],
							[
								-71.13691463999999,
								44.030520319999994
							],
							[
								-71.13976824999997,
								44.03441892000001
							],
							[
								-71.14080569999999,
								44.03669239999999
							],
							[
								-71.14349909999999,
								44.039786040000024
							],
							[
								-71.14889319000002,
								44.04521815999999
							],
							[
								-71.15030254999999,
								44.04686720000001
							],
							[
								-71.15484457000002,
								44.05040126
							],
							[
								-71.15679998000002,
								44.052581780000025
							],
							[
								-71.15885014999998,
								44.056650830000024
							],
							[
								-71.15795717999998,
								44.05834814999997
							],
							[
								-71.15627864999999,
								44.06026696999999
							],
							[
								-71.15592004000001,
								44.06207495000001
							],
							[
								-71.15765205999998,
								44.06636264000002
							],
							[
								-71.16046718000001,
								44.06965846000003
							],
							[
								-71.16288794000002,
								44.073763369999995
							],
							[
								-71.16399971999999,
								44.077814190000026
							],
							[
								-71.16347352999998,
								44.08120530999997
							],
							[
								-71.16377640000002,
								44.08214656000001
							],
							[
								-71.16629288000001,
								44.083720529999994
							],
							[
								-71.16743919999999,
								44.08524442999999
							],
							[
								-71.16771347000002,
								44.090950410000005
							],
							[
								-71.19584112000001,
								44.091130220000025
							],
							[
								-71.19476150000003,
								44.08713418000002
							],
							[
								-71.19907128,
								44.086915999999974
							],
							[
								-71.19888902999998,
								44.08563910999999
							],
							[
								-71.20200031000002,
								44.08642723000003
							],
							[
								-71.20701853999998,
								44.08512241
							],
							[
								-71.21034099000002,
								44.08125475999998
							],
							[
								-71.21000108999999,
								44.08006182999998
							],
							[
								-71.21219488000003,
								44.077545980000025
							],
							[
								-71.21197719000003,
								44.075422960000026
							],
							[
								-71.23555692000002,
								44.07562253999998
							],
							[
								-71.23602026999998,
								44.07148289000003
							],
							[
								-71.23595961000001,
								44.06942343999998
							],
							[
								-71.23652415999999,
								44.06761716
							],
							[
								-71.23524171999998,
								44.066293959999996
							],
							[
								-71.23527811000002,
								44.064414750000026
							],
							[
								-71.25388924999999,
								44.06471988999999
							],
							[
								-71.26162961,
								44.06462880999999
							],
							[
								-71.28034036999998,
								44.06479151000002
							],
							[
								-71.28034022000003,
								44.06945522000001
							],
							[
								-71.28329421000001,
								44.06942234000002
							],
							[
								-71.28277270000001,
								44.07044755999999
							],
							[
								-71.28414719,
								44.07099206999999
							],
							[
								-71.28840660999998,
								44.070218409999995
							],
							[
								-71.28837612000001,
								44.070839869999986
							],
							[
								-71.28640796000002,
								44.07121233999999
							],
							[
								-71.28637502999999,
								44.074232600000016
							],
							[
								-71.28823969000001,
								44.07417511
							],
							[
								-71.28886604000002,
								44.07480112000002
							],
							[
								-71.28880045,
								44.076724179999985
							],
							[
								-71.29022437999998,
								44.076460180000026
							],
							[
								-71.29022615000002,
								44.075024799999994
							],
							[
								-71.29250015000002,
								44.07531294
							],
							[
								-71.29173071999998,
								44.07169984000001
							],
							[
								-71.29436023,
								44.07220633999998
							],
							[
								-71.29256894000002,
								44.06496514000003
							],
							[
								-71.30529904999997,
								44.065091989999985
							],
							[
								-71.31633699000002,
								44.07089423000002
							],
							[
								-71.31784292999998,
								44.077990220000004
							],
							[
								-71.3202713,
								44.07769767000002
							],
							[
								-71.32333003000002,
								44.07657526999998
							],
							[
								-71.32721737999998,
								44.07610957000003
							],
							[
								-71.32928349999997,
								44.07633131
							],
							[
								-71.33323552000002,
								44.077574140000024
							],
							[
								-71.33625708,
								44.07636961999998
							],
							[
								-71.33986379999999,
								44.07763897000001
							],
							[
								-71.33934922999998,
								44.08153828000002
							],
							[
								-71.34154809,
								44.08309477
							],
							[
								-71.33576584000002,
								44.08579549000001
							],
							[
								-71.3237628,
								44.09178565000002
							],
							[
								-71.31342698999998,
								44.09203717999998
							],
							[
								-71.31170981999998,
								44.098541409999996
							],
							[
								-71.30808825000003,
								44.098689569999976
							],
							[
								-71.29783731999999,
								44.09872108000002
							],
							[
								-71.29383365000001,
								44.08925579999999
							],
							[
								-71.29009158999997,
								44.08931071000001
							],
							[
								-71.29025037999997,
								44.097471040000016
							],
							[
								-71.28451874000001,
								44.097489689999975
							],
							[
								-71.28436139000002,
								44.09127510000002
							],
							[
								-71.26691482000001,
								44.09081758999997
							],
							[
								-71.26706163,
								44.09551542999998
							],
							[
								-71.25872691000001,
								44.095259020000015
							],
							[
								-71.25839890999998,
								44.08587982
							],
							[
								-71.24852056999998,
								44.08569288000001
							],
							[
								-71.24674046000001,
								44.08597422999998
							],
							[
								-71.24634092999997,
								44.09802105
							],
							[
								-71.23249677000001,
								44.09778125999998
							],
							[
								-71.23105263000002,
								44.090042530000005
							],
							[
								-71.23104559000001,
								44.088543819999984
							],
							[
								-71.22877603,
								44.087163550000014
							],
							[
								-71.2274296,
								44.08723895999998
							],
							[
								-71.22603178999998,
								44.088447540000004
							],
							[
								-71.21885528000001,
								44.09091644
							],
							[
								-71.21706386,
								44.090997070000014
							],
							[
								-71.21259708999997,
								44.08988341000003
							],
							[
								-71.21471517999998,
								44.09353693000003
							],
							[
								-71.21526086,
								44.09517792999998
							],
							[
								-71.21285888,
								44.09594910999999
							],
							[
								-71.21280223999997,
								44.106862990000025
							],
							[
								-71.21413749999999,
								44.10633872
							],
							[
								-71.21414514999998,
								44.10820253999998
							],
							[
								-71.21318724000002,
								44.10807318000002
							],
							[
								-71.20977491000002,
								44.10594938999998
							],
							[
								-71.20740991000002,
								44.10575116000001
							],
							[
								-71.2058763,
								44.10530867
							],
							[
								-71.20400710000001,
								44.10419848999999
							],
							[
								-71.20147408000003,
								44.10401159000003
							],
							[
								-71.19992545999997,
								44.10318766
							],
							[
								-71.19479829,
								44.10466013000001
							],
							[
								-71.19278426,
								44.10540019000001
							],
							[
								-71.18740553999999,
								44.10890188000002
							],
							[
								-71.18376620999999,
								44.110378130000015
							],
							[
								-71.18410954000001,
								44.111461599999984
							],
							[
								-71.18552870000002,
								44.11341082000001
							],
							[
								-71.18712334000003,
								44.11394114000001
							],
							[
								-71.18912982,
								44.11576071000002
							],
							[
								-71.19093042999998,
								44.116760039999974
							],
							[
								-71.19096864,
								44.117465760000016
							],
							[
								-71.18944257999999,
								44.118480550000015
							],
							[
								-71.18737514999998,
								44.119045029999995
							],
							[
								-71.18794718999999,
								44.121799210000006
							],
							[
								-71.19055671000001,
								44.123161100000004
							],
							[
								-71.19131951999998,
								44.12506841999999
							],
							[
								-71.19094580000001,
								44.126372960000026
							],
							[
								-71.19000734000002,
								44.12646447999998
							],
							[
								-71.18823737999998,
								44.12761268000003
							],
							[
								-71.18687170999999,
								44.12807035999998
							],
							[
								-71.18594080000003,
								44.129897760000006
							],
							[
								-71.18755845999999,
								44.13238088999998
							],
							[
								-71.18742108999999,
								44.13344144000001
							],
							[
								-71.18521612,
								44.13463539999998
							],
							[
								-71.18497959000001,
								44.135409890000005
							],
							[
								-71.18791633000001,
								44.136530600000015
							],
							[
								-71.20037224999999,
								44.138166669999976
							],
							[
								-71.20098257000001,
								44.13812906999999
							],
							[
								-71.20889828999998,
								44.14030607000001
							],
							[
								-71.21658711999999,
								44.14259876
							],
							[
								-71.21327761999999,
								44.14894013000003
							],
							[
								-71.21097370000001,
								44.15297713000001
							],
							[
								-71.20940983999998,
								44.156080799999984
							],
							[
								-71.20447782000002,
								44.16644328000001
							],
							[
								-71.2032107,
								44.16855092999998
							],
							[
								-71.20545073,
								44.169104230000016
							],
							[
								-71.20857201000001,
								44.173052410000025
							],
							[
								-71.20277401999999,
								44.17405656
							],
							[
								-71.19876072,
								44.17296818
							],
							[
								-71.19921825,
								44.17473467999997
							],
							[
								-71.20911833999997,
								44.176968380000005
							],
							[
								-71.20730803999999,
								44.17920292000002
							],
							[
								-71.20594573,
								44.17889788000002
							],
							[
								-71.20424949,
								44.17968825000003
							],
							[
								-71.20221119000001,
								44.18002360999998
							],
							[
								-71.20295140000002,
								44.18318489000001
							],
							[
								-71.20445533999998,
								44.18326367999998
							],
							[
								-71.20388022999998,
								44.19611843000001
							],
							[
								-71.20397648,
								44.201086480000015
							],
							[
								-71.19331805000002,
								44.201116290000016
							],
							[
								-71.19257754,
								44.200413000000026
							],
							[
								-71.19124871999998,
								44.20129449000001
							],
							[
								-71.18980192999999,
								44.20080552000002
							],
							[
								-71.18660752,
								44.20136265999997
							],
							[
								-71.18619309000002,
								44.19823009999999
							],
							[
								-71.18873706,
								44.19834076000001
							],
							[
								-71.18872827000001,
								44.19477841999998
							],
							[
								-71.18451138,
								44.19454181999998
							],
							[
								-71.18434461999999,
								44.18526893000001
							],
							[
								-71.18524088999999,
								44.17320259000002
							],
							[
								-71.18279317000002,
								44.17243459000002
							],
							[
								-71.17970881999997,
								44.170685900000024
							],
							[
								-71.17812886000002,
								44.16894450000001
							],
							[
								-71.17331933000003,
								44.16543094000002
							],
							[
								-71.16876414000001,
								44.16461048000002
							],
							[
								-71.16558483,
								44.16533634000001
							],
							[
								-71.16424316000001,
								44.16643787999999
							],
							[
								-71.16142786,
								44.16632353
							],
							[
								-71.15942129000001,
								44.16547658000002
							],
							[
								-71.15579732999998,
								44.16479011000001
							],
							[
								-71.15430948,
								44.163660960000016
							],
							[
								-71.15179129,
								44.16232167999999
							],
							[
								-71.15075209999998,
								44.16116875
							],
							[
								-71.14912103,
								44.15831523000003
							],
							[
								-71.14702505999998,
								44.156497279999996
							],
							[
								-71.14550723999997,
								44.15554223999999
							],
							[
								-71.14128419000002,
								44.15152796000001
							],
							[
								-71.13659197999999,
								44.147443580000015
							],
							[
								-71.13615754,
								44.14379072000003
							],
							[
								-71.13684422,
								44.14186153999998
							],
							[
								-71.13612755999998,
								44.139508690000014
							],
							[
								-71.13536557999998,
								44.13183687999998
							],
							[
								-71.13634202999998,
								44.12939659
							],
							[
								-71.13777110000001,
								44.126858130000016
							],
							[
								-71.13876029,
								44.12393522999997
							],
							[
								-71.13918732000002,
								44.12039533000001
							],
							[
								-71.14107962000003,
								44.11843461000001
							],
							[
								-71.14401673999998,
								44.117450469999994
							],
							[
								-71.14494774999997,
								44.1162602
							],
							[
								-71.14532901000001,
								44.113815009999996
							],
							[
								-71.14529844999998,
								44.11176286
							],
							[
								-71.14451254,
								44.10652520000002
							],
							[
								-71.14709132000002,
								44.10429370000003
							],
							[
								-71.14986069000003,
								44.102779329999976
							],
							[
								-71.14915902000001,
								44.10041056
							],
							[
								-71.14732785000001,
								44.09830096000002
							],
							[
								-71.14695377999999,
								44.095039480000025
							],
							[
								-71.14473361,
								44.088985709999974
							],
							[
								-71.14116304999999,
								44.086113220000016
							],
							[
								-71.13865295,
								44.083809169999995
							],
							[
								-71.13861483,
								44.082500770000024
							],
							[
								-71.13947696999998,
								44.08105877000003
							],
							[
								-71.13891995,
								44.078853890000005
							],
							[
								-71.13924035999997,
								44.07815212999998
							],
							[
								-71.13846982000001,
								44.076862689999984
							],
							[
								-71.13547903,
								44.076511719999985
							],
							[
								-71.12868114999998,
								44.076008279999996
							],
							[
								-71.12578187999998,
								44.07556183999998
							],
							[
								-71.11898417999998,
								44.075271999999984
							],
							[
								-71.10289343,
								44.075530430000015
							],
							[
								-71.09983993999998,
								44.07511849000002
							],
							[
								-71.07986358,
								44.07523034000002
							],
							[
								-71.07585282000002,
								44.07487877
							],
							[
								-71.06901298000002,
								44.075168169999984
							],
							[
								-71.06869518000002,
								44.07304517
							],
							[
								-71.07387164,
								44.072863670000004
							],
							[
								-71.07443172,
								44.06973110000001
							],
							[
								-71.07496465000003,
								44.069703670000024
							],
							[
								-71.07535975000002,
								44.06402172999998
							],
							[
								-71.06575923000003,
								44.06385648999998
							],
							[
								-71.0620897,
								44.06556261999998
							],
							[
								-71.05906169000002,
								44.065162480000026
							],
							[
								-71.05553851000002,
								44.06444965999998
							],
							[
								-71.05375364000002,
								44.06450324000002
							],
							[
								-71.05116586999998,
								44.063850119999984
							],
							[
								-71.04925585000001,
								44.06423489000002
							],
							[
								-71.04897401,
								44.06500146000002
							],
							[
								-71.04719976000001,
								44.06586415999999
							],
							[
								-71.04569491000001,
								44.06898601
							],
							[
								-71.04201665,
								44.06998921000002
							],
							[
								-71.04127039000002,
								44.07076692999999
							],
							[
								-71.04111307,
								44.07197302999998
							],
							[
								-71.03932336000003,
								44.073554290000004
							],
							[
								-71.04375001,
								44.07268699999997
							],
							[
								-71.04370748999997,
								44.07129868999999
							],
							[
								-71.05424520999998,
								44.07108131000001
							],
							[
								-71.05420708999998,
								44.07548227000001
							],
							[
								-71.03957652999998,
								44.07579274
							],
							[
								-71.01011905000001,
								44.07633992000001
							],
							[
								-71.00308482999998,
								44.076419929999986
							],
							[
								-71.00292463,
								44.079486780000025
							],
							[
								-71.00246694999998,
								44.081092850000005
							],
							[
								-71.00229901,
								44.08362577999998
							],
							[
								-71.00500751999999,
								44.08781044
							],
							[
								-71.00679293000002,
								44.089267629999995
							],
							[
								-71.00712098000002,
								44.092395520000025
							],
							[
								-71.00610637,
								44.09651150000002
							],
							[
								-71.00735004,
								44.09960910000001
							],
							[
								-71.00738052000003,
								44.102656980000006
							],
							[
								-71.00571746000003,
								44.10557891000002
							],
							[
								-71.00548101999999,
								44.10670814000002
							],
							[
								-71.00612955999998,
								44.10898549000001
							],
							[
								-71.00350501999998,
								44.11164796999998
							],
							[
								-71.00223075999997,
								44.11166713
							],
							[
								-71.00280459999999,
								44.12502654999997
							],
							[
								-71.00273425,
								44.126837790000025
							],
							[
								-71.00338391999998,
								44.14122957000001
							],
							[
								-71.00451400999998,
								44.15861877999998
							],
							[
								-71.00473091999999,
								44.164035590000026
							],
							[
								-70.99953826000001,
								44.16186198999998
							],
							[
								-70.99099453999997,
								44.16177126000002
							],
							[
								-70.98929435000002,
								44.16150884000001
							],
							[
								-70.98482623000001,
								44.16033564999998
							],
							[
								-70.98096403,
								44.15887243999998
							],
							[
								-70.97831117999999,
								44.15895524000001
							],
							[
								-70.97415078,
								44.15857361000002
							],
							[
								-70.96931659,
								44.15715893999999
							],
							[
								-70.96528844,
								44.15817670000001
							],
							[
								-70.96303303000002,
								44.15846735000002
							],
							[
								-70.96128528000003,
								44.15803969000001
							],
							[
								-70.95975500999998,
								44.15823046000003
							],
							[
								-70.96297270999997,
								44.167086059999974
							],
							[
								-70.96429755999998,
								44.17490393999998
							],
							[
								-70.96464259999999,
								44.180246969999985
							],
							[
								-70.9640872,
								44.18141486000002
							],
							[
								-70.96074714000002,
								44.18470259999998
							],
							[
								-70.95861560999998,
								44.18569069
							],
							[
								-70.95641073000002,
								44.18930071
							],
							[
								-70.95731386,
								44.19345948
							],
							[
								-70.95838700000002,
								44.19492817999998
							],
							[
								-70.95554391000002,
								44.196723840000004
							],
							[
								-70.95331053000001,
								44.197590479999974
							],
							[
								-70.95114402000002,
								44.19796923000001
							],
							[
								-70.94229256,
								44.19900532999998
							],
							[
								-70.93935435999998,
								44.19701988000003
							],
							[
								-70.93604450999999,
								44.19609355
							],
							[
								-70.93380501000001,
								44.19500118000002
							],
							[
								-70.9311295,
								44.19428449999998
							],
							[
								-70.92848085999998,
								44.19418516000002
							],
							[
								-70.92756613,
								44.193866549999996
							],
							[
								-70.92143737999999,
								44.189723060000006
							],
							[
								-70.91856265000001,
								44.18642625000001
							],
							[
								-70.91261359999999,
								44.19166498999999
							],
							[
								-70.91262044000001,
								44.19384857
							],
							[
								-70.91308737999998,
								44.19638636000002
							],
							[
								-70.91626317999999,
								44.19852220000001
							],
							[
								-70.91794683,
								44.20589580000001
							],
							[
								-70.91873220000002,
								44.211047070000006
							],
							[
								-70.91822004,
								44.213844489999985
							],
							[
								-70.91656273000001,
								44.21579226
							],
							[
								-70.91689114000002,
								44.21787102000002
							],
							[
								-70.91769799000002,
								44.220421929999986
							],
							[
								-70.91723904999998,
								44.221442120000006
							],
							[
								-70.91579768000003,
								44.22258475000001
							],
							[
								-70.91455310999999,
								44.22418137
							],
							[
								-70.91409506999997,
								44.22600247999998
							],
							[
								-70.91320128000001,
								44.22729136999999
							],
							[
								-70.91396524999999,
								44.22871187999999
							],
							[
								-70.91256055999997,
								44.23116866999999
							],
							[
								-70.91271096999998,
								44.23221761999997
							],
							[
								-70.91194205,
								44.23331251000002
							],
							[
								-70.91212149,
								44.23598003000001
							],
							[
								-70.91333951000001,
								44.23859955
							],
							[
								-70.90018185000002,
								44.24466516000001
							],
							[
								-70.88751917000002,
								44.250424510000016
							],
							[
								-70.87180282000003,
								44.258386659999985
							],
							[
								-70.86847648000003,
								44.257270800000015
							],
							[
								-70.86326115999998,
								44.25880490999998
							],
							[
								-70.86251404000001,
								44.259466780000025
							],
							[
								-70.85711050999998,
								44.25381636999998
							],
							[
								-70.85222383000001,
								44.25729006
							],
							[
								-70.85042539,
								44.25815849999998
							],
							[
								-70.84634992000002,
								44.25942415999998
							],
							[
								-70.84637859999998,
								44.260932860000025
							],
							[
								-70.84462660000003,
								44.26203443000003
							],
							[
								-70.84440396000002,
								44.26268300999999
							],
							[
								-70.84617044999999,
								44.26616709000001
							],
							[
								-70.84753553000002,
								44.26806848000001
							],
							[
								-70.84237581000002,
								44.2688799
							],
							[
								-70.84111221,
								44.27009764000002
							],
							[
								-70.83827951,
								44.27078647000002
							],
							[
								-70.83541552999998,
								44.268817590000026
							],
							[
								-70.83333551999999,
								44.269369540000014
							],
							[
								-70.83280809000001,
								44.267804049999995
							],
							[
								-70.83072979999997,
								44.26652016999998
							],
							[
								-70.83129623000002,
								44.26581930999998
							],
							[
								-70.83093177,
								44.264779669999996
							],
							[
								-70.82980951000002,
								44.26457574
							],
							[
								-70.82872329999998,
								44.263634249999996
							],
							[
								-70.82692326,
								44.26429909000001
							],
							[
								-70.82490406,
								44.26137354000002
							],
							[
								-70.82570607000002,
								44.258374660000015
							],
							[
								-70.81999965,
								44.25979290999999
							],
							[
								-70.81420510999999,
								44.25557508000003
							],
							[
								-70.81019609999998,
								44.25715536000001
							],
							[
								-70.80444564999999,
								44.25006825999998
							],
							[
								-70.80329456999999,
								44.24892391999998
							],
							[
								-70.79708123,
								44.24766712000002
							],
							[
								-70.79345538000001,
								44.24768339000002
							],
							[
								-70.78950391000001,
								44.246251459999996
							],
							[
								-70.78752152999999,
								44.24483445999999
							],
							[
								-70.78446079000003,
								44.24382614000001
							],
							[
								-70.78234058999999,
								44.24244096000001
							],
							[
								-70.78173888999999,
								44.24109766999999
							],
							[
								-70.78010676000002,
								44.24026753999999
							],
							[
								-70.77719946000002,
								44.23771033999998
							],
							[
								-70.76652762999998,
								44.24319828
							],
							[
								-70.76494711999999,
								44.2447631
							],
							[
								-70.76440923000001,
								44.246237440000016
							],
							[
								-70.76406589999999,
								44.25073072999999
							],
							[
								-70.76350725999998,
								44.25232276999998
							],
							[
								-70.76313912,
								44.25667869
							],
							[
								-70.76145502000003,
								44.26022597000002
							],
							[
								-70.76115683,
								44.26148267999997
							],
							[
								-70.7615113,
								44.26427524000002
							],
							[
								-70.76093828,
								44.26604824999998
							],
							[
								-70.76175583000003,
								44.26675424000001
							],
							[
								-70.76191270999999,
								44.270716489999984
							],
							[
								-70.76359680000002,
								44.27418339000002
							],
							[
								-70.76653446,
								44.27682897
							],
							[
								-70.76697381000002,
								44.27881566999997
							],
							[
								-70.76569146999998,
								44.279779399999995
							],
							[
								-70.76429901,
								44.28169957
							],
							[
								-70.76548424999999,
								44.28284731999997
							],
							[
								-70.76653420000002,
								44.28460838000001
							],
							[
								-70.76878780999999,
								44.285070459999986
							],
							[
								-70.77254302,
								44.28723947999998
							],
							[
								-70.77437149999997,
								44.28705348
							],
							[
								-70.77755486000001,
								44.28815079999998
							],
							[
								-70.77763764999997,
								44.288990909999995
							],
							[
								-70.77900899000002,
								44.29174463999999
							],
							[
								-70.77862098000003,
								44.29343961000001
							],
							[
								-70.77622136999997,
								44.29705826999998
							],
							[
								-70.77605110000002,
								44.299226739999995
							],
							[
								-70.77792901999999,
								44.30288144999997
							],
							[
								-70.78113803999997,
								44.30435566
							],
							[
								-70.78288580999998,
								44.30676321999999
							],
							[
								-70.78400532,
								44.30955122
							],
							[
								-70.78394243000002,
								44.31045229
							],
							[
								-70.78148887999998,
								44.31460557999998
							],
							[
								-70.78039660000002,
								44.315581889999976
							],
							[
								-70.77716289,
								44.31643458999997
							],
							[
								-70.77444899,
								44.31803185000001
							],
							[
								-70.77169499000001,
								44.321019579999984
							],
							[
								-70.77012624000002,
								44.32390951000002
							],
							[
								-70.77048054,
								44.325248120000026
							],
							[
								-70.77433975999998,
								44.33103876000001
							],
							[
								-70.77667023999999,
								44.33289205
							],
							[
								-70.78130107999999,
								44.33878714999997
							],
							[
								-70.78298175999998,
								44.33990560000001
							],
							[
								-70.78583895999998,
								44.341288169999984
							],
							[
								-70.79065516999998,
								44.34436714999998
							],
							[
								-70.79184707000002,
								44.34494403999997
							],
							[
								-70.79589877000001,
								44.34625046999997
							],
							[
								-70.79774577,
								44.34722732
							],
							[
								-70.80019328999998,
								44.34769299999999
							],
							[
								-70.80248889,
								44.348588140000004
							],
							[
								-70.80597288000001,
								44.349272729999996
							],
							[
								-70.81522475999998,
								44.36087641
							],
							[
								-70.82488199,
								44.35689445000003
							],
							[
								-70.83857934000002,
								44.351326219999976
							],
							[
								-70.85012914999999,
								44.36588975000001
							],
							[
								-70.85628892,
								44.37372651999999
							],
							[
								-70.85724527000002,
								44.37506638000002
							],
							[
								-70.86495752000002,
								44.384756890000006
							],
							[
								-70.86901977999997,
								44.39004762000002
							],
							[
								-70.87638462000001,
								44.39915221000001
							],
							[
								-70.87859715000002,
								44.399378669999976
							],
							[
								-70.88148681000001,
								44.400163770000006
							],
							[
								-70.88532616999998,
								44.40176183
							],
							[
								-70.88784543000003,
								44.403391810000016
							],
							[
								-70.89323782000002,
								44.404454250000015
							],
							[
								-70.89536557000002,
								44.406183020000014
							],
							[
								-70.89668773,
								44.40661158
							],
							[
								-70.89910613,
								44.40675945999999
							],
							[
								-70.90567521000003,
								44.40656851
							],
							[
								-70.90940624000001,
								44.406278680000014
							],
							[
								-70.9138618,
								44.40535927000002
							],
							[
								-70.91439871,
								44.4047238
							],
							[
								-70.91774969,
								44.404268650000006
							],
							[
								-70.92357471000003,
								44.40447078
							],
							[
								-70.92552576999998,
								44.40388730000001
							],
							[
								-70.92721368000002,
								44.40207493999998
							],
							[
								-70.92843948000001,
								44.39992940000002
							],
							[
								-70.93018993999999,
								44.39912063000003
							],
							[
								-70.93384297,
								44.39828133999998
							],
							[
								-70.93468575999998,
								44.398376480000024
							],
							[
								-70.93911177000001,
								44.39775123999999
							],
							[
								-70.94553877999999,
								44.39795995999998
							],
							[
								-70.94983094000003,
								44.397745910000026
							],
							[
								-70.95234011999997,
								44.39707822999998
							],
							[
								-70.95578186,
								44.39567151
							],
							[
								-70.95894913000001,
								44.39529772999998
							],
							[
								-70.96324994000003,
								44.396162549999985
							],
							[
								-70.96460400000001,
								44.39610382000001
							],
							[
								-70.96636532000002,
								44.395387159999984
							],
							[
								-70.97218164999998,
								44.39408387999998
							],
							[
								-70.97669746000003,
								44.39320629000002
							],
							[
								-70.97890447999998,
								44.39177246000003
							],
							[
								-70.98187193000001,
								44.39144969
							],
							[
								-70.98804224000003,
								44.393626489999974
							],
							[
								-70.99333754999998,
								44.39613423999998
							],
							[
								-70.99699771000002,
								44.395111540000016
							],
							[
								-71.00284919,
								44.391654459999984
							],
							[
								-71.01035955999998,
								44.38764235000002
							],
							[
								-71.01121945,
								44.386493659999985
							],
							[
								-71.01275664000002,
								44.385706389999996
							],
							[
								-71.01678781999999,
								44.38476105000001
							],
							[
								-71.01875395000002,
								44.38448466
							],
							[
								-71.02182577000002,
								44.384762920000014
							],
							[
								-71.02324271999998,
								44.38519735
							],
							[
								-71.03032798999999,
								44.38919824999999
							],
							[
								-71.03291266000002,
								44.39168606999999
							],
							[
								-71.03481972999998,
								44.39290015
							],
							[
								-71.03678272000002,
								44.39340906000001
							],
							[
								-71.04119205,
								44.39313513000002
							],
							[
								-71.04443788999998,
								44.392533130000004
							],
							[
								-71.04706958000003,
								44.39374357000003
							],
							[
								-71.04906419999998,
								44.393952679999984
							],
							[
								-71.05335401999997,
								44.395059170000025
							],
							[
								-71.05654697,
								44.39770156999998
							],
							[
								-71.05820077999999,
								44.39810201
							],
							[
								-71.06246583000001,
								44.39805436
							],
							[
								-71.06418095999999,
								44.397422989999995
							],
							[
								-71.06756614,
								44.397522149999986
							],
							[
								-71.07185383000001,
								44.39854835
							],
							[
								-71.07373077,
								44.39918161000003
							],
							[
								-71.07479896000001,
								44.40023047
							],
							[
								-71.07527191999998,
								44.40159227999999
							],
							[
								-71.07670628,
								44.40263377000002
							],
							[
								-71.07973127000002,
								44.40319206999999
							],
							[
								-71.08041836000001,
								44.40634434999998
							],
							[
								-71.08244005,
								44.40720593999998
							],
							[
								-71.08535354000003,
								44.40771235
							]
						],
						[
							[
								-71.41455406,
								44.21934576000001
							],
							[
								-71.41341878999998,
								44.22195187
							],
							[
								-71.41079872,
								44.22043229000002
							],
							[
								-71.41055638,
								44.219273939999994
							],
							[
								-71.41127291999999,
								44.218549129999985
							],
							[
								-71.41102358,
								44.217515660000004
							],
							[
								-71.41221619999999,
								44.21691204000001
							],
							[
								-71.41455406,
								44.21934576000001
							]
						],
						[
							[
								-71.50698464999999,
								43.831824110000014
							],
							[
								-71.50753293000002,
								43.83452926000001
							],
							[
								-71.50872991,
								43.835700799999984
							],
							[
								-71.51021157000002,
								43.836400389999994
							],
							[
								-71.49178497000003,
								43.83804343999998
							],
							[
								-71.49070383999998,
								43.835481440000024
							],
							[
								-71.48942720000002,
								43.834376650000024
							],
							[
								-71.48937465,
								43.83344204000002
							],
							[
								-71.48848759999998,
								43.83232755
							],
							[
								-71.49868208999999,
								43.83142376000001
							],
							[
								-71.49812607000001,
								43.828085569999985
							],
							[
								-71.50117511000002,
								43.82881243000003
							],
							[
								-71.5041357,
								43.82997818000001
							],
							[
								-71.50698464999999,
								43.831824110000014
							]
						],
						[
							[
								-71.42637839999998,
								44.21102044000003
							],
							[
								-71.41568519999998,
								44.212357870000005
							],
							[
								-71.39469050000002,
								44.214912260000006
							],
							[
								-71.39399288999999,
								44.214470670000026
							],
							[
								-71.38840972000003,
								44.19511275999997
							],
							[
								-71.38358776000001,
								44.17865991000002
							],
							[
								-71.37867603000001,
								44.17610561999999
							],
							[
								-71.37288812000003,
								44.17375770000001
							],
							[
								-71.35594072999999,
								44.16602157
							],
							[
								-71.35070688000002,
								44.14864718000001
							],
							[
								-71.36198954000002,
								44.14689235999998
							],
							[
								-71.36548476000002,
								44.14602436000001
							],
							[
								-71.38310188000003,
								44.142862949999994
							],
							[
								-71.38485278000002,
								44.14849387999999
							],
							[
								-71.3868415,
								44.155706950000024
							],
							[
								-71.41308592000001,
								44.16796261000002
							],
							[
								-71.42568655000002,
								44.21004073
							],
							[
								-71.42637839999998,
								44.21102044000003
							]
						]
					],
					[
						[
							[
								-71.98329338000002,
								43.90140403999999
							],
							[
								-71.97919105,
								43.90039932000002
							],
							[
								-71.97876428000001,
								43.901247739999974
							],
							[
								-71.9727092,
								43.91128648
							],
							[
								-71.97036333,
								43.91294558999999
							],
							[
								-71.96388180999998,
								43.91303755000001
							],
							[
								-71.96372094999998,
								43.91415986999999
							],
							[
								-71.96433288999998,
								43.91591657999999
							],
							[
								-71.95902405999999,
								43.913532729999986
							],
							[
								-71.95929396999998,
								43.91693934
							],
							[
								-71.95932481,
								43.92034024999998
							],
							[
								-71.95509893000002,
								43.91927934
							],
							[
								-71.95080549,
								43.92591851999998
							],
							[
								-71.94407137000002,
								43.9234879
							],
							[
								-71.94301818999998,
								43.921525110000005
							],
							[
								-71.94220198,
								43.92076302999999
							],
							[
								-71.94190566999998,
								43.919173150000006
							],
							[
								-71.94087001000003,
								43.90782496999998
							],
							[
								-71.93983050999998,
								43.897631760000024
							],
							[
								-71.93797489000002,
								43.89702224000001
							],
							[
								-71.93548771000002,
								43.89545824999999
							],
							[
								-71.93355738000002,
								43.892532449999976
							],
							[
								-71.93084132000001,
								43.88977062999999
							],
							[
								-71.92859049999998,
								43.88700512999998
							],
							[
								-71.9261338,
								43.88356052
							],
							[
								-71.92361605999997,
								43.88227495000001
							],
							[
								-71.92178489000003,
								43.87997476999999
							],
							[
								-71.91954943000002,
								43.87880751
							],
							[
								-71.91762674,
								43.876843010000016
							],
							[
								-71.91279713,
								43.87395533
							],
							[
								-71.91217925000001,
								43.876801030000024
							],
							[
								-71.90994380000001,
								43.88111533
							],
							[
								-71.91142400000001,
								43.88525800999997
							],
							[
								-71.91114170999998,
								43.88891245000002
							],
							[
								-71.91014984999998,
								43.890785419999986
							],
							[
								-71.91021862000002,
								43.89253631999998
							],
							[
								-71.91121040000002,
								43.89414615999999
							],
							[
								-71.91023381000002,
								43.89525228000002
							],
							[
								-71.90944809000001,
								43.89727405000002
							],
							[
								-71.90831885,
								43.89875029000001
							],
							[
								-71.90876916000002,
								43.90154259000002
							],
							[
								-71.90876907,
								43.90464773000002
							],
							[
								-71.90816638000001,
								43.90740955000001
							],
							[
								-71.90833432,
								43.909339699999975
							],
							[
								-71.90768587000002,
								43.91175055000002
							],
							[
								-71.90381000999997,
								43.91521431000001
							],
							[
								-71.90058277999998,
								43.919700320000004
							],
							[
								-71.90040728999998,
								43.92288547999999
							],
							[
								-71.89795823999998,
								43.92408320999999
							],
							[
								-71.89685966000002,
								43.925174330000004
							],
							[
								-71.89500564999997,
								43.92779492
							],
							[
								-71.88520934000002,
								43.928523559999974
							],
							[
								-71.88810079000001,
								43.91952484000001
							],
							[
								-71.88988612000003,
								43.91912432999999
							],
							[
								-71.89349487999999,
								43.913509180000005
							],
							[
								-71.90182621000002,
								43.90026475000002
							],
							[
								-71.89032086999998,
								43.898033269999985
							],
							[
								-71.89313608999998,
								43.89349384000002
							],
							[
								-71.89652352000002,
								43.88926728000001
							],
							[
								-71.89880474,
								43.885784469999976
							],
							[
								-71.8997584,
								43.88400687000001
							],
							[
								-71.90271098,
								43.88049735999999
							],
							[
								-71.90287117999998,
								43.877689780000026
							],
							[
								-71.90245916999999,
								43.87394004999999
							],
							[
								-71.90324499000002,
								43.87091122999999
							],
							[
								-71.90503022000001,
								43.868317349999984
							],
							[
								-71.90317629999998,
								43.86792062000001
							],
							[
								-71.90132993999998,
								43.86500237000001
							],
							[
								-71.89552375,
								43.861164900000006
							],
							[
								-71.89450905000001,
								43.86024936000001
							],
							[
								-71.89273127000001,
								43.85767453
							],
							[
								-71.89153345,
								43.854802140000004
							],
							[
								-71.89087726999998,
								43.852120420000006
							],
							[
								-71.89076282000002,
								43.85033905
							],
							[
								-71.88960301999998,
								43.84248475999999
							],
							[
								-71.88814574000003,
								43.83812082999998
							],
							[
								-71.88584170000001,
								43.83614861000001
							],
							[
								-71.88462850000002,
								43.83433289999999
							],
							[
								-71.88111686000002,
								43.83556933
							],
							[
								-71.87886178000002,
								43.83574748000001
							],
							[
								-71.87697738999998,
								43.83534083000001
							],
							[
								-71.87393687000002,
								43.83507156000002
							],
							[
								-71.87261790999997,
								43.83341109999998
							],
							[
								-71.87034619999997,
								43.829815800000006
							],
							[
								-71.86871527,
								43.82658703999999
							],
							[
								-71.86954943,
								43.82261599999998
							],
							[
								-71.86991789000001,
								43.81925123000002
							],
							[
								-71.86824773000001,
								43.81773934
							],
							[
								-71.86578329999998,
								43.81803689999998
							],
							[
								-71.86288410999998,
								43.81675142
							],
							[
								-71.85823856000002,
								43.81416189999999
							],
							[
								-71.85740476000001,
								43.81246227999998
							],
							[
								-71.85640720999999,
								43.811643609999976
							],
							[
								-71.85329826999998,
								43.80814526
							],
							[
								-71.85181055999999,
								43.80501622999998
							],
							[
								-71.85070886,
								43.803475900000024
							],
							[
								-71.84923985,
								43.802556159999995
							],
							[
								-71.84706104999998,
								43.80016825000001
							],
							[
								-71.84585297000001,
								43.800193379999996
							],
							[
								-71.84340831999998,
								43.802224980000005
							],
							[
								-71.83880676000001,
								43.800735610000004
							],
							[
								-71.83735287000002,
								43.80073967999999
							],
							[
								-71.83344110000002,
								43.80167165
							],
							[
								-71.82969811999999,
								43.80192671999998
							],
							[
								-71.82668131999998,
								43.80161519000001
							],
							[
								-71.81481908,
								43.824009950000004
							],
							[
								-71.78475263000001,
								43.81666825999997
							],
							[
								-71.79372706999999,
								43.798260690000006
							],
							[
								-71.79191307999997,
								43.79780240000002
							],
							[
								-71.79086525000002,
								43.796888430000024
							],
							[
								-71.78627281000001,
								43.79448867000002
							],
							[
								-71.78430659000003,
								43.793146320000005
							],
							[
								-71.78144477000001,
								43.79156151000001
							],
							[
								-71.78112666999999,
								43.79290486999997
							],
							[
								-71.77988324,
								43.795295899999985
							],
							[
								-71.77669694999997,
								43.79800660000001
							],
							[
								-71.77328222,
								43.79860002999999
							],
							[
								-71.76897878,
								43.79775968000001
							],
							[
								-71.76714189,
								43.797062289999985
							],
							[
								-71.76493353000001,
								43.797355519999996
							],
							[
								-71.76153620999997,
								43.80306379000001
							],
							[
								-71.75876111000002,
								43.80442292999999
							],
							[
								-71.75753154,
								43.804218520000006
							],
							[
								-71.75496451999999,
								43.80554995
							],
							[
								-71.75312274999999,
								43.80585761999998
							],
							[
								-71.75153182000003,
								43.80659965000001
							],
							[
								-71.74974558999997,
								43.80901553000001
							],
							[
								-71.74679299000002,
								43.811014460000024
							],
							[
								-71.74554178,
								43.81102973999998
							],
							[
								-71.7443515,
								43.810385069999995
							],
							[
								-71.73771374,
								43.80530786999998
							],
							[
								-71.73536393,
								43.80427788999998
							],
							[
								-71.73222813000001,
								43.80436940999999
							],
							[
								-71.72581924999997,
								43.80496463999998
							],
							[
								-71.72470539,
								43.80476245
							],
							[
								-71.72121870000001,
								43.80032219999998
							],
							[
								-71.71145278,
								43.80115773
							],
							[
								-71.71133078000003,
								43.80381256999999
							],
							[
								-71.71253625000003,
								43.80591829999997
							],
							[
								-71.70811119000001,
								43.80640276999998
							],
							[
								-71.70826376000002,
								43.80850849000001
							],
							[
								-71.70676845000003,
								43.809626219999984
							],
							[
								-71.70359452999998,
								43.810991890000025
							],
							[
								-71.70281634999998,
								43.812395589999994
							],
							[
								-71.70438798999999,
								43.81291054000002
							],
							[
								-71.70506699999999,
								43.813875610000025
							],
							[
								-71.70863773999997,
								43.81697697999999
							],
							[
								-71.70978216999998,
								43.81828539000003
							],
							[
								-71.70995764999998,
								43.822191540000006
							],
							[
								-71.70982793000002,
								43.823843280000006
							],
							[
								-71.70715762999998,
								43.828622989999985
							],
							[
								-71.70709667,
								43.83147255
							],
							[
								-71.70620494000002,
								43.83376233000001
							],
							[
								-71.70545995999998,
								43.83705680999998
							],
							[
								-71.70547798000001,
								43.84002994000002
							],
							[
								-71.70452619999998,
								43.842733020000026
							],
							[
								-71.69880917,
								43.84327643
							],
							[
								-71.69753484,
								43.84371655000001
							],
							[
								-71.69516243999999,
								43.84556221999998
							],
							[
								-71.69446969,
								43.84763912
							],
							[
								-71.69518208,
								43.85018794000001
							],
							[
								-71.69490804999998,
								43.85111563999999
							],
							[
								-71.69329968,
								43.85365131999998
							],
							[
								-71.69573579000001,
								43.85458418000002
							],
							[
								-71.69786023,
								43.857089789999975
							],
							[
								-71.69854067,
								43.85824561999999
							],
							[
								-71.69086302,
								43.860237289999986
							],
							[
								-71.68766774,
								43.86065946999997
							],
							[
								-71.68507426000002,
								43.85954742000001
							],
							[
								-71.67578171000002,
								43.86058421000001
							],
							[
								-71.67568492999999,
								43.86601165000002
							],
							[
								-71.67137029999998,
								43.86694358
							],
							[
								-71.66965761,
								43.869900340000015
							],
							[
								-71.67186648,
								43.870117660000005
							],
							[
								-71.67277167999998,
								43.87507009000001
							],
							[
								-71.67467154000002,
								43.884446389999994
							],
							[
								-71.69399012999997,
								43.88239047000002
							],
							[
								-71.69634876999999,
								43.90692892999999
							],
							[
								-71.69720694,
								43.920863
							],
							[
								-71.70123844,
								43.922299599999974
							],
							[
								-71.70742876999998,
								43.92412256
							],
							[
								-71.70154277,
								43.93470013000001
							],
							[
								-71.69910306000003,
								43.93932152000002
							],
							[
								-71.69730328000003,
								43.94176349999998
							],
							[
								-71.69629192999997,
								43.941809560000024
							],
							[
								-71.69624155999998,
								43.94353375999998
							],
							[
								-71.69481898999999,
								43.94591200000002
							],
							[
								-71.69248104000002,
								43.94546851000001
							],
							[
								-71.69051307000001,
								43.944377900000006
							],
							[
								-71.69002634999998,
								43.94327582
							],
							[
								-71.68887662999998,
								43.94262057999998
							],
							[
								-71.69022038000003,
								43.94129412000001
							],
							[
								-71.68842896000001,
								43.940460540000004
							],
							[
								-71.68834184000002,
								43.944570139999996
							],
							[
								-71.68892032000002,
								43.94533045999998
							],
							[
								-71.68874010000002,
								43.94657981
							],
							[
								-71.68755569000001,
								43.94792808
							],
							[
								-71.69421698000002,
								43.94709978999998
							],
							[
								-71.69278391,
								43.95022540999997
							],
							[
								-71.68786081000002,
								43.959271090000016
							],
							[
								-71.68519672999997,
								43.963166520000016
							],
							[
								-71.68571215999998,
								43.96417592
							],
							[
								-71.6949591,
								43.96706898999997
							],
							[
								-71.68950386,
								43.97643581
							],
							[
								-71.68528514000002,
								43.984462029999975
							],
							[
								-71.68965212,
								43.987366020000024
							],
							[
								-71.69395063000002,
								43.988701030000016
							],
							[
								-71.68920473999998,
								43.99721862000001
							],
							[
								-71.68766284999998,
								43.99963756
							],
							[
								-71.68500812000002,
								44.00466105999999
							],
							[
								-71.68642983000001,
								44.00543103000001
							],
							[
								-71.69228169000002,
								44.007254380000006
							],
							[
								-71.69486145000002,
								44.007892630000015
							],
							[
								-71.68760896999999,
								44.020538199999976
							],
							[
								-71.68590516,
								44.02327048000001
							],
							[
								-71.69222402000003,
								44.024954630000025
							],
							[
								-71.70589052000003,
								44.029188379999994
							],
							[
								-71.70671211000001,
								44.028617269999984
							],
							[
								-71.71119060000001,
								44.029301429999975
							],
							[
								-71.71432942000001,
								44.02878977
							],
							[
								-71.71834851,
								44.028448509999976
							],
							[
								-71.72387207999998,
								44.02605232000002
							],
							[
								-71.72717147999998,
								44.02374032
							],
							[
								-71.72821176999997,
								44.023585879999985
							],
							[
								-71.74302180000001,
								44.02843273000002
							],
							[
								-71.74008045,
								44.03378762
							],
							[
								-71.72969453000002,
								44.030522159999975
							],
							[
								-71.72626813,
								44.03635129000003
							],
							[
								-71.72467377999999,
								44.03409764999998
							],
							[
								-71.72465777000002,
								44.032949040000005
							],
							[
								-71.71699699999999,
								44.030560270000024
							],
							[
								-71.71605038000001,
								44.03229448000002
							],
							[
								-71.71888454999998,
								44.03322104
							],
							[
								-71.72543816000001,
								44.03780617000001
							],
							[
								-71.72395813000003,
								44.040710769999976
							],
							[
								-71.70290455000003,
								44.03429225999997
							],
							[
								-71.70038498999998,
								44.03871914000001
							],
							[
								-71.69151409,
								44.03611755999998
							],
							[
								-71.68937552,
								44.04119694000002
							],
							[
								-71.69768950000002,
								44.044182999999975
							],
							[
								-71.69479496000002,
								44.04949443999999
							],
							[
								-71.68622909999999,
								44.06422257999998
							],
							[
								-71.69838671000002,
								44.06918101000002
							],
							[
								-71.68600425,
								44.091351780000025
							],
							[
								-71.68587973000001,
								44.09165968999997
							],
							[
								-71.69812652000002,
								44.094068530000015
							],
							[
								-71.70115028999999,
								44.095987709999974
							],
							[
								-71.70220934000002,
								44.09743025
							],
							[
								-71.70244129000002,
								44.09848612000002
							],
							[
								-71.70349095,
								44.0993924
							],
							[
								-71.70367892000002,
								44.101759319999985
							],
							[
								-71.69939923999999,
								44.10573311000002
							],
							[
								-71.70435028000003,
								44.10751811
							],
							[
								-71.70262043000002,
								44.111198100000024
							],
							[
								-71.70009814000002,
								44.11598688999999
							],
							[
								-71.69319760000002,
								44.113214640000024
							],
							[
								-71.68864432999999,
								44.11165215
							],
							[
								-71.68295658,
								44.12261934999998
							],
							[
								-71.68756350000001,
								44.124007199999994
							],
							[
								-71.69450341999999,
								44.12643066999999
							],
							[
								-71.69037005000001,
								44.13433156000002
							],
							[
								-71.70264287999998,
								44.13567272
							],
							[
								-71.71442533999999,
								44.13959999999997
							],
							[
								-71.70926772000001,
								44.149652660000015
							],
							[
								-71.69665114999998,
								44.14649159999999
							],
							[
								-71.69560188000003,
								44.148198209999975
							],
							[
								-71.69348688999997,
								44.14748001999999
							],
							[
								-71.68981803999998,
								44.15515855000001
							],
							[
								-71.70916104999998,
								44.160854889999996
							],
							[
								-71.70520992000002,
								44.16868077999999
							],
							[
								-71.70431557,
								44.17151772
							],
							[
								-71.71241838999998,
								44.17549543000001
							],
							[
								-71.73179586999998,
								44.180805050000004
							],
							[
								-71.73276644999999,
								44.17886857000002
							],
							[
								-71.74283385000001,
								44.181747169999994
							],
							[
								-71.74491010999998,
								44.17706707999997
							],
							[
								-71.74362008000003,
								44.176231710000025
							],
							[
								-71.73726513999998,
								44.17444723
							],
							[
								-71.73567686000001,
								44.17323669000001
							],
							[
								-71.74102069999998,
								44.162607709999975
							],
							[
								-71.76388121000002,
								44.16932987000001
							],
							[
								-71.76645939999997,
								44.165409160000024
							],
							[
								-71.77058878999998,
								44.161894529999984
							],
							[
								-71.7727764,
								44.16042705000001
							],
							[
								-71.77599312000001,
								44.15927009000001
							],
							[
								-71.78008483999997,
								44.157317990000024
							],
							[
								-71.78243376,
								44.155827380000005
							],
							[
								-71.81430410000002,
								44.16654355999998
							],
							[
								-71.81658534000002,
								44.16280635999999
							],
							[
								-71.81832035000002,
								44.15867903999998
							],
							[
								-71.82025047000002,
								44.15328794999999
							],
							[
								-71.82319154999999,
								44.15409262999998
							],
							[
								-71.82983051000002,
								44.155302430000006
							],
							[
								-71.8360667,
								44.15758082999997
							],
							[
								-71.83783869000001,
								44.15948298000001
							],
							[
								-71.84116074999997,
								44.16194071000001
							],
							[
								-71.85089567,
								44.15105464999999
							],
							[
								-71.85219562999998,
								44.147473839999975
							],
							[
								-71.85217738,
								44.144877880000024
							],
							[
								-71.85153649,
								44.142219090000026
							],
							[
								-71.85178392,
								44.140324969999995
							],
							[
								-71.85238442999997,
								44.13948753
							],
							[
								-71.86225100000001,
								44.13110753000001
							],
							[
								-71.86936280999998,
								44.132875609999985
							],
							[
								-71.88375688999997,
								44.135950879999996
							],
							[
								-71.88773278999997,
								44.137764730000015
							],
							[
								-71.89068980000002,
								44.14387714999998
							],
							[
								-71.89464497,
								44.143341039999996
							],
							[
								-71.89969932999998,
								44.14416461000002
							],
							[
								-71.90480022999998,
								44.14798112
							],
							[
								-71.90624193999997,
								44.148456580000015
							],
							[
								-71.92030926000001,
								44.143748449999975
							],
							[
								-71.91933311000003,
								44.13937486999998
							],
							[
								-71.91889223999999,
								44.136077409999984
							],
							[
								-71.91532751,
								44.123074280000026
							],
							[
								-71.91712722,
								44.12388807000002
							],
							[
								-71.91956341999997,
								44.122444529999996
							],
							[
								-71.92297051000003,
								44.12307399000002
							],
							[
								-71.92570919000002,
								44.12515309999998
							],
							[
								-71.92679109,
								44.12644076999999
							],
							[
								-71.92832152,
								44.12387819999998
							],
							[
								-71.92541755000002,
								44.12321521000001
							],
							[
								-71.92657373999998,
								44.12121711999998
							],
							[
								-71.92237633000002,
								44.12132953999998
							],
							[
								-71.92038639999998,
								44.12040769999999
							],
							[
								-71.91724950999998,
								44.12036857999999
							],
							[
								-71.91547173999999,
								44.11933333000002
							],
							[
								-71.91391865000003,
								44.11722443000002
							],
							[
								-71.91274769,
								44.11280561000001
							],
							[
								-71.91323584000003,
								44.11168276000001
							],
							[
								-71.91805744999999,
								44.09885412
							],
							[
								-71.92280641999997,
								44.08863921
							],
							[
								-71.92497426,
								44.083587309999984
							],
							[
								-71.92783494999998,
								44.077589139999986
							],
							[
								-71.92946368000003,
								44.073439930000006
							],
							[
								-71.93233706000001,
								44.06785375999999
							],
							[
								-71.93402289,
								44.06375387000003
							],
							[
								-71.93650985,
								44.05813620999999
							],
							[
								-71.94094987,
								44.047670349999976
							],
							[
								-71.93030907999997,
								44.044355370000005
							],
							[
								-71.93399183999998,
								44.03643880999999
							],
							[
								-71.93475410000002,
								44.033708390000015
							],
							[
								-71.93620035999999,
								44.030157169999995
							],
							[
								-71.94196226000003,
								44.01836259999999
							],
							[
								-71.94437353000001,
								44.016813809999974
							],
							[
								-71.94315368000002,
								44.01577186999998
							],
							[
								-71.94341326,
								44.01437511
							],
							[
								-71.94100164000002,
								44.01180491000002
							],
							[
								-71.93891253999999,
								44.013368679999985
							],
							[
								-71.93760915000001,
								44.01344425000002
							],
							[
								-71.93429930000002,
								44.01153356999998
							],
							[
								-71.92901117000002,
								44.007215669999994
							],
							[
								-71.93349776000002,
								44.00406829999997
							],
							[
								-71.93688438999999,
								44.00560445999997
							],
							[
								-71.94324935999998,
								44.008195580000006
							],
							[
								-71.94678126999997,
								44.01005541000001
							],
							[
								-71.94930235999999,
								44.011945690000005
							],
							[
								-71.95557785,
								44.01538224000001
							],
							[
								-71.96145001000002,
								44.00229481000002
							],
							[
								-71.96245942000002,
								43.99914484999999
							],
							[
								-71.96295831999998,
								43.998595920000014
							],
							[
								-71.96828369999997,
								44.00046315999998
							],
							[
								-71.98355807000002,
								44.00609338999999
							],
							[
								-71.98739348999999,
								44.00762739999999
							],
							[
								-71.99504151000002,
								44.01049317000002
							],
							[
								-72.00159681000002,
								44.001079860000004
							],
							[
								-71.99746141000003,
								43.99731231999999
							],
							[
								-71.99591993000001,
								43.99548432
							],
							[
								-71.99435778999998,
								43.99421394000001
							],
							[
								-71.99200079000002,
								43.993073330000016
							],
							[
								-71.99231359999999,
								43.99270661000003
							],
							[
								-71.98897364999999,
								43.991591529999994
							],
							[
								-71.99202215000003,
								43.98477378000001
							],
							[
								-71.99099186000001,
								43.984429120000016
							],
							[
								-71.99257288000001,
								43.97851921
							],
							[
								-71.97208067000003,
								43.95981853000001
							],
							[
								-71.97088280000003,
								43.95960650000001
							],
							[
								-71.96939437999998,
								43.96020979999997
							],
							[
								-71.96788168,
								43.961402659999976
							],
							[
								-71.96736713000001,
								43.96356951000001
							],
							[
								-71.96762983999997,
								43.96432420999997
							],
							[
								-71.96751483000003,
								43.96814835999999
							],
							[
								-71.96546884999998,
								43.96844009
							],
							[
								-71.96373646,
								43.96632534999998
							],
							[
								-71.95952222,
								43.961741389999986
							],
							[
								-71.95602644000002,
								43.95857203999998
							],
							[
								-71.95319362999999,
								43.958770560000005
							],
							[
								-71.95116180999997,
								43.958375209999986
							],
							[
								-71.95067927000002,
								43.95548544000002
							],
							[
								-71.94956808,
								43.95502670000002
							],
							[
								-71.95073659000002,
								43.948108260000026
							],
							[
								-71.95333284999998,
								43.94092337000001
							],
							[
								-71.95651287999999,
								43.94139473000001
							],
							[
								-71.96029886999997,
								43.94226901000002
							],
							[
								-71.95960373000003,
								43.926616000000024
							],
							[
								-71.96721459000003,
								43.929872190000026
							],
							[
								-71.96798629,
								43.924608079999985
							],
							[
								-71.97249584000002,
								43.926509409999994
							],
							[
								-71.97329306,
								43.924478729999976
							],
							[
								-71.97353171999998,
								43.92140225000003
							],
							[
								-71.96907420999997,
								43.91997551999998
							],
							[
								-71.96876455,
								43.91950652999998
							],
							[
								-71.97312590000001,
								43.91502085000002
							],
							[
								-71.97848282000001,
								43.91641176000002
							],
							[
								-71.97850387,
								43.91375524
							],
							[
								-71.97517090999997,
								43.91287884000002
							],
							[
								-71.98079840000003,
								43.90685757
							],
							[
								-71.97945432,
								43.90646504
							],
							[
								-71.97987926000002,
								43.90468028999999
							],
							[
								-71.98329338000002,
								43.90140403999999
							]
						],
						[
							[
								-71.86743889000002,
								43.94133651999999
							],
							[
								-71.86073418000001,
								43.93748094
							],
							[
								-71.86459617000003,
								43.93233473999999
							],
							[
								-71.88011359000001,
								43.93100965999997
							],
							[
								-71.89882386,
								43.92974534000001
							],
							[
								-71.89995835000002,
								43.93092689000002
							],
							[
								-71.90196393000002,
								43.932237380000004
							],
							[
								-71.90399137999998,
								43.93449201999999
							],
							[
								-71.90477800999997,
								43.936436319999984
							],
							[
								-71.90521115000001,
								43.93891966000001
							],
							[
								-71.90602082999999,
								43.94169428999999
							],
							[
								-71.90665985999999,
								43.94260458999997
							],
							[
								-71.90337942000002,
								43.94624054000002
							],
							[
								-71.90853320000002,
								43.948902420000024
							],
							[
								-71.90824430999999,
								43.95451650000001
							],
							[
								-71.90739351000002,
								43.960409019999986
							],
							[
								-71.90537536,
								43.970631509999976
							],
							[
								-71.90406530000001,
								43.97432187999999
							],
							[
								-71.89981609,
								43.98139764000001
							],
							[
								-71.89768916999998,
								43.98443616999998
							],
							[
								-71.89795221999998,
								43.985024450000026
							],
							[
								-71.89564410999998,
								43.98538793
							],
							[
								-71.89335655000002,
								43.986085779999996
							],
							[
								-71.8904708,
								43.98609160000001
							],
							[
								-71.89006466000001,
								43.9882341
							],
							[
								-71.88835182000003,
								43.98928013
							],
							[
								-71.88745827000002,
								43.99154472999999
							],
							[
								-71.88958588000003,
								43.99248375000002
							],
							[
								-71.88997122,
								43.99394767000001
							],
							[
								-71.88774315,
								43.99644097999999
							],
							[
								-71.88693767000001,
								43.99792050000002
							],
							[
								-71.88789388999999,
								43.999023850000015
							],
							[
								-71.88792998000002,
								44.00009356999999
							],
							[
								-71.88647444999998,
								44.00144272
							],
							[
								-71.88669458999999,
								44.003104440000016
							],
							[
								-71.88549180000001,
								44.00515623000001
							],
							[
								-71.88434357,
								44.00627337999998
							],
							[
								-71.8834132,
								44.00645164000002
							],
							[
								-71.88005743000002,
								44.0081821
							],
							[
								-71.87833419999998,
								44.008249990000024
							],
							[
								-71.87554222,
								44.007912490000024
							],
							[
								-71.87198788,
								44.009315360000016
							],
							[
								-71.87335373000002,
								43.99428569999998
							],
							[
								-71.86819280999998,
								43.99235487999999
							],
							[
								-71.86914073999998,
								43.98851035000001
							],
							[
								-71.87271268,
								43.988784650000014
							],
							[
								-71.87731373000003,
								43.980779050000024
							],
							[
								-71.87216403000002,
								43.979251799999986
							],
							[
								-71.87359979000001,
								43.976973799999996
							],
							[
								-71.87475563999999,
								43.97458659
							],
							[
								-71.87761097999999,
								43.971430269999985
							],
							[
								-71.88034427999997,
								43.96524075999997
							],
							[
								-71.88158820000001,
								43.963348129999986
							],
							[
								-71.88316142000002,
								43.96257363000001
							],
							[
								-71.86575586999999,
								43.957989999999995
							],
							[
								-71.86762453,
								43.95375077
							],
							[
								-71.86405288999998,
								43.95261273
							],
							[
								-71.86272111,
								43.95325801000001
							],
							[
								-71.85805922999998,
								43.95185164999998
							],
							[
								-71.86743889000002,
								43.94133651999999
							]
						]
					],
					[
						[
							[
								-71.36560444999998,
								44.62202644000001
							],
							[
								-71.37009970000003,
								44.623402750000025
							],
							[
								-71.37338892999998,
								44.623366369999985
							],
							[
								-71.37510953999998,
								44.62277132999998
							],
							[
								-71.37873307000001,
								44.62066654
							],
							[
								-71.38265521,
								44.61963400000002
							],
							[
								-71.39129585,
								44.61776166999999
							],
							[
								-71.39618373000002,
								44.615711239999996
							],
							[
								-71.39583357999999,
								44.61502888000001
							],
							[
								-71.39814660000002,
								44.61387179000002
							],
							[
								-71.40027619,
								44.61026401999999
							],
							[
								-71.40250694000002,
								44.60601901000001
							],
							[
								-71.40377083999999,
								44.60408662999998
							],
							[
								-71.40651266999998,
								44.60180939999998
							],
							[
								-71.40857618000001,
								44.5988509
							],
							[
								-71.41118132999998,
								44.59691031
							],
							[
								-71.41432794000002,
								44.59581559999998
							],
							[
								-71.41962366000001,
								44.59530253999998
							],
							[
								-71.42222228000003,
								44.59555670999998
							],
							[
								-71.42366279999999,
								44.59600554000002
							],
							[
								-71.42847215,
								44.59810637999999
							],
							[
								-71.42967636999998,
								44.59882971000002
							],
							[
								-71.43082772999998,
								44.60036844000001
							],
							[
								-71.43119428,
								44.60161796
							],
							[
								-71.43585888000001,
								44.60426739000002
							],
							[
								-71.44039357000003,
								44.60556457000001
							],
							[
								-71.44725183999998,
								44.606125220000024
							],
							[
								-71.45512316999998,
								44.60563406
							],
							[
								-71.45731033999999,
								44.605617800000005
							],
							[
								-71.46115100999998,
								44.60605807000002
							],
							[
								-71.46904179,
								44.60759968999997
							],
							[
								-71.47552413,
								44.608339720000004
							],
							[
								-71.47961781999999,
								44.60906325000002
							],
							[
								-71.48290988999997,
								44.60995091000001
							],
							[
								-71.48856111999999,
								44.61071972000002
							],
							[
								-71.48852048999998,
								44.60914396999999
							],
							[
								-71.48940613000002,
								44.60903569999999
							],
							[
								-71.48875204000001,
								44.606777910000005
							],
							[
								-71.48032790000002,
								44.60767670000001
							],
							[
								-71.48018662999999,
								44.59649660000002
							],
							[
								-71.47962476999999,
								44.58855139000002
							],
							[
								-71.48325714999999,
								44.58955119000001
							],
							[
								-71.48407406000001,
								44.58807359000002
							],
							[
								-71.48646986,
								44.587804670000025
							],
							[
								-71.48645413999998,
								44.58528789000002
							],
							[
								-71.48518005,
								44.58473452999999
							],
							[
								-71.48811369999999,
								44.578200630000026
							],
							[
								-71.48524534,
								44.57656652999998
							],
							[
								-71.48059955000002,
								44.58071905999998
							],
							[
								-71.47951436,
								44.58011037
							],
							[
								-71.47978541999998,
								44.571172709999985
							],
							[
								-71.47948298,
								44.56593941
							],
							[
								-71.47145096000003,
								44.56631895999999
							],
							[
								-71.47093912999998,
								44.55886201999999
							],
							[
								-71.47896902999997,
								44.55848264000002
							],
							[
								-71.47815062000001,
								44.54265803999999
							],
							[
								-71.47797424999999,
								44.53065083000001
							],
							[
								-71.4675307,
								44.53118902
							],
							[
								-71.46721296999999,
								44.52595341
							],
							[
								-71.46627961000002,
								44.520384079999985
							],
							[
								-71.46066685,
								44.52068398
							],
							[
								-71.45992366000002,
								44.51525418
							],
							[
								-71.46525157000002,
								44.514816670000016
							],
							[
								-71.46427061000003,
								44.50855309999997
							],
							[
								-71.45726621,
								44.511362399999996
							],
							[
								-71.45661342,
								44.50500373
							],
							[
								-71.45620893,
								44.49789229999999
							],
							[
								-71.43420891,
								44.49091496
							],
							[
								-71.43221778999998,
								44.48074944000001
							],
							[
								-71.43057993000002,
								44.465247550000015
							],
							[
								-71.42970671,
								44.460673429999986
							],
							[
								-71.4405984,
								44.459348750000004
							],
							[
								-71.45165515999997,
								44.47308819
							],
							[
								-71.45281948000002,
								44.47259445999998
							],
							[
								-71.45403205000002,
								44.47380795999999
							],
							[
								-71.45665652999998,
								44.47240563999998
							],
							[
								-71.45938307,
								44.471577930000024
							],
							[
								-71.46159885999998,
								44.47144886000001
							],
							[
								-71.46311057999998,
								44.473130379999986
							],
							[
								-71.46568121000001,
								44.472045460000004
							],
							[
								-71.46629290999999,
								44.47246937
							],
							[
								-71.46875446000001,
								44.4756433
							],
							[
								-71.46996507,
								44.475155210000025
							],
							[
								-71.47197254000002,
								44.477517560000024
							],
							[
								-71.47322163000001,
								44.47635826999999
							],
							[
								-71.47656252000002,
								44.47461998
							],
							[
								-71.47557419999998,
								44.4726996
							],
							[
								-71.47462860000002,
								44.47312340000002
							],
							[
								-71.47336686,
								44.47132945999999
							],
							[
								-71.47189452999999,
								44.469822179999994
							],
							[
								-71.47402818,
								44.46905994000002
							],
							[
								-71.47205993,
								44.466754949999995
							],
							[
								-71.47053490000002,
								44.46575403000003
							],
							[
								-71.46530034,
								44.46784918999998
							],
							[
								-71.46305545000001,
								44.46840737000002
							],
							[
								-71.46123295000001,
								44.46517047999998
							],
							[
								-71.46022178999999,
								44.46405751999998
							],
							[
								-71.46658584,
								44.461724960000026
							],
							[
								-71.46250887999997,
								44.46109636
							],
							[
								-71.45868318999999,
								44.46249953
							],
							[
								-71.45512631999998,
								44.457477830000016
							],
							[
								-71.45291443999997,
								44.45520198000003
							],
							[
								-71.45117769000001,
								44.454008380000005
							],
							[
								-71.44841434,
								44.453877610000006
							],
							[
								-71.44507755000001,
								44.452214949999984
							],
							[
								-71.44494871,
								44.450906859999975
							],
							[
								-71.44561869,
								44.44959881
							],
							[
								-71.44490506,
								44.444499269999994
							],
							[
								-71.44985186999997,
								44.44369080000001
							],
							[
								-71.45974265000001,
								44.44232046000002
							],
							[
								-71.45869859999999,
								44.43795252000001
							],
							[
								-71.46865899,
								44.43696620999998
							],
							[
								-71.46753386,
								44.43232169999999
							],
							[
								-71.45740716,
								44.43374822999999
							],
							[
								-71.46609303999998,
								44.428106300000024
							],
							[
								-71.45635678999997,
								44.42925242000001
							],
							[
								-71.45545601999999,
								44.42498984000002
							],
							[
								-71.45663467000003,
								44.42472816999998
							],
							[
								-71.45797950000002,
								44.42360703000003
							],
							[
								-71.46263633000001,
								44.421328930000016
							],
							[
								-71.46943349999998,
								44.41898021999998
							],
							[
								-71.47104557,
								44.41879989
							],
							[
								-71.47229485999998,
								44.41813739000003
							],
							[
								-71.47146246,
								44.41729622999998
							],
							[
								-71.46984999,
								44.41746067999998
							],
							[
								-71.46681067999998,
								44.41823539000001
							],
							[
								-71.46580238000001,
								44.416973799999994
							],
							[
								-71.46679666,
								44.41585380999999
							],
							[
								-71.46402345000001,
								44.4143947
							],
							[
								-71.46414618,
								44.41594156000002
							],
							[
								-71.45735445999998,
								44.41664515000002
							],
							[
								-71.45376654,
								44.41719912999997
							],
							[
								-71.45212461,
								44.40991888999997
							],
							[
								-71.43887468000003,
								44.41122904000002
							],
							[
								-71.43258266999999,
								44.41196728
							],
							[
								-71.42199867,
								44.41291195000002
							],
							[
								-71.42308792,
								44.41791267000002
							],
							[
								-71.42026708999998,
								44.41825287
							],
							[
								-71.42001893999998,
								44.417184529999986
							],
							[
								-71.40028054999999,
								44.411794999999984
							],
							[
								-71.39399966000002,
								44.41001671999999
							],
							[
								-71.38630333999998,
								44.40806735000001
							],
							[
								-71.38704974000001,
								44.424660259999996
							],
							[
								-71.38745963000002,
								44.43108367999997
							],
							[
								-71.38241550999999,
								44.42639079000003
							],
							[
								-71.38240081999999,
								44.42485842999997
							],
							[
								-71.37739807999998,
								44.42488319
							],
							[
								-71.37134345999999,
								44.41800476999998
							],
							[
								-71.36311827999998,
								44.416088179999974
							],
							[
								-71.35196617000003,
								44.41692354000003
							],
							[
								-71.34963427000002,
								44.41154977000002
							],
							[
								-71.34723402999998,
								44.407293330000016
							],
							[
								-71.34167049000001,
								44.40345632999998
							],
							[
								-71.33553103999998,
								44.400015989999986
							],
							[
								-71.33031416,
								44.39618982000002
							],
							[
								-71.32079166,
								44.393274700000006
							],
							[
								-71.31465352999999,
								44.39817995999999
							],
							[
								-71.30499694999997,
								44.401042949999976
							],
							[
								-71.29503679999999,
								44.40529766999998
							],
							[
								-71.29504472999997,
								44.40941273999999
							],
							[
								-71.28700100999998,
								44.41728138000002
							],
							[
								-71.28735509,
								44.426674649999995
							],
							[
								-71.28089254000002,
								44.42666624999998
							],
							[
								-71.28078742999998,
								44.43333168999999
							],
							[
								-71.27452432000001,
								44.433340629999975
							],
							[
								-71.27098977999998,
								44.43520276999999
							],
							[
								-71.27040414999999,
								44.43940082
							],
							[
								-71.26845749,
								44.440793980000024
							],
							[
								-71.26364344000001,
								44.443048499999975
							],
							[
								-71.26211747000002,
								44.44351759
							],
							[
								-71.26007278999998,
								44.443521369999985
							],
							[
								-71.25711246999998,
								44.442544880000014
							],
							[
								-71.25603609000001,
								44.443582040000024
							],
							[
								-71.25317557,
								44.44340692999998
							],
							[
								-71.25003994999997,
								44.44532179999999
							],
							[
								-71.24555376,
								44.44653122
							],
							[
								-71.24281478,
								44.44676378999998
							],
							[
								-71.23669618000002,
								44.44656170000002
							],
							[
								-71.23826772000001,
								44.44741997
							],
							[
								-71.24257842999998,
								44.44920897999998
							],
							[
								-71.24488265999997,
								44.450749959999996
							],
							[
								-71.24630164000001,
								44.452085150000016
							],
							[
								-71.24794204,
								44.45414503000001
							],
							[
								-71.24817839000002,
								44.455468629999984
							],
							[
								-71.24447837999998,
								44.45655191999998
							],
							[
								-71.23817630000002,
								44.45921081
							],
							[
								-71.2365972,
								44.46022541999997
							],
							[
								-71.23557485999999,
								44.46162921000001
							],
							[
								-71.23525427999999,
								44.46296422
							],
							[
								-71.23566647000001,
								44.46457774999999
							],
							[
								-71.23692534000003,
								44.46631722000001
							],
							[
								-71.22214713,
								44.46684368000001
							],
							[
								-71.24040456,
								44.48759116000002
							],
							[
								-71.23825325000001,
								44.494003280000015
							],
							[
								-71.24527991999997,
								44.493980350000015
							],
							[
								-71.24286918000001,
								44.50005706000002
							],
							[
								-71.24952858,
								44.50132977999999
							],
							[
								-71.27662913,
								44.50229324999998
							],
							[
								-71.27335547000001,
								44.50867907000003
							],
							[
								-71.28039218999999,
								44.50855462999999
							],
							[
								-71.27545406000002,
								44.51830488000002
							],
							[
								-71.28478633999998,
								44.51804722000003
							],
							[
								-71.28114456999998,
								44.52562611000002
							],
							[
								-71.29490097000001,
								44.525457589999974
							],
							[
								-71.29027274999999,
								44.53438545
							],
							[
								-71.30072025999999,
								44.53445069000003
							],
							[
								-71.29572307000001,
								44.54402056999999
							],
							[
								-71.29299786000001,
								44.54903223000002
							],
							[
								-71.29443565999998,
								44.5499221
							],
							[
								-71.29450300000002,
								44.55090892999999
							],
							[
								-71.2938446,
								44.552870240000004
							],
							[
								-71.29400458999999,
								44.553560430000005
							],
							[
								-71.29753853,
								44.55688987000002
							],
							[
								-71.29712303000002,
								44.55867893999999
							],
							[
								-71.29804548999999,
								44.559116010000025
							],
							[
								-71.29940589,
								44.56187523
							],
							[
								-71.30103759000002,
								44.563215660000026
							],
							[
								-71.30174276000002,
								44.564380219999975
							],
							[
								-71.30525397999997,
								44.564702239999974
							],
							[
								-71.30607992,
								44.566489209999986
							],
							[
								-71.30846383,
								44.56857475999999
							],
							[
								-71.31046420000001,
								44.57086121999998
							],
							[
								-71.30918113000001,
								44.57234226000003
							],
							[
								-71.30655768999998,
								44.572974320000014
							],
							[
								-71.30346424999999,
								44.57433751999997
							],
							[
								-71.30337036999998,
								44.57513977999997
							],
							[
								-71.30432829,
								44.57649199999997
							],
							[
								-71.30267910999999,
								44.57805509000002
							],
							[
								-71.30152073,
								44.579940369999974
							],
							[
								-71.30156167000001,
								44.582754420000015
							],
							[
								-71.30269429999998,
								44.58412801999998
							],
							[
								-71.30242978000001,
								44.58517157
							],
							[
								-71.30321637999998,
								44.58682626000001
							],
							[
								-71.302301,
								44.587553319999984
							],
							[
								-71.30201707999998,
								44.589548639999975
							],
							[
								-71.30131146000002,
								44.59177089000002
							],
							[
								-71.30228070999999,
								44.59221322000002
							],
							[
								-71.30220351999998,
								44.59471746000003
							],
							[
								-71.30532819000001,
								44.596949670000015
							],
							[
								-71.30514832,
								44.597933609999984
							],
							[
								-71.30694987999999,
								44.59940677999998
							],
							[
								-71.30723244,
								44.60115026
							],
							[
								-71.30842496000002,
								44.60199899000003
							],
							[
								-71.30851829,
								44.60307008000001
							],
							[
								-71.31009423,
								44.60493502000003
							],
							[
								-71.31184143000002,
								44.60494643999999
							],
							[
								-71.31377177000002,
								44.60824216999998
							],
							[
								-71.31470259000002,
								44.60905081999999
							],
							[
								-71.31760951000001,
								44.609062240000014
							],
							[
								-71.31886073999999,
								44.60842151000003
							],
							[
								-71.31887604999997,
								44.606879119999974
							],
							[
								-71.31988283999999,
								44.606449380000015
							],
							[
								-71.32222308000001,
								44.604271170000004
							],
							[
								-71.32453208999999,
								44.60391609999999
							],
							[
								-71.32697610999998,
								44.60422674
							],
							[
								-71.33134364,
								44.60608449
							],
							[
								-71.33216779999998,
								44.60593265
							],
							[
								-71.33590948,
								44.608546450000006
							],
							[
								-71.33935011,
								44.61053055999997
							],
							[
								-71.34651399,
								44.613584059999994
							],
							[
								-71.34943641000001,
								44.61539471999998
							],
							[
								-71.35302625999998,
								44.61681618
							],
							[
								-71.35772594000002,
								44.61783172000003
							],
							[
								-71.35981764000002,
								44.619626700000026
							],
							[
								-71.36209283,
								44.62086169000003
							],
							[
								-71.36560444999998,
								44.62202644000001
							]
						]
					],
					[
						[
							[
								-71.02194200000002,
								44.48966200000001
							],
							[
								-71.02284900000001,
								44.50005599999997
							],
							[
								-71.02329637000003,
								44.507739560000005
							],
							[
								-71.02968055999997,
								44.51285396999998
							],
							[
								-71.03653856,
								44.513688030000026
							],
							[
								-71.03785089000002,
								44.51053820999999
							],
							[
								-71.03783919,
								44.509256419999986
							],
							[
								-71.04024680999999,
								44.50874196000001
							],
							[
								-71.04518440999999,
								44.50716593999999
							],
							[
								-71.03868645,
								44.50547024000002
							],
							[
								-71.03860119000001,
								44.50495706999999
							],
							[
								-71.04747623999998,
								44.504812300000026
							],
							[
								-71.04647852,
								44.49674489
							],
							[
								-71.06448710000001,
								44.49601063
							],
							[
								-71.06452840999998,
								44.48691084000001
							],
							[
								-71.07718108,
								44.48458843999998
							],
							[
								-71.07723743999998,
								44.48359506000003
							],
							[
								-71.07923019999998,
								44.48204679000003
							],
							[
								-71.07606297000001,
								44.48074341
							],
							[
								-71.06592831,
								44.483836680000024
							],
							[
								-71.06584930999998,
								44.48100391999998
							],
							[
								-71.09335371999998,
								44.46338732999999
							],
							[
								-71.10718164000002,
								44.46269745000001
							],
							[
								-71.11034846000001,
								44.44433201999999
							],
							[
								-71.11990771,
								44.44707619000002
							],
							[
								-71.13943383999998,
								44.44551894
							],
							[
								-71.14186425999998,
								44.439549699999986
							],
							[
								-71.14912884,
								44.43948954000001
							],
							[
								-71.14919077000002,
								44.43848914
							],
							[
								-71.1511165,
								44.438277400000004
							],
							[
								-71.16166652999999,
								44.43819036999997
							],
							[
								-71.16097069,
								44.41707484
							],
							[
								-71.16588546000003,
								44.41704483000001
							],
							[
								-71.16570915,
								44.412272299999984
							],
							[
								-71.16372102000003,
								44.41230999999999
							],
							[
								-71.16371188,
								44.410914820000016
							],
							[
								-71.16080098999998,
								44.41099250000002
							],
							[
								-71.16083225,
								44.41183799999999
							],
							[
								-71.15145577999999,
								44.413401650000026
							],
							[
								-71.14981286,
								44.41481442999998
							],
							[
								-71.14879566000002,
								44.41426190999999
							],
							[
								-71.14741036999999,
								44.40910702999997
							],
							[
								-71.14418152000002,
								44.40850155999999
							],
							[
								-71.14089819999998,
								44.40639807000002
							],
							[
								-71.14103864999998,
								44.40387034999998
							],
							[
								-71.13016528999998,
								44.403218519999996
							],
							[
								-71.12945330999997,
								44.396070269999996
							],
							[
								-71.12742064999998,
								44.398286840000026
							],
							[
								-71.12682668000002,
								44.40000835000001
							],
							[
								-71.12439805999998,
								44.40141294
							],
							[
								-71.12089370000001,
								44.40227048999998
							],
							[
								-71.11809037,
								44.40450117
							],
							[
								-71.11626226999999,
								44.40466108999999
							],
							[
								-71.11538618999998,
								44.406536329999994
							],
							[
								-71.12044810999998,
								44.40857140000003
							],
							[
								-71.13063739,
								44.40817457000003
							],
							[
								-71.13042367000003,
								44.40591009000002
							],
							[
								-71.13707431,
								44.406325760000016
							],
							[
								-71.13701579999997,
								44.40745663000001
							],
							[
								-71.14222770999999,
								44.410955520000016
							],
							[
								-71.14405089000002,
								44.411281350000024
							],
							[
								-71.14519614,
								44.41582864999998
							],
							[
								-71.15056172999999,
								44.418581399999994
							],
							[
								-71.15227532,
								44.41705473000002
							],
							[
								-71.15547376,
								44.418610279999996
							],
							[
								-71.15218135999999,
								44.427854860000025
							],
							[
								-71.15597057000002,
								44.432109079999975
							],
							[
								-71.15407323,
								44.43386896999999
							],
							[
								-71.14980645999998,
								44.43247742
							],
							[
								-71.14700455000002,
								44.436747920000016
							],
							[
								-71.14068996999998,
								44.436780940000006
							],
							[
								-71.13711332999998,
								44.43849542999999
							],
							[
								-71.09428802999997,
								44.439194929999985
							],
							[
								-71.09159857999998,
								44.44213853999997
							],
							[
								-71.09111132999999,
								44.44671174000001
							],
							[
								-71.08733001000002,
								44.44985534
							],
							[
								-71.08183226,
								44.44947867000002
							],
							[
								-71.07419113999998,
								44.453826419999984
							],
							[
								-71.06964382000001,
								44.44852544999998
							],
							[
								-71.06399828999997,
								44.451378009999985
							],
							[
								-71.06339343000002,
								44.45373859
							],
							[
								-71.06352046,
								44.455352129999994
							],
							[
								-71.05904757000002,
								44.46024476000002
							],
							[
								-71.05104181000002,
								44.463134749999995
							],
							[
								-71.04508657999997,
								44.46291308999997
							],
							[
								-71.04493810999998,
								44.46585945999999
							],
							[
								-71.03744947000001,
								44.46919393000002
							],
							[
								-71.03760650999999,
								44.477752399999986
							],
							[
								-71.03201995,
								44.48052572
							],
							[
								-71.02147829,
								44.483994370000005
							],
							[
								-71.02194200000002,
								44.48966200000001
							]
						]
					],
					[
						[
							[
								-70.64247920999998,
								43.575263029999974
							],
							[
								-70.64532660999998,
								43.576944070000025
							],
							[
								-70.64754921000002,
								43.57905986999998
							],
							[
								-70.64915788000002,
								43.58107345000002
							],
							[
								-70.66609404000002,
								43.56381056999999
							],
							[
								-70.6823273,
								43.547782840000025
							],
							[
								-70.69546528000001,
								43.53459075000001
							],
							[
								-70.69426017,
								43.53230359999998
							],
							[
								-70.69126308,
								43.53077665000001
							],
							[
								-70.68809859999999,
								43.528355369999986
							],
							[
								-70.68473688,
								43.52542543999999
							],
							[
								-70.68218049000001,
								43.52140880000002
							],
							[
								-70.68094957,
								43.51889950999998
							],
							[
								-70.67829491999998,
								43.51939808999998
							],
							[
								-70.67443200000002,
								43.51966967999999
							],
							[
								-70.67281695000003,
								43.52019739999997
							],
							[
								-70.6694867,
								43.52057965
							],
							[
								-70.66689181999999,
								43.522515020000014
							],
							[
								-70.66357820000002,
								43.52424576999999
							],
							[
								-70.66098863000002,
								43.52638845000001
							],
							[
								-70.65844643999998,
								43.527292569999986
							],
							[
								-70.65652311999997,
								43.528476739999974
							],
							[
								-70.65214292000002,
								43.53071928999998
							],
							[
								-70.65263503,
								43.531579369999974
							],
							[
								-70.65229548000002,
								43.53331866000002
							],
							[
								-70.65112561000001,
								43.535247819999995
							],
							[
								-70.65091021,
								43.53780809
							],
							[
								-70.64896828000002,
								43.53907387999999
							],
							[
								-70.64778132999999,
								43.53814233000003
							],
							[
								-70.64250411,
								43.53740299999998
							],
							[
								-70.63987004,
								43.53795229000002
							],
							[
								-70.63803860000002,
								43.5395499
							],
							[
								-70.63504069999999,
								43.53945945999999
							],
							[
								-70.63174100999998,
								43.538002000000006
							],
							[
								-70.62870455000001,
								43.53571808999999
							],
							[
								-70.62316113999998,
								43.53415896000001
							],
							[
								-70.62070191999999,
								43.535150009999995
							],
							[
								-70.61962519000002,
								43.53526904
							],
							[
								-70.61634923000003,
								43.53467804000002
							],
							[
								-70.61505026999998,
								43.53563035000002
							],
							[
								-70.61269489,
								43.53593781000001
							],
							[
								-70.61063249,
								43.535774189999984
							],
							[
								-70.60906868000001,
								43.536730190000014
							],
							[
								-70.60710427999999,
								43.537187689999996
							],
							[
								-70.60626515000001,
								43.53781473999999
							],
							[
								-70.60591120999999,
								43.53906489000002
							],
							[
								-70.60469945,
								43.541008980000015
							],
							[
								-70.60130608999998,
								43.542531610000026
							],
							[
								-70.59957758000002,
								43.54552914999999
							],
							[
								-70.60665487,
								43.54957357000001
							],
							[
								-70.60810226000001,
								43.55077318999997
							],
							[
								-70.61110042000001,
								43.55267709999998
							],
							[
								-70.61340797000003,
								43.55340610000002
							],
							[
								-70.61576568999999,
								43.554557450000004
							],
							[
								-70.61743244000002,
								43.555972380000014
							],
							[
								-70.61778233000001,
								43.55890087
							],
							[
								-70.61847087000001,
								43.56107358000003
							],
							[
								-70.6223488,
								43.56501677
							],
							[
								-70.62395557999997,
								43.56598814
							],
							[
								-70.62795919000001,
								43.56772932000001
							],
							[
								-70.63174299000002,
								43.56973966999999
							],
							[
								-70.63402689999998,
								43.56996306999997
							],
							[
								-70.6360517,
								43.56979359000002
							],
							[
								-70.63688625999998,
								43.571114239999986
							],
							[
								-70.63920271,
								43.57334537999998
							],
							[
								-70.64247920999998,
								43.575263029999974
							]
						]
					],
					[
						[
							[
								-70.65959248000001,
								43.467143720000024
							],
							[
								-70.66151149000001,
								43.46835692000002
							],
							[
								-70.66326436000003,
								43.47013522999998
							],
							[
								-70.66523739000002,
								43.471653730000014
							],
							[
								-70.67161004000002,
								43.47450626
							],
							[
								-70.67322383999999,
								43.47534314000001
							],
							[
								-70.67473360999998,
								43.47837007999999
							],
							[
								-70.67744195,
								43.48089320999998
							],
							[
								-70.67929810999999,
								43.48184642000001
							],
							[
								-70.68323519,
								43.48437782000002
							],
							[
								-70.68907968000002,
								43.48123986000002
							],
							[
								-70.69164246000003,
								43.47903775999998
							],
							[
								-70.69227813999998,
								43.47770535000001
							],
							[
								-70.69334885,
								43.47428402999998
							],
							[
								-70.69510009999999,
								43.47194689999998
							],
							[
								-70.69648142,
								43.468414730000006
							],
							[
								-70.69656520000001,
								43.46660044999999
							],
							[
								-70.69789599,
								43.46447368999998
							],
							[
								-70.69893667999997,
								43.46400090999998
							],
							[
								-70.70108691000001,
								43.464269349999995
							],
							[
								-70.70034074,
								43.46220901999999
							],
							[
								-70.70025353,
								43.46038962
							],
							[
								-70.69883761,
								43.45639977000002
							],
							[
								-70.69326740000002,
								43.45326118000003
							],
							[
								-70.6945412,
								43.451272500000016
							],
							[
								-70.69715188999999,
								43.448904519999985
							],
							[
								-70.69902656,
								43.44577117
							],
							[
								-70.69964511,
								43.44403123000001
							],
							[
								-70.69907179,
								43.44289230999999
							],
							[
								-70.70228320000001,
								43.43998934000001
							],
							[
								-70.69668064000001,
								43.435119180000015
							],
							[
								-70.69557135999997,
								43.43454319
							],
							[
								-70.69212441000002,
								43.43457394000001
							],
							[
								-70.68931917999998,
								43.43248080000001
							],
							[
								-70.68727467000002,
								43.43153054999999
							],
							[
								-70.68476547,
								43.42999470000001
							],
							[
								-70.68289798,
								43.42834720000002
							],
							[
								-70.67822847999997,
								43.42570934999998
							],
							[
								-70.67497464000002,
								43.42459279000002
							],
							[
								-70.67007851,
								43.423878
							],
							[
								-70.66635377,
								43.42295194000002
							],
							[
								-70.66415976000002,
								43.421635709999975
							],
							[
								-70.66092515999998,
								43.42018139999999
							],
							[
								-70.66033083000002,
								43.41894401000002
							],
							[
								-70.65756729999998,
								43.418310039999994
							],
							[
								-70.65593832000002,
								43.41714889000002
							],
							[
								-70.65342399000002,
								43.41743045999999
							],
							[
								-70.65235149,
								43.417149789999996
							],
							[
								-70.65054179999998,
								43.41758446
							],
							[
								-70.64974034,
								43.419025999999974
							],
							[
								-70.64778411999998,
								43.42025942999999
							],
							[
								-70.64625059999997,
								43.42054710999997
							],
							[
								-70.64396993000003,
								43.420150920000026
							],
							[
								-70.64248144999999,
								43.420743630000004
							],
							[
								-70.63408865999997,
								43.429512569999986
							],
							[
								-70.63731274000003,
								43.431001400000014
							],
							[
								-70.63996137999999,
								43.43255676000001
							],
							[
								-70.64541372000002,
								43.437620289999984
							],
							[
								-70.64785325000003,
								43.439556470000014
							],
							[
								-70.64997506999998,
								43.439751909999984
							],
							[
								-70.65145275999998,
								43.440252380000004
							],
							[
								-70.65279856000001,
								43.44175200000001
							],
							[
								-70.65576553,
								43.444338430000016
							],
							[
								-70.65433459000002,
								43.44544986
							],
							[
								-70.65314998000002,
								43.44698796
							],
							[
								-70.65034483,
								43.449524310000015
							],
							[
								-70.64872537000002,
								43.45147936000001
							],
							[
								-70.64530466999997,
								43.45189425000001
							],
							[
								-70.64385054000002,
								43.45309765000002
							],
							[
								-70.64171883,
								43.45399035999998
							],
							[
								-70.64109502000002,
								43.45696075000001
							],
							[
								-70.64486632,
								43.456972699999994
							],
							[
								-70.64691828999997,
								43.45808495
							],
							[
								-70.64859897000002,
								43.45974037000002
							],
							[
								-70.65068617999998,
								43.460471429999984
							],
							[
								-70.65263286999999,
								43.46188295000002
							],
							[
								-70.65502421000002,
								43.464595410000015
							],
							[
								-70.65959248000001,
								43.467143720000024
							]
						]
					],
					[
						[
							[
								-71.98908277999999,
								43.89874973000002
							],
							[
								-71.99258537999998,
								43.894687550000015
							],
							[
								-72.00072667,
								43.886471900000004
							],
							[
								-72.00094759000001,
								43.88634904000003
							],
							[
								-72.01188708000001,
								43.88937335000003
							],
							[
								-72.01949754999998,
								43.89064816000001
							],
							[
								-72.01968922999998,
								43.890549599999986
							],
							[
								-72.02619024,
								43.89214156000003
							],
							[
								-72.03392643000001,
								43.88497374000002
							],
							[
								-72.02895523000001,
								43.88341756
							],
							[
								-72.03465066000001,
								43.87906398000001
							],
							[
								-72.03691476,
								43.8770025
							],
							[
								-72.03763282,
								43.87504043000001
							],
							[
								-72.03259258000003,
								43.87395074
							],
							[
								-72.03642471,
								43.870052939999994
							],
							[
								-72.03598099999999,
								43.86993331000002
							],
							[
								-72.04446209000002,
								43.861676680000016
							],
							[
								-72.04174158000001,
								43.858707270000025
							],
							[
								-72.04411162999997,
								43.85611712000002
							],
							[
								-72.03387248000001,
								43.85360989999998
							],
							[
								-72.03171593000002,
								43.84850759
							],
							[
								-72.03180953999998,
								43.8392053
							],
							[
								-72.03189917999998,
								43.838464810000005
							],
							[
								-72.03387706000001,
								43.83060247999998
							],
							[
								-72.03948699,
								43.82960910000003
							],
							[
								-72.04794011000001,
								43.83067864999998
							],
							[
								-72.04887895000002,
								43.82729076999999
							],
							[
								-72.06132369,
								43.82342514999999
							],
							[
								-72.06403642999999,
								43.81247946000002
							],
							[
								-72.06716484999998,
								43.80713094999999
							],
							[
								-72.07035867000002,
								43.80124372
							],
							[
								-72.07129928,
								43.80150194999999
							],
							[
								-72.07403376000002,
								43.79781767999998
							],
							[
								-72.08108300999999,
								43.79505846000001
							],
							[
								-72.08292597000002,
								43.79506950000001
							],
							[
								-72.08368893,
								43.795975880000015
							],
							[
								-72.08506010999997,
								43.79583078000002
							],
							[
								-72.08544351,
								43.79502573000002
							],
							[
								-72.09620138000002,
								43.79285537999999
							],
							[
								-72.09590778,
								43.793865229999994
							],
							[
								-72.09948329999997,
								43.792920719999984
							],
							[
								-72.09911174000001,
								43.79041460000002
							],
							[
								-72.09825021,
								43.79087267
							],
							[
								-72.09450661,
								43.79009328000001
							],
							[
								-72.08704932,
								43.79208215
							],
							[
								-72.08119341000003,
								43.79239178
							],
							[
								-72.07808132000002,
								43.79163254000002
							],
							[
								-72.07657046000003,
								43.79504209999999
							],
							[
								-72.07366776999999,
								43.794301510000025
							],
							[
								-72.07261605999997,
								43.79577809
							],
							[
								-72.07142305999997,
								43.79671234
							],
							[
								-72.06864975000002,
								43.79622611000002
							],
							[
								-72.06506671,
								43.79424620999998
							],
							[
								-72.06430289000002,
								43.794498739999995
							],
							[
								-72.06270941999998,
								43.79727756
							],
							[
								-72.06013847999998,
								43.79831796000002
							],
							[
								-72.05662795,
								43.797146680000026
							],
							[
								-72.05609145,
								43.79758831999999
							],
							[
								-72.05135568999998,
								43.79576967999998
							],
							[
								-72.04701028,
								43.79978612999997
							],
							[
								-72.03967885999998,
								43.79708959999999
							],
							[
								-72.03120658,
								43.824293850000004
							],
							[
								-72.02887387999999,
								43.82400364
							],
							[
								-72.02466822999997,
								43.83731967
							],
							[
								-72.02802216999999,
								43.83822722000002
							],
							[
								-72.02790156999998,
								43.84909718
							],
							[
								-72.02971061,
								43.85261042000002
							],
							[
								-72.02581763,
								43.85718622000002
							],
							[
								-72.03986985,
								43.86065292000001
							],
							[
								-72.03434980999998,
								43.86610970999999
							],
							[
								-72.02734565999998,
								43.865837469999974
							],
							[
								-72.02617568,
								43.87420696999999
							],
							[
								-72.0238372,
								43.87655443
							],
							[
								-72.03059760999997,
								43.878125899999986
							],
							[
								-72.02526735999999,
								43.88221865000003
							],
							[
								-72.01397867999998,
								43.87848933999999
							],
							[
								-72.00999747999998,
								43.88282370000002
							],
							[
								-72.01399541,
								43.88408516999999
							],
							[
								-72.01187187,
								43.886442439999996
							],
							[
								-71.99930952,
								43.88277553
							],
							[
								-71.99903073000002,
								43.885321680000004
							],
							[
								-71.99815754000002,
								43.88583983000001
							],
							[
								-71.99661189,
								43.88575436000002
							],
							[
								-71.99104052000001,
								43.89163094999998
							],
							[
								-71.99072022000001,
								43.892503669999996
							],
							[
								-71.98858829,
								43.89482373999999
							],
							[
								-71.98532899000003,
								43.89772706000002
							],
							[
								-71.98396558000002,
								43.90061663
							],
							[
								-71.98405907,
								43.90129843
							],
							[
								-71.98588369999999,
								43.90142185000002
							],
							[
								-71.98908277999999,
								43.89874973000002
							]
						]
					],
					[
						[
							[
								-72.14402818999997,
								43.72876888000002
							],
							[
								-72.14653300999998,
								43.727872590000004
							],
							[
								-72.14743585000002,
								43.72657165999999
							],
							[
								-72.15227797,
								43.723473720000015
							],
							[
								-72.15446234000001,
								43.720638010000016
							],
							[
								-72.15384167000002,
								43.720424460000004
							],
							[
								-72.15556267,
								43.71820743000001
							],
							[
								-72.17142973,
								43.71826822999998
							],
							[
								-72.17434579000002,
								43.71997454000001
							],
							[
								-72.17597775000002,
								43.71760647999997
							],
							[
								-72.17124380000001,
								43.716183890000025
							],
							[
								-72.16518245999998,
								43.715903130000015
							],
							[
								-72.16065149999997,
								43.715547490000006
							],
							[
								-72.15469421,
								43.715574849999996
							],
							[
								-72.15609789000001,
								43.71399814
							],
							[
								-72.15627178,
								43.71117536999998
							],
							[
								-72.15253660000002,
								43.70970029
							],
							[
								-72.15370378,
								43.70752799000002
							],
							[
								-72.14654395999997,
								43.70643559000001
							],
							[
								-72.14526711000002,
								43.709262309999986
							],
							[
								-72.14408823999997,
								43.708980740000015
							],
							[
								-72.14196039000001,
								43.709958400000005
							],
							[
								-72.13693078,
								43.70632115000001
							],
							[
								-72.13631665000003,
								43.70661181000003
							],
							[
								-72.13347133000002,
								43.71173553
							],
							[
								-72.13216446000001,
								43.71545271000002
							],
							[
								-72.13864059000002,
								43.71684400999999
							],
							[
								-72.13946858000003,
								43.72783999000001
							],
							[
								-72.14108238,
								43.72883927999999
							],
							[
								-72.14402818999997,
								43.72876888000002
							]
						]
					],
					[
						[
							[
								-72.12563502,
								43.78519983000001
							],
							[
								-72.13040504000003,
								43.78754802999998
							],
							[
								-72.13123990999998,
								43.784953540000004
							],
							[
								-72.13314833999999,
								43.78217437000001
							],
							[
								-72.12959826999997,
								43.78090579000002
							],
							[
								-72.12888878000001,
								43.78213040999998
							],
							[
								-72.12641975999998,
								43.781789230000015
							],
							[
								-72.12408731,
								43.78106435000001
							],
							[
								-72.12290765,
								43.77975164999998
							],
							[
								-72.12104355999998,
								43.77912402999999
							],
							[
								-72.11859074,
								43.77906218999999
							],
							[
								-72.11846569,
								43.776961159999985
							],
							[
								-72.11500846000001,
								43.77558649000002
							],
							[
								-72.11095425000002,
								43.77461072
							],
							[
								-72.12097548999998,
								43.767242409999994
							],
							[
								-72.12276047,
								43.76790858999999
							],
							[
								-72.12536876000001,
								43.764778079999985
							],
							[
								-72.12360516000001,
								43.76421604000001
							],
							[
								-72.12699278999997,
								43.76014624999999
							],
							[
								-72.12851031999998,
								43.757424879999974
							],
							[
								-72.12855461999999,
								43.75563884000002
							],
							[
								-72.12635872999999,
								43.75426915999998
							],
							[
								-72.12345640000001,
								43.753178709999986
							],
							[
								-72.12220145999999,
								43.75725262999998
							],
							[
								-72.12019762,
								43.76282020999997
							],
							[
								-72.10704308999999,
								43.77365192000002
							],
							[
								-72.10664329999997,
								43.773664250000024
							],
							[
								-72.10387502999998,
								43.778550429999996
							],
							[
								-72.10542566999999,
								43.778540220000025
							],
							[
								-72.10647329,
								43.77682010000001
							],
							[
								-72.10788375999999,
								43.77865204
							],
							[
								-72.10740436999998,
								43.78522573999999
							],
							[
								-72.10418723999999,
								43.79008252
							],
							[
								-72.10241395000003,
								43.79181575000001
							],
							[
								-72.10336534999999,
								43.792591619999996
							],
							[
								-72.10650134000002,
								43.79381452000001
							],
							[
								-72.10770960000002,
								43.79140969000002
							],
							[
								-72.11199631,
								43.79090148
							],
							[
								-72.11300805000002,
								43.79413671999998
							],
							[
								-72.11373630000003,
								43.794596290000015
							],
							[
								-72.11653461999998,
								43.787972990000014
							],
							[
								-72.11926074000002,
								43.78482309999998
							],
							[
								-72.12434574999997,
								43.786153160000026
							],
							[
								-72.12563502,
								43.78519983000001
							]
						]
					],
					[
						[
							[
								-72.09575325999998,
								43.78425188
							],
							[
								-72.09480217999999,
								43.78078857000003
							],
							[
								-72.09623088000001,
								43.78058121999999
							],
							[
								-72.09572400000002,
								43.77930039
							],
							[
								-72.09440260999997,
								43.77941387999999
							],
							[
								-72.09308436999999,
								43.777167580000025
							],
							[
								-72.08897227,
								43.77613898999999
							],
							[
								-72.08932063999998,
								43.774723240000014
							],
							[
								-72.07215898999999,
								43.770428219999985
							],
							[
								-72.07075773000003,
								43.770556769999985
							],
							[
								-72.06953885000001,
								43.772949789999984
							],
							[
								-72.06724746999998,
								43.77544624000001
							],
							[
								-72.06547599999999,
								43.77929216000001
							],
							[
								-72.06052519999997,
								43.777807559999985
							],
							[
								-72.05941317000003,
								43.780221110000014
							],
							[
								-72.06255513999997,
								43.78169545999998
							],
							[
								-72.06875117999999,
								43.78429878999998
							],
							[
								-72.06921339000002,
								43.78372539999998
							],
							[
								-72.07175590000003,
								43.78512361999998
							],
							[
								-72.07552090000001,
								43.78079026
							],
							[
								-72.07982019999997,
								43.78238256999998
							],
							[
								-72.08248142000002,
								43.781454180000026
							],
							[
								-72.09575325999998,
								43.78425188
							]
						]
					],
					[
						[
							[
								-72.13563792000002,
								43.75357034000001
							],
							[
								-72.13634735,
								43.74992825999999
							],
							[
								-72.13786744999999,
								43.74623152999999
							],
							[
								-72.13814965,
								43.74363051
							],
							[
								-72.13893493,
								43.74290288999998
							],
							[
								-72.15242986999999,
								43.732071280000014
							],
							[
								-72.14932411000001,
								43.73127360000001
							],
							[
								-72.15206572,
								43.728123229999994
							],
							[
								-72.15379295999998,
								43.72380697
							],
							[
								-72.15088692,
								43.72501569999997
							],
							[
								-72.14841926000003,
								43.726382969999975
							],
							[
								-72.14711771999998,
								43.72801079999999
							],
							[
								-72.14606614000002,
								43.72829279000001
							],
							[
								-72.1459304,
								43.7302631
							],
							[
								-72.13673075000003,
								43.734550979999995
							],
							[
								-72.13280086999998,
								43.741295019999995
							],
							[
								-72.12784018999997,
								43.740004520000014
							],
							[
								-72.12383531,
								43.74318096000002
							],
							[
								-72.13279260000002,
								43.74531938000001
							],
							[
								-72.13048225,
								43.74990716999997
							],
							[
								-72.12560796999998,
								43.74883919000001
							],
							[
								-72.12206767999999,
								43.75155916
							],
							[
								-72.12417541999997,
								43.753061779999996
							],
							[
								-72.12679030999999,
								43.754189929999995
							],
							[
								-72.12744858000002,
								43.75320266
							],
							[
								-72.13474008999998,
								43.754898319999995
							],
							[
								-72.13563792000002,
								43.75357034000001
							]
						]
					],
					[
						[
							[
								-72.26613974999998,
								43.70418724000001
							],
							[
								-72.26643281000003,
								43.703064470000015
							],
							[
								-72.26774886999999,
								43.701277189999985
							],
							[
								-72.26904932999997,
								43.70065097999998
							],
							[
								-72.27150592999999,
								43.70056108
							],
							[
								-72.27479547000002,
								43.69973470000002
							],
							[
								-72.27773765,
								43.697689019999984
							],
							[
								-72.27777855,
								43.69724881000002
							],
							[
								-72.27552926999999,
								43.696375939999996
							],
							[
								-72.26969946000003,
								43.699041360000024
							],
							[
								-72.26448234999998,
								43.69905167000002
							],
							[
								-72.26344624000001,
								43.699832619999995
							],
							[
								-72.26075623999998,
								43.69982226000002
							],
							[
								-72.26073663,
								43.70169901999998
							],
							[
								-72.25367770999998,
								43.70162856000002
							],
							[
								-72.24719843999998,
								43.69826745
							],
							[
								-72.24525018999998,
								43.702060510000024
							],
							[
								-72.23565141,
								43.70091932999998
							],
							[
								-72.23428490999999,
								43.70271846999998
							],
							[
								-72.2331074,
								43.702586440000005
							],
							[
								-72.23178164000001,
								43.70381931999998
							],
							[
								-72.22963006999998,
								43.70479358
							],
							[
								-72.22993522000002,
								43.70537719999999
							],
							[
								-72.23257701,
								43.70470743999999
							],
							[
								-72.23533584,
								43.704963229999976
							],
							[
								-72.23571656000001,
								43.70577831000003
							],
							[
								-72.23809712000002,
								43.70483202999998
							],
							[
								-72.25064823999998,
								43.70422080999998
							],
							[
								-72.25239985000002,
								43.70538842000002
							],
							[
								-72.25691996,
								43.70619925
							],
							[
								-72.2660085,
								43.70649357999997
							],
							[
								-72.26613974999998,
								43.70418724000001
							]
						]
					],
					[
						[
							[
								-72.18261336,
								43.71297599000002
							],
							[
								-72.18242989999999,
								43.71343059999998
							],
							[
								-72.18388220999998,
								43.71629354999999
							],
							[
								-72.18396357,
								43.718645460000005
							],
							[
								-72.18668954999998,
								43.718784630000016
							],
							[
								-72.18647711,
								43.71611438999997
							],
							[
								-72.19655668000001,
								43.711171630000024
							],
							[
								-72.19861721000001,
								43.71170748999998
							],
							[
								-72.19944475,
								43.70980635000001
							],
							[
								-72.20190032,
								43.70786779000002
							],
							[
								-72.20300127000002,
								43.705378199999984
							],
							[
								-72.20244838000002,
								43.70425731
							],
							[
								-72.20548185000001,
								43.70349424
							],
							[
								-72.20841411999999,
								43.70463705999998
							],
							[
								-72.20918248999999,
								43.70546575999998
							],
							[
								-72.21108005000002,
								43.70545324
							],
							[
								-72.21190053999999,
								43.70352496999999
							],
							[
								-72.20922546000003,
								43.703369599999974
							],
							[
								-72.20591214000001,
								43.70199659999997
							],
							[
								-72.20141738000001,
								43.703012090000016
							],
							[
								-72.20063857999997,
								43.704046389999974
							],
							[
								-72.19843746999999,
								43.70385734000001
							],
							[
								-72.19688301999997,
								43.70434143
							],
							[
								-72.19748347000001,
								43.708250220000025
							],
							[
								-72.19245395000002,
								43.70831138
							],
							[
								-72.18623882999998,
								43.712804199999994
							],
							[
								-72.18343398000002,
								43.711852780000015
							],
							[
								-72.18261336,
								43.71297599000002
							]
						]
					],
					[
						[
							[
								-72.22879554000002,
								43.70568269
							],
							[
								-72.22974685999998,
								43.705390669999986
							],
							[
								-72.22703367000003,
								43.70040885999998
							],
							[
								-72.22264388999997,
								43.704551890000005
							],
							[
								-72.21858126000001,
								43.70348975000002
							],
							[
								-72.21980187000003,
								43.706112469999994
							],
							[
								-72.21809552000002,
								43.70712880000002
							],
							[
								-72.21495563000002,
								43.70608893999997
							],
							[
								-72.21260211999999,
								43.70395173000003
							],
							[
								-72.21107561000002,
								43.70605728999999
							],
							[
								-72.21188131999997,
								43.707049410000025
							],
							[
								-72.21282245999998,
								43.70697776999998
							],
							[
								-72.21822402999999,
								43.708712030000015
							],
							[
								-72.22038541,
								43.70847207000003
							],
							[
								-72.22178917000002,
								43.706498350000004
							],
							[
								-72.22410463,
								43.70542468000002
							],
							[
								-72.22749658999999,
								43.70350834999999
							],
							[
								-72.22879554000002,
								43.70568269
							]
						]
					],
					[
						[
							[
								-72.18009806999999,
								43.714928559999976
							],
							[
								-72.17597261999998,
								43.71590019000001
							],
							[
								-72.17620295,
								43.71783267000001
							],
							[
								-72.17585894000001,
								43.718319380000025
							],
							[
								-72.18389237000002,
								43.72016530000002
							],
							[
								-72.18368765999998,
								43.71630677000002
							],
							[
								-72.18270919999998,
								43.714324379999994
							],
							[
								-72.18009806999999,
								43.714928559999976
							]
						]
					],
					[
						[
							[
								-71.6709444,
								43.82036317000001
							],
							[
								-71.67001427000002,
								43.81705993999998
							],
							[
								-71.67072442,
								43.81588531
							],
							[
								-71.66988844999997,
								43.81469723999999
							],
							[
								-71.66988171999998,
								43.813414309999985
							],
							[
								-71.66816024000002,
								43.814218349999976
							],
							[
								-71.66560045,
								43.81585855999998
							],
							[
								-71.66709139,
								43.81665743999997
							],
							[
								-71.66701961000001,
								43.81895949
							],
							[
								-71.66936122999999,
								43.819267980000006
							],
							[
								-71.6709444,
								43.82036317000001
							]
						]
					],
					[
						[
							[
								-71.13275191999998,
								43.97911757000003
							],
							[
								-71.13103541999999,
								43.980806770000015
							],
							[
								-71.13172853999998,
								43.98233216
							],
							[
								-71.13306869000002,
								43.980943379999985
							],
							[
								-71.13438531999998,
								43.98078767999999
							],
							[
								-71.13432606999999,
								43.979597780000006
							],
							[
								-71.13275191999998,
								43.97911757000003
							]
						]
					],
					[
						[
							[
								-70.79735051,
								44.41181234999999
							],
							[
								-70.79925767999998,
								44.410957259999975
							],
							[
								-70.79952103,
								44.41016960000002
							],
							[
								-70.79573397000001,
								44.410392969999975
							],
							[
								-70.79536337000002,
								44.411924510000006
							],
							[
								-70.79735051,
								44.41181234999999
							]
						]
					]
				]
			},
			"properties": {
				"ADMINFORES": "99092200010343",
				"REGION": "09",
				"FORESTNUMB": "22",
				"FORESTORGC": "0922",
				"FORESTNAME": "White Mountain National Forest",
				"GIS_ACRES": 946821.06,
				"SHAPE_AREA": 0.431007001938,
				"SHAPE_LEN": 11.0291386622
			}
		}
	]
}