{
"type": "FeatureCollection",
"name": "New Brunswick_Charlotte_20260713_153329_matched",
"features": [
{ "type": "Feature", "properties": { "name": "Campobello Island", "osm_type": "way", "id": 1134677472, "boundary": null, "County": "Charlotte", "State": "New Brunswick", "long_name": "new_brunswick_charlotte_county_campobello_island", "wikipedia": "en:Campobello Island", "name:en": null }, "geometry": { "type": "Polygon", "coordinates": [ [ [ -66.9801154, 44.8665947 ], [ -66.979959, 44.8669136 ], [ -66.9795345, 44.8673674 ], [ -66.9789633, 44.8677524 ], [ -66.9779506, 44.8682435 ], [ -66.9775447, 44.8685862 ], [ -66.9774134, 44.8689917 ], [ -66.9774819, 44.8692199 ], [ -66.9776604, 44.8694067 ], [ -66.9777238, 44.8694769 ], [ -66.9777638, 44.8698518 ], [ -66.9780246, 44.8703497 ], [ -66.9780673, 44.8706376 ], [ -66.9779724, 44.8709674 ], [ -66.9775898, 44.8711713 ], [ -66.9772743, 44.871046 ], [ -66.9771744, 44.8710516 ], [ -66.9768516, 44.8710411 ], [ -66.9764539, 44.8711228 ], [ -66.9758384, 44.8713464 ], [ -66.9756717, 44.8713491 ], [ -66.9752484, 44.8711584 ], [ -66.9749494, 44.8711949 ], [ -66.9745032, 44.8708108 ], [ -66.9733522, 44.8701219 ], [ -66.9730995, 44.8700469 ], [ -66.9727542, 44.8700289 ], [ -66.972551, 44.8701073 ], [ -66.9720992, 44.8700633 ], [ -66.971769, 44.8701675 ], [ -66.9714635, 44.8700065 ], [ -66.9712678, 44.8699701 ], [ -66.9710434, 44.8705985 ], [ -66.9708566, 44.8708388 ], [ -66.9707062, 44.8710034 ], [ -66.9707238, 44.8712047 ], [ -66.9707754, 44.8712513 ], [ -66.9709765, 44.8712797 ], [ -66.9710518, 44.8713733 ], [ -66.9710567, 44.8716975 ], [ -66.9713408, 44.8720566 ], [ -66.9716705, 44.8729685 ], [ -66.9718053, 44.8731798 ], [ -66.9720214, 44.8733305 ], [ -66.9721165, 44.8735187 ], [ -66.9723002, 44.8736976 ], [ -66.9728089, 44.8737802 ], [ -66.9729498, 44.8738372 ], [ -66.9734683, 44.8740502 ], [ -66.9735754, 44.8740959 ], [ -66.9738841, 44.8743557 ], [ -66.97392, 44.8747782 ], [ -66.9738731, 44.875 ], [ -66.9738236, 44.8752345 ], [ -66.9734524, 44.8757941 ], [ -66.9730849, 44.8761204 ], [ -66.9726717, 44.8764119 ], [ -66.9721288, 44.8766501 ], [ -66.9716636, 44.8767091 ], [ -66.9711118, 44.8766707 ], [ -66.9707024, 44.8765627 ], [ -66.9700426, 44.8761069 ], [ -66.9698653, 44.8761256 ], [ -66.9695419, 44.8759292 ], [ -66.9691866, 44.8754289 ], [ -66.9689545, 44.8753022 ], [ -66.9684386, 44.8751683 ], [ -66.967243, 44.875168 ], [ -66.9656673, 44.8754507 ], [ -66.9648253, 44.8757254 ], [ -66.9640079, 44.8759008 ], [ -66.9626708, 44.8763417 ], [ -66.9606232, 44.8771697 ], [ -66.9555379, 44.8800476 ], [ -66.9550159, 44.8804198 ], [ -66.9530772, 44.8820564 ], [ -66.9529632, 44.8821453 ], [ -66.9526123, 44.8823012 ], [ -66.9525408, 44.8823261 ], [ -66.9523906, 44.8826764 ], [ -66.9521294, 44.8830286 ], [ -66.9518453, 44.8835393 ], [ -66.9513667, 44.8849231 ], [ -66.9511347, 44.8863701 ], [ -66.9512617, 44.8868623 ], [ -66.9518753, 44.8876156 ], [ -66.9520181, 44.8877319 ], [ -66.9529591, 44.8877642 ], [ -66.9536757, 44.8879068 ], [ -66.9541352, 44.888188 ], [ -66.9543505, 44.8884851 ], [ -66.9546565, 44.889184 ], [ -66.9549452, 44.8895154 ], [ -66.9555669, 44.8898217 ], [ -66.9558402, 44.889845 ], [ -66.9563147, 44.8898966 ], [ -66.9566245, 44.8898441 ], [ -66.957261, 44.8895689 ], [ -66.957689, 44.8895964 ], [ -66.95791, 44.8893642 ], [ -66.9580106, 44.8892535 ], [ -66.9580049, 44.8892127 ], [ -66.957385, 44.8889263 ], [ -66.9575202, 44.8888055 ], [ -66.9581929, 44.8891621 ], [ -66.9579605, 44.8893985 ], [ -66.9576877, 44.8896925 ], [ -66.9579894, 44.8902531 ], [ -66.958064, 44.890327 ], [ -66.9581447, 44.8904127 ], [ -66.9582768, 44.890545 ], [ -66.9592599, 44.8908454 ], [ -66.9596727, 44.8910522 ], [ -66.9597717, 44.891193 ], [ -66.9597432, 44.8916917 ], [ -66.9596088, 44.8921842 ], [ -66.959205, 44.892254 ], [ -66.9589327, 44.8924363 ], [ -66.9582431, 44.8933096 ], [ -66.9582192, 44.8933534 ], [ -66.9578648, 44.8940037 ], [ -66.9578412, 44.8943086 ], [ -66.9580002, 44.8951048 ], [ -66.9579967, 44.8956901 ], [ -66.9578087, 44.8971127 ], [ -66.9575116, 44.8979124 ], [ -66.9575711, 44.8989 ], [ -66.9575759, 44.8992242 ], [ -66.9577804, 44.8997033 ], [ -66.9582903, 44.9005097 ], [ -66.9583401, 44.900849 ], [ -66.9582878, 44.9018186 ], [ -66.9582684, 44.9024279 ], [ -66.9581541, 44.9026829 ], [ -66.9581029, 44.9028221 ], [ -66.9579995, 44.903413 ], [ -66.9578727, 44.9036246 ], [ -66.957809, 44.9037206 ], [ -66.9571825, 44.904312 ], [ -66.9569589, 44.9046281 ], [ -66.9568668, 44.9047047 ], [ -66.9567449, 44.9047225 ], [ -66.9563468, 44.9053221 ], [ -66.9562398, 44.9056283 ], [ -66.9561554, 44.905776 ], [ -66.9559752, 44.9058817 ], [ -66.9556346, 44.9065397 ], [ -66.9556135, 44.9069237 ], [ -66.9555544, 44.9069918 ], [ -66.955123, 44.9072479 ], [ -66.9549294, 44.9074567 ], [ -66.9547341, 44.9074401 ], [ -66.9546001, 44.9076004 ], [ -66.9543392, 44.9076205 ], [ -66.9538472, 44.9080713 ], [ -66.9537391, 44.9081719 ], [ -66.9536123, 44.9083836 ], [ -66.9535559, 44.9088828 ], [ -66.9537055, 44.9093826 ], [ -66.9537134, 44.9098056 ], [ -66.9535027, 44.9103508 ], [ -66.9532897, 44.9106508 ], [ -66.9530657, 44.910781 ], [ -66.9528095, 44.9111252 ], [ -66.9522362, 44.9114706 ], [ -66.9519019, 44.9118082 ], [ -66.951298, 44.912241 ], [ -66.950975, 44.9125824 ], [ -66.9505944, 44.9128653 ], [ -66.9504798, 44.9129344 ], [ -66.9499897, 44.9129265 ], [ -66.9497851, 44.9129654 ], [ -66.9483914, 44.9132409 ], [ -66.9481977, 44.9134496 ], [ -66.948038, 44.9135036 ], [ -66.9480021, 44.9135991 ], [ -66.9478874, 44.9136682 ], [ -66.9476252, 44.9136487 ], [ -66.947423, 44.9137666 ], [ -66.9471008, 44.9139616 ], [ -66.9470643, 44.9140373 ], [ -66.9470897, 44.9143098 ], [ -66.9468753, 44.9145703 ], [ -66.9466772, 44.9146407 ], [ -66.9463009, 44.91471 ], [ -66.9454806, 44.9149921 ], [ -66.9451744, 44.9151631 ], [ -66.9447241, 44.9151782 ], [ -66.94451, 44.9152726 ], [ -66.9445828, 44.9152873 ], [ -66.9445516, 44.915355 ], [ -66.9443794, 44.9153657 ], [ -66.9441719, 44.9154916 ], [ -66.9439084, 44.9154326 ], [ -66.9437062, 44.9151985 ], [ -66.9432496, 44.915016 ], [ -66.942978, 44.915052 ], [ -66.942548, 44.9151815 ], [ -66.9423517, 44.9153112 ], [ -66.942095, 44.9155534 ], [ -66.9422605, 44.9160137 ], [ -66.9414032, 44.9162489 ], [ -66.9414195, 44.9162788 ], [ -66.941275, 44.9163135 ], [ -66.9412594, 44.9162876 ], [ -66.9410826, 44.9163385 ], [ -66.9410417, 44.9162564 ], [ -66.9421434, 44.9159573 ], [ -66.9420306, 44.9156058 ], [ -66.9420184, 44.9155679 ], [ -66.9418915, 44.91539 ], [ -66.9413823, 44.9154353 ], [ -66.9412105, 44.9154232 ], [ -66.9407157, 44.9154955 ], [ -66.9406923, 44.9156343 ], [ -66.9406854, 44.9157689 ], [ -66.9405738, 44.9159368 ], [ -66.9405792, 44.9162808 ], [ -66.9404392, 44.9167813 ], [ -66.9400235, 44.9170134 ], [ -66.9397419, 44.9170851 ], [ -66.9384565, 44.9170938 ], [ -66.9381614, 44.9169166 ], [ -66.9380892, 44.9169217 ], [ -66.938048, 44.9170251 ], [ -66.937938, 44.9170664 ], [ -66.937762, 44.9169585 ], [ -66.9375261, 44.9170651 ], [ -66.9372195, 44.9170502 ], [ -66.9369938, 44.916955 ], [ -66.9363669, 44.9161384 ], [ -66.9363032, 44.9158824 ], [ -66.9363516, 44.9154782 ], [ -66.9364842, 44.9150925 ], [ -66.9364951, 44.9145585 ], [ -66.9364042, 44.9143226 ], [ -66.9360645, 44.9139642 ], [ -66.9360189, 44.9139294 ], [ -66.935691, 44.9139465 ], [ -66.9352167, 44.9137286 ], [ -66.9346101, 44.9137304 ], [ -66.9339001, 44.9138049 ], [ -66.9337854, 44.913874 ], [ -66.9337797, 44.9140481 ], [ -66.9336981, 44.9141087 ], [ -66.9333431, 44.914146 ], [ -66.9332578, 44.914088 ], [ -66.9330591, 44.9137867 ], [ -66.9330463, 44.9135575 ], [ -66.9329644, 44.9134323 ], [ -66.9328404, 44.9132049 ], [ -66.932881, 44.9130816 ], [ -66.9328423, 44.9129122 ], [ -66.9326751, 44.912729 ], [ -66.9326127, 44.9121605 ], [ -66.9326687, 44.9119935 ], [ -66.9329065, 44.9119463 ], [ -66.9333877, 44.9120296 ], [ -66.9336546, 44.9120214 ], [ -66.9337587, 44.9119683 ], [ -66.9339524, 44.9117596 ], [ -66.9340562, 44.9115206 ], [ -66.9340381, 44.9112995 ], [ -66.9339662, 44.9111385 ], [ -66.9338922, 44.9110843 ], [ -66.9338294, 44.9110339 ], [ -66.9334303, 44.9109097 ], [ -66.9332138, 44.910925 ], [ -66.9329544, 44.9108184 ], [ -66.9327826, 44.910663 ], [ -66.9325554, 44.9106943 ], [ -66.9323545, 44.9104998 ], [ -66.9320508, 44.9103978 ], [ -66.9319808, 44.9102961 ], [ -66.9321461, 44.9100681 ], [ -66.9324133, 44.9098938 ], [ -66.9325112, 44.9096431 ], [ -66.9326259, 44.909574 ], [ -66.9327424, 44.9095643 ], [ -66.9327909, 44.9095121 ], [ -66.9328287, 44.9094759 ], [ -66.932839, 44.909274 ], [ -66.9329493, 44.9090667 ], [ -66.9331759, 44.9090156 ], [ -66.9344783, 44.9090225 ], [ -66.934773, 44.9090139 ], [ -66.9349426, 44.9089242 ], [ -66.9351857, 44.9088689 ], [ -66.9353976, 44.9088813 ], [ -66.935731, 44.9090421 ], [ -66.9360607, 44.9090843 ], [ -66.9365725, 44.9090801 ], [ -66.9368316, 44.9090008 ], [ -66.9371622, 44.9085448 ], [ -66.9375175, 44.9083414 ], [ -66.9377881, 44.9080998 ], [ -66.9381333, 44.9072282 ], [ -66.938059, 44.9069882 ], [ -66.938098, 44.9066396 ], [ -66.9379502, 44.9063651 ], [ -66.9379915, 44.9062616 ], [ -66.938234, 44.9061866 ], [ -66.9387189, 44.9063884 ], [ -66.9390614, 44.9063078 ], [ -66.9392079, 44.9061908 ], [ -66.9391876, 44.9060764 ], [ -66.9387242, 44.9056765 ], [ -66.9385789, 44.9054811 ], [ -66.9385739, 44.905323 ], [ -66.9384005, 44.9052942 ], [ -66.9383583, 44.905192 ], [ -66.9384692, 44.9050044 ], [ -66.9387342, 44.9049369 ], [ -66.9391544, 44.9046771 ], [ -66.93925, 44.9045332 ], [ -66.9392322, 44.9044979 ], [ -66.9390091, 44.9044817 ], [ -66.9387098, 44.9045181 ], [ -66.9384686, 44.9042807 ], [ -66.9382627, 44.9042801 ], [ -66.9381608, 44.9042263 ], [ -66.9379046, 44.9042185 ], [ -66.9377291, 44.9042965 ], [ -66.9371804, 44.9041906 ], [ -66.9369895, 44.9039603 ], [ -66.9370298, 44.9032993 ], [ -66.936977, 44.9032131 ], [ -66.9372179, 44.9025607 ], [ -66.9378372, 44.9024362 ], [ -66.9383077, 44.9021835 ], [ -66.9385411, 44.9019978 ], [ -66.9390053, 44.9011956 ], [ -66.9392865, 44.90129 ], [ -66.9393137, 44.9005659 ], [ -66.9396211, 44.9000825 ], [ -66.9401172, 44.8995842 ], [ -66.9407348, 44.8992342 ], [ -66.9408485, 44.8989596 ], [ -66.9410909, 44.8988845 ], [ -66.941304, 44.8989365 ], [ -66.9416904, 44.8986653 ], [ -66.9420369, 44.8985372 ], [ -66.9421109, 44.8982394 ], [ -66.9419294, 44.8979537 ], [ -66.9415935, 44.8977139 ], [ -66.9411827, 44.8975662 ], [ -66.9408822, 44.8975631 ], [ -66.9406501, 44.8977883 ], [ -66.940259, 44.8984391 ], [ -66.9401059, 44.8985246 ], [ -66.9398488, 44.8986632 ], [ -66.9395283, 44.8987316 ], [ -66.9392056, 44.8989068 ], [ -66.9390415, 44.8991743 ], [ -66.93889, 44.8991332 ], [ -66.9388432, 44.8990589 ], [ -66.9386695, 44.8991961 ], [ -66.9384411, 44.8991879 ], [ -66.9381262, 44.8987302 ], [ -66.9379028, 44.8985282 ], [ -66.9379931, 44.8983923 ], [ -66.9385242, 44.8979449 ], [ -66.9390846, 44.8973704 ], [ -66.9391958, 44.8970167 ], [ -66.9395067, 44.896818 ], [ -66.9399799, 44.8968302 ], [ -66.9402317, 44.8966996 ], [ -66.9404407, 44.8964472 ], [ -66.9411364, 44.8961039 ], [ -66.941346, 44.8962231 ], [ -66.9413488, 44.8968399 ], [ -66.9414757, 44.8969803 ], [ -66.9417025, 44.897115 ], [ -66.9419315, 44.897143 ], [ -66.9423622, 44.8968672 ], [ -66.942947, 44.8963596 ], [ -66.9432044, 44.8960549 ], [ -66.9433287, 44.8957643 ], [ -66.9435408, 44.8956106 ], [ -66.9437276, 44.8955364 ], [ -66.9438669, 44.8953681 ], [ -66.9440052, 44.8953461 ], [ -66.9441521, 44.895415 ], [ -66.9438922, 44.8956406 ], [ -66.9439229, 44.896257 ], [ -66.9447002, 44.8965569 ], [ -66.9451129, 44.8971157 ], [ -66.9454547, 44.8973673 ], [ -66.9455319, 44.8975203 ], [ -66.9449774, 44.8977546 ], [ -66.9449125, 44.8981629 ], [ -66.945552, 44.8981526 ], [ -66.9457941, 44.8982436 ], [ -66.9460397, 44.8982674 ], [ -66.9463943, 44.8983961 ], [ -66.9466864, 44.8983084 ], [ -66.9475242, 44.8980616 ], [ -66.9477766, 44.8979508 ], [ -66.9476953, 44.8978453 ], [ -66.9474704, 44.8977699 ], [ -66.9470497, 44.896788 ], [ -66.9468747, 44.8965338 ], [ -66.9468534, 44.8962139 ], [ -66.9470491, 44.8955464 ], [ -66.9470206, 44.8951751 ], [ -66.9471036, 44.894636 ], [ -66.9466794, 44.8942395 ], [ -66.9467171, 44.8942033 ], [ -66.9471223, 44.8941731 ], [ -66.9474893, 44.8939932 ], [ -66.9472359, 44.8935465 ], [ -66.9471233, 44.8931568 ], [ -66.9471825, 44.8922187 ], [ -66.9471131, 44.8921368 ], [ -66.9467573, 44.8919685 ], [ -66.9462385, 44.8919215 ], [ -66.9459336, 44.8917801 ], [ -66.9458124, 44.8914657 ], [ -66.9458092, 44.8910149 ], [ -66.9470166, 44.8885756 ], [ -66.9471364, 44.8881466 ], [ -66.9471385, 44.8876879 ], [ -66.9470113, 44.8873617 ], [ -66.9462906, 44.8865627 ], [ -66.9457228, 44.8865481 ], [ -66.9457038, 44.8868252 ], [ -66.9455964, 44.8869455 ], [ -66.9450162, 44.8872396 ], [ -66.9441714, 44.8877869 ], [ -66.9439827, 44.8878018 ], [ -66.9433809, 44.88759 ], [ -66.942645, 44.8875386 ], [ -66.9422527, 44.887446 ], [ -66.9415565, 44.8870657 ], [ -66.9414066, 44.886898 ], [ -66.9413566, 44.8867249 ], [ -66.9412185, 44.8865808 ], [ -66.9411351, 44.8865821 ], [ -66.9408878, 44.886851 ], [ -66.9407007, 44.8874432 ], [ -66.940574, 44.8887105 ], [ -66.9406855, 44.8888946 ], [ -66.9409757, 44.8890995 ], [ -66.9410635, 44.8892365 ], [ -66.9409648, 44.8896335 ], [ -66.9406787, 44.8900849 ], [ -66.9405516, 44.8904626 ], [ -66.9396414, 44.8912324 ], [ -66.938541, 44.8928475 ], [ -66.9382427, 44.8930895 ], [ -66.9377214, 44.8933153 ], [ -66.9358084, 44.8943937 ], [ -66.9355969, 44.8945671 ], [ -66.9351517, 44.8954442 ], [ -66.9348758, 44.8956938 ], [ -66.9348396, 44.8959553 ], [ -66.934808, 44.8961891 ], [ -66.9350192, 44.8965337 ], [ -66.9350326, 44.8967826 ], [ -66.934882, 44.8969472 ], [ -66.9343843, 44.89722 ], [ -66.9341306, 44.8972913 ], [ -66.9338517, 44.8974421 ], [ -66.9335652, 44.8977076 ], [ -66.9333274, 44.8977549 ], [ -66.9327435, 44.8977642 ], [ -66.9323855, 44.8977026 ], [ -66.9317623, 44.8975228 ], [ -66.931568, 44.8973598 ], [ -66.9313834, 44.8973271 ], [ -66.9311232, 44.8973668 ], [ -66.930703, 44.8972746 ], [ -66.9303872, 44.8973153 ], [ -66.9301822, 44.8975202 ], [ -66.9300294, 44.8977915 ], [ -66.9300431, 44.8982263 ], [ -66.9297966, 44.8983488 ], [ -66.9294272, 44.8986354 ], [ -66.9294, 44.8990076 ], [ -66.9295687, 44.8990642 ], [ -66.9296393, 44.8991857 ], [ -66.9294259, 44.8992998 ], [ -66.9294395, 44.8997345 ], [ -66.9296066, 44.8999177 ], [ -66.9299537, 44.9001614 ], [ -66.9297643, 44.9005084 ], [ -66.92932, 44.9008872 ], [ -66.9292162, 44.9011261 ], [ -66.9293939, 44.9012933 ], [ -66.9299203, 44.9015776 ], [ -66.9300653, 44.9015871 ], [ -66.930761, 44.9015958 ], [ -66.9312905, 44.9019789 ], [ -66.9313967, 44.9025229 ], [ -66.9313182, 44.9030343 ], [ -66.9309826, 44.9033323 ], [ -66.9309416, 44.9036216 ], [ -66.9305932, 44.9040424 ], [ -66.9304713, 44.9040601 ], [ -66.9301186, 44.9039906 ], [ -66.9299761, 44.9040601 ], [ -66.9299001, 44.9042985 ], [ -66.9300819, 44.9044182 ], [ -66.93019, 44.9046696 ], [ -66.9303506, 44.9048213 ], [ -66.9304271, 44.9049545 ], [ -66.9303789, 44.9051925 ], [ -66.9298653, 44.9051374 ], [ -66.9295653, 44.9051541 ], [ -66.9290966, 44.905466 ], [ -66.928931, 44.9055082 ], [ -66.9288828, 44.9057462 ], [ -66.9285787, 44.9061623 ], [ -66.9285027, 44.9064008 ], [ -66.9285668, 44.9064907 ], [ -66.9285261, 44.9066139 ], [ -66.927973, 44.9070735 ], [ -66.9281947, 44.9074022 ], [ -66.9282116, 44.9075838 ], [ -66.9279769, 44.9077299 ], [ -66.9278618, 44.907965 ], [ -66.9279046, 44.908087 ], [ -66.9276901, 44.9086994 ], [ -66.9273653, 44.9091672 ], [ -66.9269321, 44.9095497 ], [ -66.9265407, 44.9093107 ], [ -66.9263388, 44.9092625 ], [ -66.9257526, 44.9093786 ], [ -66.925635, 44.9095347 ], [ -66.9256666, 44.9096528 ], [ -66.9256009, 44.9096894 ], [ -66.9254322, 44.9096328 ], [ -66.9252938, 44.9096548 ], [ -66.9252025, 44.909585 ], [ -66.9249919, 44.9096121 ], [ -66.9247141, 44.9098023 ], [ -66.9246947, 44.9098936 ], [ -66.9251493, 44.9100169 ], [ -66.9252861, 44.9101215 ], [ -66.9253508, 44.9102312 ], [ -66.9253379, 44.910354 ], [ -66.9252601, 44.9105332 ], [ -66.9246484, 44.9110807 ], [ -66.9243129, 44.9115645 ], [ -66.9244997, 44.9118423 ], [ -66.9244656, 44.9119971 ], [ -66.9244165, 44.9120295 ], [ -66.9242459, 44.9119136 ], [ -66.9241312, 44.9119826 ], [ -66.9239483, 44.9123612 ], [ -66.9237633, 44.9124946 ], [ -66.923686, 44.9126936 ], [ -66.9235672, 44.9128101 ], [ -66.9231447, 44.9128247 ], [ -66.9229028, 44.9129195 ], [ -66.9227359, 44.9129221 ], [ -66.922585, 44.9129008 ], [ -66.9222941, 44.912676 ], [ -66.9220101, 44.9126686 ], [ -66.9213168, 44.9129248 ], [ -66.9209878, 44.9129023 ], [ -66.9205994, 44.9127621 ], [ -66.9196611, 44.9130141 ], [ -66.9195368, 44.9129528 ], [ -66.919319, 44.9129286 ], [ -66.918839, 44.9128847 ], [ -66.9183244, 44.9126239 ], [ -66.9178538, 44.9125245 ], [ -66.9174874, 44.9123995 ], [ -66.9175034, 44.9124856 ], [ -66.9178737, 44.912805 ], [ -66.9179897, 44.9133133 ], [ -66.9182855, 44.9136962 ], [ -66.9192951, 44.9141232 ], [ -66.9196082, 44.9141697 ], [ -66.9201074, 44.9144743 ], [ -66.9202967, 44.9148312 ], [ -66.9205223, 44.9149265 ], [ -66.9207395, 44.9149309 ], [ -66.9209498, 44.91507 ], [ -66.9208946, 44.9154426 ], [ -66.9204777, 44.9161729 ], [ -66.9200853, 44.916618 ], [ -66.9201252, 44.916827 ], [ -66.920365, 44.916839 ], [ -66.9205684, 44.9167607 ], [ -66.9208519, 44.9167483 ], [ -66.9212607, 44.9166509 ], [ -66.9218352, 44.9165113 ], [ -66.9219862, 44.9165327 ], [ -66.9222181, 44.9164737 ], [ -66.9224719, 44.9164024 ], [ -66.9226825, 44.9163754 ], [ -66.9228791, 44.9164316 ], [ -66.9231713, 44.9163439 ], [ -66.9233497, 44.9165309 ], [ -66.9234081, 44.916795 ], [ -66.9234324, 44.9168618 ], [ -66.9240992, 44.9175354 ], [ -66.9247098, 44.9178382 ], [ -66.9252301, 44.9179249 ], [ -66.9258267, 44.9183109 ], [ -66.9258973, 44.9184324 ], [ -66.9261585, 44.9185983 ], [ -66.9265001, 44.9186641 ], [ -66.9273215, 44.9185878 ], [ -66.927424, 44.9186613 ], [ -66.927394, 44.9187686 ], [ -66.9275077, 44.9188459 ], [ -66.9274495, 44.9191196 ], [ -66.9273945, 44.9191403 ], [ -66.9274692, 44.9192143 ], [ -66.9271219, 44.9193226 ], [ -66.9266287, 44.9192157 ], [ -66.9265412, 44.9192645 ], [ -66.9262355, 44.9194553 ], [ -66.9260142, 44.9194983 ], [ -66.9257745, 44.9194863 ], [ -66.9254528, 44.919701 ], [ -66.9249499, 44.9198157 ], [ -66.9249172, 44.9201959 ], [ -66.9250201, 44.9209931 ], [ -66.9252875, 44.9217086 ], [ -66.9254031, 44.9218452 ], [ -66.9257406, 44.9219585 ], [ -66.9263733, 44.9218971 ], [ -66.9265077, 44.9219227 ], [ -66.9266008, 44.9220517 ], [ -66.926588, 44.9221745 ], [ -66.9263712, 44.9225418 ], [ -66.926414, 44.9226637 ], [ -66.9266203, 44.9228503 ], [ -66.926553, 44.9230135 ], [ -66.9262723, 44.9232908 ], [ -66.9261575, 44.9233598 ], [ -66.9259703, 44.9232481 ], [ -66.9257775, 44.9233105 ], [ -66.9248476, 44.9241913 ], [ -66.9242239, 44.9243633 ], [ -66.924253, 44.9244024 ], [ -66.9249991, 44.9245844 ], [ -66.9259586, 44.9250042 ], [ -66.9259971, 44.9249878 ], [ -66.9259925, 44.9246636 ], [ -66.9259303, 44.9246329 ], [ -66.9259278, 44.9245539 ], [ -66.9261826, 44.9243363 ], [ -66.9274046, 44.9240717 ], [ -66.9279378, 44.9240356 ], [ -66.9282601, 44.9238407 ], [ -66.9285937, 44.9236495 ], [ -66.9295468, 44.9233338 ], [ -66.9301401, 44.9230831 ], [ -66.930363, 44.9229135 ], [ -66.9306078, 44.9227317 ], [ -66.9307628, 44.9227055 ], [ -66.930825, 44.9227361 ], [ -66.9309895, 44.9226544 ], [ -66.9312226, 44.9226349 ], [ -66.9317005, 44.9227855 ], [ -66.9323707, 44.9228539 ], [ -66.9327992, 44.9228511 ], [ -66.9333803, 44.922743 ], [ -66.9336005, 44.9224112 ], [ -66.9332752, 44.9223675 ], [ -66.9332356, 44.922338 ], [ -66.9332776, 44.9223046 ], [ -66.932981, 44.9220986 ], [ -66.9328841, 44.9221872 ], [ -66.9328349, 44.9221613 ], [ -66.9329747, 44.9220346 ], [ -66.9332192, 44.9221941 ], [ -66.9335148, 44.9222443 ], [ -66.9336568, 44.9222684 ], [ -66.9336956, 44.9222343 ], [ -66.9341071, 44.9219602 ], [ -66.9342775, 44.9218903 ], [ -66.9349001, 44.9218645 ], [ -66.935284, 44.9216804 ], [ -66.9355249, 44.921732 ], [ -66.9354655, 44.9219663 ], [ -66.9355143, 44.9220999 ], [ -66.9356684, 44.9222201 ], [ -66.9357656, 44.9223016 ], [ -66.9357312, 44.9226225 ], [ -66.9357115, 44.9228798 ], [ -66.9357349, 44.923093 ], [ -66.935808, 44.9232936 ], [ -66.9358946, 44.923391 ], [ -66.9359765, 44.9235163 ], [ -66.9359234, 44.9235962 ], [ -66.9354626, 44.9238132 ], [ -66.9350666, 44.9237879 ], [ -66.934693, 44.9237701 ], [ -66.934418, 44.9238733 ], [ -66.933895, 44.9244116 ], [ -66.9338237, 44.9246223 ], [ -66.933673, 44.9247869 ], [ -66.9331513, 44.9250127 ], [ -66.9330787, 44.9251839 ], [ -66.9330952, 44.9255317 ], [ -66.9330105, 44.9258455 ], [ -66.9329408, 44.9259296 ], [ -66.9329701, 44.9261546 ], [ -66.9331711, 44.9263491 ], [ -66.9337138, 44.9266094 ], [ -66.9339601, 44.926653 ], [ -66.9343293, 44.9265324 ], [ -66.9351105, 44.9260612 ], [ -66.9358529, 44.9257725 ], [ -66.9366782, 44.9254628 ], [ -66.9368842, 44.9254634 ], [ -66.9369758, 44.925367 ], [ -66.9370233, 44.9254612 ], [ -66.9372646, 44.9253466 ], [ -66.9375359, 44.9254768 ], [ -66.9375106, 44.9259082 ], [ -66.9373734, 44.9259697 ], [ -66.9372783, 44.9261334 ], [ -66.9370442, 44.9262993 ], [ -66.9367075, 44.9263917 ], [ -66.9363749, 44.9264365 ], [ -66.9359426, 44.9263208 ], [ -66.9356841, 44.9264199 ], [ -66.93557, 44.9265087 ], [ -66.9355453, 44.9266079 ], [ -66.9355962, 44.9266348 ], [ -66.935278, 44.9267823 ], [ -66.9354121, 44.9269739 ], [ -66.9350732, 44.9271731 ], [ -66.934795, 44.9271775 ], [ -66.9345571, 44.9272248 ], [ -66.9345474, 44.9274465 ], [ -66.9346655, 44.9276621 ], [ -66.9350656, 44.9279919 ], [ -66.9351551, 44.9280023 ], [ -66.9352238, 44.9284165 ], [ -66.9351091, 44.9284856 ], [ -66.9352288, 44.9289266 ], [ -66.9357836, 44.9293963 ], [ -66.9363388, 44.9296999 ], [ -66.9365123, 44.9297288 ], [ -66.9366665, 44.9298489 ], [ -66.9368387, 44.9298383 ], [ -66.9370463, 44.9297123 ], [ -66.9372955, 44.9296688 ], [ -66.9373286, 44.9296604 ], [ -66.9378307, 44.9293399 ], [ -66.9381667, 44.9292278 ], [ -66.9382802, 44.9291192 ], [ -66.9383974, 44.9291292 ], [ -66.9384931, 44.9289853 ], [ -66.9390983, 44.9287581 ], [ -66.9392481, 44.9287399 ], [ -66.9395068, 44.9285278 ], [ -66.9394025, 44.9284271 ], [ -66.9393849, 44.9283085 ], [ -66.939402, 44.9282746 ], [ -66.939447, 44.9282321 ], [ -66.9395728, 44.9282237 ], [ -66.9397196, 44.9282491 ], [ -66.9398724, 44.9282735 ], [ -66.9399955, 44.9282573 ], [ -66.9401299, 44.9282828 ], [ -66.940324, 44.9281434 ], [ -66.9405169, 44.9280048 ], [ -66.9407886, 44.9278096 ], [ -66.9409931, 44.9277609 ], [ -66.9411975, 44.9277121 ], [ -66.94139, 44.9274638 ], [ -66.9420655, 44.9271722 ], [ -66.9422312, 44.92713 ], [ -66.942427, 44.9272246 ], [ -66.9424348, 44.9273014 ], [ -66.9425339, 44.9274565 ], [ -66.9426605, 44.9275834 ], [ -66.9428514, 44.9277338 ], [ -66.9432882, 44.9279831 ], [ -66.9434001, 44.9280011 ], [ -66.943272, 44.9281732 ], [ -66.9433492, 44.9283262 ], [ -66.9432436, 44.9285059 ], [ -66.943162, 44.9285665 ], [ -66.9428675, 44.9287611 ], [ -66.9427991, 44.9288848 ], [ -66.942593, 44.9288841 ], [ -66.9426737, 44.9289698 ], [ -66.9423855, 44.9290101 ], [ -66.9422492, 44.9292772 ], [ -66.9423264, 44.9294302 ], [ -66.9420051, 44.9298309 ], [ -66.941277, 44.9302222 ], [ -66.940961, 44.9302628 ], [ -66.9403586, 44.9308369 ], [ -66.9402476, 44.9309426 ], [ -66.9400294, 44.9310845 ], [ -66.9399109, 44.9312409 ], [ -66.9397768, 44.9314224 ], [ -66.9397112, 44.9314771 ], [ -66.9396649, 44.931599 ], [ -66.9395982, 44.9316845 ], [ -66.9395314, 44.9317168 ], [ -66.9394049, 44.9320006 ], [ -66.9393407, 44.9320223 ], [ -66.9393268, 44.9320953 ], [ -66.939287, 44.9321326 ], [ -66.9392924, 44.9322141 ], [ -66.9393337, 44.9324069 ], [ -66.9393688, 44.9325545 ], [ -66.939444, 44.9326601 ], [ -66.9395786, 44.9326737 ], [ -66.939682, 44.9327652 ], [ -66.9397588, 44.9328196 ], [ -66.9398128, 44.9327814 ], [ -66.9398521, 44.9327999 ], [ -66.9399061, 44.9327571 ], [ -66.9399902, 44.9328103 ], [ -66.9400549, 44.9327591 ], [ -66.9401786, 44.9328374 ], [ -66.940219, 44.9328723 ], [ -66.9404934, 44.9326036 ], [ -66.9405558, 44.9325363 ], [ -66.9406845, 44.9326128 ], [ -66.9407005, 44.9326603 ], [ -66.9406338, 44.9327371 ], [ -66.9403235, 44.9330114 ], [ -66.9399563, 44.9331818 ], [ -66.9398003, 44.9331685 ], [ -66.9396348, 44.9332613 ], [ -66.9395858, 44.933429 ], [ -66.9397228, 44.9335336 ], [ -66.9395968, 44.9335989 ], [ -66.939537, 44.9337072 ], [ -66.9393663, 44.9337589 ], [ -66.9392822, 44.933865 ], [ -66.9392907, 44.9339558 ], [ -66.9394501, 44.9340679 ], [ -66.9394817, 44.9341861 ], [ -66.9393145, 44.9343549 ], [ -66.9389956, 44.9344826 ], [ -66.9388677, 44.9344886 ], [ -66.9387157, 44.9346136 ], [ -66.9385922, 44.9351099 ], [ -66.938334, 44.9353949 ], [ -66.9381523, 44.9354611 ], [ -66.9381106, 44.9354384 ], [ -66.938182, 44.935262 ], [ -66.9380963, 44.9352671 ], [ -66.9380456, 44.9353723 ], [ -66.9380107, 44.9353842 ], [ -66.9379147, 44.9353265 ], [ -66.9378978, 44.9351606 ], [ -66.9378005, 44.9351431 ], [ -66.9374241, 44.9351484 ], [ -66.9371254, 44.9352114 ], [ -66.9371636, 44.9353429 ], [ -66.9371205, 44.9353522 ], [ -66.9370795, 44.935263 ], [ -66.9370223, 44.9353041 ], [ -66.9369774, 44.9353002 ], [ -66.9369434, 44.9352946 ], [ -66.9368345, 44.9353158 ], [ -66.9364682, 44.935387 ], [ -66.9360416, 44.9354674 ], [ -66.935783, 44.9355463 ], [ -66.9356147, 44.9355919 ], [ -66.9354784, 44.935633 ], [ -66.9352864, 44.9356908 ], [ -66.9352471, 44.9358554 ], [ -66.9349975, 44.9360651 ], [ -66.9348234, 44.9363684 ], [ -66.934086, 44.9370011 ], [ -66.9340826, 44.9370684 ], [ -66.9341964, 44.9371457 ], [ -66.9342505, 44.9372714 ], [ -66.9341217, 44.9375 ], [ -66.9340976, 44.9375428 ], [ -66.9341795, 44.937668 ], [ -66.9340372, 44.9379234 ], [ -66.9338067, 44.9382079 ], [ -66.9335112, 44.9385488 ], [ -66.9332844, 44.9389518 ], [ -66.9332616, 44.9391104 ], [ -66.9336672, 44.9390802 ], [ -66.9336662, 44.9392266 ], [ -66.9333635, 44.9398682 ], [ -66.9330489, 44.9401342 ], [ -66.9330892, 44.9401771 ], [ -66.9329982, 44.9402932 ], [ -66.9331048, 44.9403192 ], [ -66.9331014, 44.9403865 ], [ -66.9329412, 44.9406066 ], [ -66.9319627, 44.9415397 ], [ -66.9316881, 44.9416627 ], [ -66.9316196, 44.9417864 ], [ -66.9312149, 44.9420222 ], [ -66.9311702, 44.942193 ], [ -66.9310826, 44.9422419 ], [ -66.930966, 44.9422516 ], [ -66.9308909, 44.9423438 ], [ -66.9306605, 44.9422763 ], [ -66.9305344, 44.9423416 ], [ -66.930414, 44.9425847 ], [ -66.9301331, 44.9428621 ], [ -66.9300393, 44.9427133 ], [ -66.9298267, 44.9426811 ], [ -66.9292195, 44.9437388 ], [ -66.9286637, 44.9443053 ], [ -66.9283747, 44.9443257 ], [ -66.9283097, 44.9443821 ], [ -66.9281984, 44.9443839 ], [ -66.928104, 44.9442153 ], [ -66.9278334, 44.9442908 ], [ -66.9268468, 44.9455048 ], [ -66.9263729, 44.9458446 ], [ -66.9263263, 44.945956 ], [ -66.9261374, 44.9459709 ], [ -66.925951, 44.9460648 ], [ -66.92594, 44.9462469 ], [ -66.9255553, 44.9464112 ], [ -66.925726, 44.9465272 ], [ -66.9256118, 44.946616 ], [ -66.9251355, 44.9468767 ], [ -66.9250513, 44.9468582 ], [ -66.9249985, 44.946772 ], [ -66.9248866, 44.946754 ], [ -66.9246148, 44.94679 ], [ -66.9240461, 44.9471272 ], [ -66.9233702, 44.9474187 ], [ -66.9233414, 44.9475655 ], [ -66.9236447, 44.9476478 ], [ -66.9237166, 44.9478088 ], [ -66.9233202, 44.9481354 ], [ -66.9233784, 44.9482136 ], [ -66.9230252, 44.9484961 ], [ -66.922505, 44.9487811 ], [ -66.9222985, 44.9489466 ], [ -66.9217486, 44.9491728 ], [ -66.9218743, 44.9492736 ], [ -66.9216469, 44.9493049 ], [ -66.9216062, 44.9494282 ], [ -66.9213503, 44.9494401 ], [ -66.921124, 44.949325 ], [ -66.9209813, 44.9493945 ], [ -66.9208364, 44.9495708 ], [ -66.9208131, 44.9493576 ], [ -66.9207171, 44.9493156 ], [ -66.9202087, 44.9496242 ], [ -66.9199795, 44.9495962 ], [ -66.9197042, 44.9496994 ], [ -66.9194942, 44.9499321 ], [ -66.9194335, 44.9501269 ], [ -66.9185396, 44.950932 ], [ -66.9181362, 44.9513932 ], [ -66.9178503, 44.9515124 ], [ -66.9177483, 44.9514587 ], [ -66.9176554, 44.9515155 ], [ -66.9176272, 44.9516821 ], [ -66.917278, 44.951917 ], [ -66.9171388, 44.9519191 ], [ -66.9169086, 44.9520375 ], [ -66.9161025, 44.9520897 ], [ -66.9156574, 44.9522826 ], [ -66.9152705, 44.9522016 ], [ -66.9150859, 44.9523548 ], [ -66.9147635, 44.9521977 ], [ -66.9139118, 44.952215 ], [ -66.9135254, 44.9525059 ], [ -66.9131156, 44.9525835 ], [ -66.9127852, 44.9532453 ], [ -66.9125719, 44.9531932 ], [ -66.9124276, 44.9533893 ], [ -66.9124094, 44.9535201 ], [ -66.9123146, 44.9535176 ], [ -66.9123107, 44.9532131 ], [ -66.9116242, 44.9531685 ], [ -66.9114869, 44.95323 ], [ -66.9113432, 44.9534458 ], [ -66.9111964, 44.9535628 ], [ -66.9108677, 44.9535601 ], [ -66.9106802, 44.9538003 ], [ -66.9107999, 44.9538894 ], [ -66.910649, 44.954054 ], [ -66.91036, 44.9540743 ], [ -66.9101375, 44.9542637 ], [ -66.910036, 44.9540438 ], [ -66.9092109, 44.9540211 ], [ -66.9085955, 44.9541177 ], [ -66.9083564, 44.9543113 ], [ -66.9079857, 44.9543922 ], [ -66.9077601, 44.9544828 ], [ -66.9073724, 44.9547341 ], [ -66.9070752, 44.9548495 ], [ -66.9065527, 44.9554272 ], [ -66.9063562, 44.9555568 ], [ -66.9061666, 44.9555519 ], [ -66.9059411, 44.9556424 ], [ -66.9058102, 44.9557354 ], [ -66.9057003, 44.9559626 ], [ -66.9052082, 44.956081 ], [ -66.9046925, 44.9563382 ], [ -66.9046823, 44.9569119 ], [ -66.9045079, 44.9572152 ], [ -66.9043326, 44.9573129 ], [ -66.9042964, 44.9572225 ], [ -66.9041744, 44.9572402 ], [ -66.9037863, 44.9571197 ], [ -66.9036477, 44.9571416 ], [ -66.9035732, 44.9572535 ], [ -66.9034251, 44.957331 ], [ -66.9032882, 44.9572263 ], [ -66.9030909, 44.9571503 ], [ -66.9033387, 44.9566955 ], [ -66.9033534, 44.9565887 ], [ -66.9034834, 44.9566401 ], [ -66.9035252, 44.9566016 ], [ -66.9035238, 44.9563762 ], [ -66.9036297, 44.9561966 ], [ -66.9042244, 44.9556138 ], [ -66.9046279, 44.9556906 ], [ -66.9049303, 44.9553813 ], [ -66.9050783, 44.9553038 ], [ -66.9050865, 44.9552088 ], [ -66.9053297, 44.9549677 ], [ -66.9056583, 44.9547845 ], [ -66.9057097, 44.9546453 ], [ -66.9058151, 44.9546318 ], [ -66.9058093, 44.9548059 ], [ -66.9059006, 44.9548757 ], [ -66.9062699, 44.9545693 ], [ -66.9063606, 44.9546193 ], [ -66.9066662, 44.9545948 ], [ -66.9074691, 44.9542579 ], [ -66.9078224, 44.9539755 ], [ -66.9078734, 44.9540024 ], [ -66.9081921, 44.953503 ], [ -66.9083254, 44.9534891 ], [ -66.9085135, 44.9532686 ], [ -66.9087356, 44.9532454 ], [ -66.9088161, 44.9531452 ], [ -66.9091577, 44.9530252 ], [ -66.9094193, 44.9528391 ], [ -66.9092167, 44.9527711 ], [ -66.909187, 44.9527122 ], [ -66.9093616, 44.9525948 ], [ -66.9095012, 44.9524265 ], [ -66.9096729, 44.9523961 ], [ -66.9100819, 44.9521129 ], [ -66.9103433, 44.9517409 ], [ -66.9106819, 44.951522 ], [ -66.9107345, 44.9514223 ], [ -66.9113182, 44.9512075 ], [ -66.9115917, 44.951045 ], [ -66.9123146, 44.950828 ], [ -66.9124028, 44.950799 ], [ -66.9128507, 44.9503331 ], [ -66.9130429, 44.9500651 ], [ -66.9132504, 44.9497534 ], [ -66.9133595, 44.9493205 ], [ -66.9133298, 44.9492617 ], [ -66.9131159, 44.9491899 ], [ -66.9128664, 44.9490474 ], [ -66.9127845, 44.9489222 ], [ -66.9127784, 44.9487245 ], [ -66.9131214, 44.9482919 ], [ -66.913218, 44.9483537 ], [ -66.9132956, 44.9483406 ], [ -66.9134079, 44.9481925 ], [ -66.9139689, 44.9477843 ], [ -66.9141259, 44.9478174 ], [ -66.9142923, 44.947795 ], [ -66.9144466, 44.9475632 ], [ -66.9145469, 44.9472056 ], [ -66.9148976, 44.9468442 ], [ -66.9151657, 44.9466897 ], [ -66.9152324, 44.9465067 ], [ -66.9156041, 44.9462793 ], [ -66.9160132, 44.9461819 ], [ -66.9164638, 44.9461669 ], [ -66.9166503, 44.946073 ], [ -66.9167475, 44.9461546 ], [ -66.9169104, 44.9461995 ], [ -66.9171159, 44.9461804 ], [ -66.9176721, 44.9457999 ], [ -66.9176743, 44.9456931 ], [ -66.9179144, 44.9453531 ], [ -66.9178716, 44.9452312 ], [ -66.9182747, 44.945122 ], [ -66.91848, 44.944917 ], [ -66.9185866, 44.9449431 ], [ -66.9187141, 44.9451032 ], [ -66.9191453, 44.9451795 ], [ -66.9192684, 44.9455533 ], [ -66.9193863, 44.9455831 ], [ -66.9194877, 44.9452651 ], [ -66.9196651, 44.9450605 ], [ -66.920108, 44.9449745 ], [ -66.9201671, 44.9449063 ], [ -66.9201822, 44.9446767 ], [ -66.9201547, 44.9445055 ], [ -66.9196425, 44.9441475 ], [ -66.918979, 44.9446276 ], [ -66.919007, 44.9446454 ], [ -66.9188904, 44.9447268 ], [ -66.918778, 44.9446471 ], [ -66.9196432, 44.9440235 ], [ -66.9202503, 44.9444517 ], [ -66.9205051, 44.9443156 ], [ -66.9207079, 44.9441781 ], [ -66.9208125, 44.9441016 ], [ -66.9208744, 44.9440047 ], [ -66.9202611, 44.9435733 ], [ -66.9203504, 44.943507 ], [ -66.9209656, 44.9439356 ], [ -66.9211468, 44.9439302 ], [ -66.9213459, 44.9437763 ], [ -66.9218912, 44.9432259 ], [ -66.9222021, 44.9428413 ], [ -66.9223335, 44.942768 ], [ -66.9224952, 44.9427733 ], [ -66.9225162, 44.9425555 ], [ -66.9227742, 44.9424367 ], [ -66.9233718, 44.9424906 ], [ -66.9234604, 44.9422954 ], [ -66.9236355, 44.9421977 ], [ -66.9241053, 44.9419055 ], [ -66.9244073, 44.9419482 ], [ -66.9246453, 44.9419009 ], [ -66.9250745, 44.9413799 ], [ -66.9253816, 44.9412287 ], [ -66.9257476, 44.9408235 ], [ -66.9270897, 44.9397581 ], [ -66.9273559, 44.9391923 ], [ -66.9275479, 44.9389242 ], [ -66.9279784, 44.9380908 ], [ -66.9281311, 44.9376335 ], [ -66.9281236, 44.9375 ], [ -66.9281183, 44.9374044 ], [ -66.927826, 44.93714 ], [ -66.9275089, 44.937327 ], [ -66.9273807, 44.9375 ], [ -66.9273754, 44.9375071 ], [ -66.9271008, 44.9376301 ], [ -66.9267803, 44.9375323 ], [ -66.926598, 44.9375787 ], [ -66.9264367, 44.9377593 ], [ -66.926224, 44.937727 ], [ -66.9261415, 44.937582 ], [ -66.9261444, 44.9375 ], [ -66.9261916, 44.9361613 ], [ -66.926091, 44.9357951 ], [ -66.926042, 44.9358275 ], [ -66.925877, 44.9364274 ], [ -66.9256083, 44.9369141 ], [ -66.925565, 44.9373103 ], [ -66.9253013, 44.9375 ], [ -66.925222, 44.937557 ], [ -66.9250258, 44.9378725 ], [ -66.9252556, 44.9379203 ], [ -66.9253469, 44.9379901 ], [ -66.9254166, 44.9382579 ], [ -66.9254789, 44.9388265 ], [ -66.9253922, 44.939081 ], [ -66.925239, 44.9391664 ], [ -66.9249235, 44.9392268 ], [ -66.9243946, 44.9395872 ], [ -66.9237544, 44.9399493 ], [ -66.923549, 44.9399684 ], [ -66.9234852, 44.9400643 ], [ -66.923416, 44.9401682 ], [ -66.9229428, 44.9405277 ], [ -66.9228058, 44.9407751 ], [ -66.9220567, 44.941218 ], [ -66.9217116, 44.9417574 ], [ -66.9214904, 44.9419863 ], [ -66.9205962, 44.9424197 ], [ -66.9200869, 44.9428746 ], [ -66.9187561, 44.9435917 ], [ -66.9185618, 44.9436145 ], [ -66.9182976, 44.9435356 ], [ -66.9180306, 44.9435438 ], [ -66.9179211, 44.9436048 ], [ -66.9178691, 44.9437243 ], [ -66.9177969, 44.9437294 ], [ -66.9173203, 44.9438041 ], [ -66.9172167, 44.9438769 ], [ -66.9166881, 44.9440711 ], [ -66.9162408, 44.9443708 ], [ -66.9159969, 44.9444063 ], [ -66.915817, 44.9445318 ], [ -66.9157415, 44.94479 ], [ -66.9159206, 44.9449968 ], [ -66.9158911, 44.9451239 ], [ -66.9152678, 44.9453156 ], [ -66.9144618, 44.9453678 ], [ -66.9141743, 44.9456136 ], [ -66.9141098, 44.9456897 ], [ -66.913939, 44.9459258 ], [ -66.9137691, 44.9460155 ], [ -66.9134191, 44.9460447 ], [ -66.9133008, 44.946181 ], [ -66.9124609, 44.9465739 ], [ -66.911576, 44.9474895 ], [ -66.9113864, 44.9474846 ], [ -66.9112655, 44.9473559 ], [ -66.9112493, 44.947194 ], [ -66.9112223, 44.9468622 ], [ -66.910937, 44.9464633 ], [ -66.9108107, 44.9463426 ], [ -66.9106431, 44.9463255 ], [ -66.9103713, 44.9463614 ], [ -66.910135, 44.946282 ], [ -66.9096549, 44.9453482 ], [ -66.9088797, 44.9447749 ], [ -66.9085236, 44.9440686 ], [ -66.908347, 44.9439408 ], [ -66.9079206, 44.9438367 ], [ -66.9074589, 44.9440338 ], [ -66.9071148, 44.9440748 ], [ -66.9067035, 44.943741 ], [ -66.9066284, 44.9438332 ], [ -66.9065124, 44.9438627 ], [ -66.9064371, 44.9437689 ], [ -66.9062429, 44.9437917 ], [ -66.9060472, 44.9435891 ], [ -66.9058606, 44.9434971 ], [ -66.9055733, 44.9433908 ], [ -66.9054022, 44.943441 ], [ -66.9052115, 44.9433965 ], [ -66.9048536, 44.9431687 ], [ -66.9046807, 44.9431595 ], [ -66.9045391, 44.9430826 ], [ -66.904192, 44.9430248 ], [ -66.903973, 44.9431468 ], [ -66.903752, 44.9430237 ], [ -66.9035327, 44.942774 ], [ -66.9032977, 44.94292 ], [ -66.9031662, 44.9428074 ], [ -66.9030993, 44.9428045 ], [ -66.9027726, 44.9430469 ], [ -66.9024356, 44.9429532 ], [ -66.9024086, 44.9426214 ], [ -66.902505, 44.9424973 ], [ -66.902406, 44.9423565 ], [ -66.9024537, 44.9420986 ], [ -66.9026809, 44.9418815 ], [ -66.9026104, 44.94176 ], [ -66.9025203, 44.9417298 ], [ -66.9022432, 44.9417736 ], [ -66.9021664, 44.9412686 ], [ -66.9023412, 44.9413371 ], [ -66.9026661, 44.9412213 ], [ -66.9027171, 44.9412482 ], [ -66.9027822, 44.9411918 ], [ -66.903244, 44.9411806 ], [ -66.9036362, 44.9407157 ], [ -66.9037932, 44.9407489 ], [ -66.9039068, 44.9406403 ], [ -66.9040214, 44.9403854 ], [ -66.9042528, 44.9403067 ], [ -66.9043474, 44.9401233 ], [ -66.9042343, 44.9400657 ], [ -66.904052, 44.9395742 ], [ -66.903927, 44.939493 ], [ -66.9039133, 44.9394102 ], [ -66.9040996, 44.9391304 ], [ -66.9042549, 44.9380285 ], [ -66.9041575, 44.9377611 ], [ -66.9042321, 44.9375 ], [ -66.9043334, 44.9371453 ], [ -66.9044985, 44.9370834 ], [ -66.9044793, 44.9373606 ], [ -66.9046943, 44.9374719 ], [ -66.9050907, 44.9371454 ], [ -66.9054216, 44.9370414 ], [ -66.9055628, 44.9367465 ], [ -66.9056375, 44.9368205 ], [ -66.9057316, 44.9368032 ], [ -66.9061061, 44.9364888 ], [ -66.9061753, 44.9363849 ], [ -66.9061573, 44.9361637 ], [ -66.9063124, 44.9361376 ], [ -66.9063808, 44.935828 ], [ -66.9072686, 44.9355492 ], [ -66.9076909, 44.9357008 ], [ -66.9077922, 44.9357348 ], [ -66.9081433, 44.9357451 ], [ -66.9083901, 44.9356226 ], [ -66.9086485, 44.9353378 ], [ -66.9088456, 44.9352279 ], [ -66.9088581, 44.9347333 ], [ -66.9088692, 44.9340134 ], [ -66.9088084, 44.9336702 ], [ -66.9085779, 44.9334168 ], [ -66.908715, 44.9331694 ], [ -66.9086372, 44.9329966 ], [ -66.9084431, 44.9330194 ], [ -66.9085347, 44.9329231 ], [ -66.9084294, 44.9329366 ], [ -66.9085789, 44.9327325 ], [ -66.908805, 44.9326618 ], [ -66.9088361, 44.9324082 ], [ -66.9086573, 44.9323872 ], [ -66.9085796, 44.9322144 ], [ -66.9085917, 44.931886 ], [ -66.9086881, 44.9317619 ], [ -66.9087578, 44.9316777 ], [ -66.9086251, 44.9315256 ], [ -66.9086052, 44.9312451 ], [ -66.9084717, 44.9308873 ], [ -66.9086921, 44.9304527 ], [ -66.9087762, 44.9299333 ], [ -66.9087375, 44.9297639 ], [ -66.9088063, 44.9292882 ], [ -66.9090064, 44.9287393 ], [ -66.9092914, 44.9284145 ], [ -66.9093598, 44.928105 ], [ -66.9094342, 44.9279931 ], [ -66.9103614, 44.9275514 ], [ -66.9104146, 44.9274715 ], [ -66.909841, 44.9274647 ], [ -66.9093268, 44.9277614 ], [ -66.908827, 44.9281608 ], [ -66.9083064, 44.928426 ], [ -66.9071095, 44.9291486 ], [ -66.906774, 44.9292804 ], [ -66.9061015, 44.9293186 ], [ -66.9053805, 44.9294089 ], [ -66.9052983, 44.9294498 ], [ -66.9058146, 44.9295841 ], [ -66.9060432, 44.9295924 ], [ -66.9065886, 44.9297658 ], [ -66.9067917, 44.9298536 ], [ -66.9071513, 44.9301407 ], [ -66.9081861, 44.9306544 ], [ -66.9081734, 44.9309631 ], [ -66.9083205, 44.9312179 ], [ -66.9080494, 44.9312735 ], [ -66.9076944, 44.9309587 ], [ -66.9071079, 44.9305368 ], [ -66.9064795, 44.9301986 ], [ -66.9053081, 44.929766 ], [ -66.9049996, 44.9296917 ], [ -66.9038079, 44.9296826 ], [ -66.9035564, 44.9298329 ], [ -66.9034246, 44.9300722 ], [ -66.9035123, 44.9302093 ], [ -66.9036355, 44.9302311 ], [ -66.9036215, 44.9305002 ], [ -66.9036021, 44.9305915 ], [ -66.9032726, 44.9309209 ], [ -66.9029176, 44.931144 ], [ -66.902848, 44.931414 ], [ -66.9025137, 44.9315853 ], [ -66.9023127, 44.9319286 ], [ -66.9020405, 44.9321305 ], [ -66.9019714, 44.9322344 ], [ -66.9017262, 44.9322303 ], [ -66.901512, 44.9323246 ], [ -66.9014872, 44.9324239 ], [ -66.9010575, 44.932573 ], [ -66.9009079, 44.932777 ], [ -66.9008061, 44.9327232 ], [ -66.9006456, 44.9327573 ], [ -66.9005143, 44.9328306 ], [ -66.9005018, 44.9327872 ], [ -66.900448, 44.9328474 ], [ -66.9003645, 44.9328487 ], [ -66.9002721, 44.9327394 ], [ -66.9000961, 44.9326314 ], [ -66.8998884, 44.9327572 ], [ -66.8997989, 44.9325609 ], [ -66.8996739, 44.9324798 ], [ -66.8994726, 44.9324512 ], [ -66.8987932, 44.9328098 ], [ -66.8988806, 44.9325751 ], [ -66.898693, 44.9326295 ], [ -66.8987106, 44.9324789 ], [ -66.8986253, 44.9324209 ], [ -66.8987371, 44.9322531 ], [ -66.8988574, 44.9316382 ], [ -66.898981, 44.9314939 ], [ -66.8990258, 44.9313231 ], [ -66.8991253, 44.9312978 ], [ -66.8992893, 44.9313823 ], [ -66.899458, 44.9312531 ], [ -66.8993932, 44.9309575 ], [ -66.899267, 44.9308369 ], [ -66.8990918, 44.9309345 ], [ -66.8989752, 44.9309442 ], [ -66.8987084, 44.9311382 ], [ -66.8986503, 44.93106 ], [ -66.8986395, 44.9308901 ], [ -66.8985648, 44.9308161 ], [ -66.8984742, 44.9307661 ], [ -66.8983435, 44.9308591 ], [ -66.8982588, 44.9308209 ], [ -66.8982557, 44.9307221 ], [ -66.8984659, 44.9306753 ], [ -66.8983632, 44.9304159 ], [ -66.8983049, 44.9299659 ], [ -66.8982402, 44.9298562 ], [ -66.8979797, 44.9297099 ], [ -66.8979445, 44.9294732 ], [ -66.8978658, 44.9294467 ], [ -66.8978456, 44.9293324 ], [ -66.897586, 44.9290398 ], [ -66.8974357, 44.9290381 ], [ -66.8973888, 44.9289637 ], [ -66.8971349, 44.9290349 ], [ -66.8973873, 44.9285524 ], [ -66.8972114, 44.9284444 ], [ -66.8971929, 44.9282035 ], [ -66.8970698, 44.9281817 ], [ -66.8970555, 44.9280791 ], [ -66.8968435, 44.9280665 ], [ -66.8964379, 44.9279107 ], [ -66.8963952, 44.9277887 ], [ -66.8964413, 44.9276575 ], [ -66.8963642, 44.9275045 ], [ -66.8963742, 44.9274687 ], [ -66.8964743, 44.9274632 ], [ -66.8964559, 44.9274081 ], [ -66.8965623, 44.9272483 ], [ -66.8964273, 44.9272029 ], [ -66.8961397, 44.9272627 ], [ -66.89602, 44.9271736 ], [ -66.8959667, 44.9270677 ], [ -66.8957026, 44.9269887 ], [ -66.8954846, 44.9267785 ], [ -66.8955424, 44.926485 ], [ -66.895721, 44.9263201 ], [ -66.8955476, 44.9262911 ], [ -66.8953256, 44.9263143 ], [ -66.8952917, 44.9261171 ], [ -66.8954515, 44.9260632 ], [ -66.8954862, 44.9257423 ], [ -66.8951381, 44.9256449 ], [ -66.8949816, 44.9254456 ], [ -66.8950028, 44.9252278 ], [ -66.8949382, 44.9251181 ], [ -66.8950998, 44.9251235 ], [ -66.8953507, 44.9249535 ], [ -66.8955294, 44.9249744 ], [ -66.8958171, 44.9249146 ], [ -66.8958519, 44.9247796 ], [ -66.8961407, 44.9247593 ], [ -66.896104, 44.9246492 ], [ -66.8958086, 44.9246379 ], [ -66.8958274, 44.9245269 ], [ -66.895738, 44.9245164 ], [ -66.895716, 44.9243427 ], [ -66.8956166, 44.924368 ], [ -66.8954863, 44.9242949 ], [ -66.8953259, 44.924329 ], [ -66.8952685, 44.9242706 ], [ -66.8952607, 44.9241995 ], [ -66.8954205, 44.9241456 ], [ -66.8954263, 44.9239715 ], [ -66.895225, 44.923943 ], [ -66.8951616, 44.9238728 ], [ -66.8951936, 44.9238249 ], [ -66.8955464, 44.9238945 ], [ -66.8956317, 44.9239525 ], [ -66.8956121, 44.9238579 ], [ -66.8954481, 44.9237735 ], [ -66.8954, 44.9236595 ], [ -66.8954532, 44.9235796 ], [ -66.8954678, 44.9233302 ], [ -66.8953199, 44.9234076 ], [ -66.8952914, 44.9232024 ], [ -66.8954487, 44.9230695 ], [ -66.8955387, 44.9230997 ], [ -66.8960874, 44.9230201 ], [ -66.8962661, 44.923041 ], [ -66.8964478, 44.9229749 ], [ -66.8965802, 44.9227554 ], [ -66.896705, 44.9226506 ], [ -66.8967101, 44.9222709 ], [ -66.8966093, 44.9220707 ], [ -66.8963773, 44.9221297 ], [ -66.8964547, 44.9219308 ], [ -66.8963428, 44.9219127 ], [ -66.8962864, 44.921708 ], [ -66.8961071, 44.9216672 ], [ -66.8958637, 44.9215365 ], [ -66.8956364, 44.9215677 ], [ -66.895634, 44.9214887 ], [ -66.8954435, 44.9216301 ], [ -66.8954197, 44.9213971 ], [ -66.8952716, 44.9212887 ], [ -66.8952271, 44.9211074 ], [ -66.8952089, 44.9205145 ], [ -66.8951556, 44.9204086 ], [ -66.894698, 44.9203721 ], [ -66.8946334, 44.9202624 ], [ -66.8944505, 44.920289 ], [ -66.8942704, 44.9200426 ], [ -66.8938667, 44.919946 ], [ -66.8938578, 44.9198354 ], [ -66.893731, 44.919695 ], [ -66.8937309, 44.9195092 ], [ -66.8932536, 44.9191923 ], [ -66.8930175, 44.9192987 ], [ -66.8930002, 44.9190973 ], [ -66.8928599, 44.9190599 ], [ -66.8927386, 44.9190974 ], [ -66.8922873, 44.9185349 ], [ -66.8922099, 44.9178243 ], [ -66.8918446, 44.9177113 ], [ -66.8917587, 44.9176335 ], [ -66.8915652, 44.917676 ], [ -66.8915669, 44.9175495 ], [ -66.8916799, 44.9174212 ], [ -66.8915313, 44.917293 ], [ -66.891423, 44.9173935 ], [ -66.8912633, 44.9174474 ], [ -66.8912099, 44.9173414 ], [ -66.8912483, 44.9171391 ], [ -66.8912062, 44.917037 ], [ -66.8910688, 44.9169125 ], [ -66.8908007, 44.9168811 ], [ -66.8909497, 44.9166573 ], [ -66.8908319, 44.9166275 ], [ -66.8906755, 44.9164282 ], [ -66.8905009, 44.9163598 ], [ -66.8903701, 44.9164527 ], [ -66.8902659, 44.9163199 ], [ -66.890199, 44.916317 ], [ -66.8901399, 44.9163851 ], [ -66.8899321, 44.916325 ], [ -66.8898681, 44.9162351 ], [ -66.8899148, 44.9161236 ], [ -66.8900562, 44.9160147 ], [ -66.8900532, 44.9159158 ], [ -66.8900129, 44.915873 ], [ -66.8898478, 44.9159348 ], [ -66.8898282, 44.9158402 ], [ -66.8902607, 44.9156042 ], [ -66.8902624, 44.9154776 ], [ -66.8905351, 44.9152954 ], [ -66.8905421, 44.9151609 ], [ -66.8905001, 44.9150587 ], [ -66.8898757, 44.9150248 ], [ -66.8894093, 44.9148778 ], [ -66.8893312, 44.9139615 ], [ -66.8895217, 44.9138202 ], [ -66.8891654, 44.9138178 ], [ -66.8892055, 44.9136748 ], [ -66.8894617, 44.9134968 ], [ -66.8894527, 44.9133863 ], [ -66.8895894, 44.9133051 ], [ -66.8899344, 44.9133037 ], [ -66.890219, 44.9131451 ], [ -66.890348, 44.9131787 ], [ -66.8905006, 44.9130735 ], [ -66.8906313, 44.9129805 ], [ -66.8906969, 44.9127581 ], [ -66.8906571, 44.9125491 ], [ -66.8900913, 44.9124273 ], [ -66.889877, 44.9123357 ], [ -66.889855, 44.912162 ], [ -66.8899035, 44.9121099 ], [ -66.8900881, 44.9121426 ], [ -66.8900548, 44.9117793 ], [ -66.890198, 44.9117297 ], [ -66.8902945, 44.9117914 ], [ -66.8904512, 44.9116388 ], [ -66.8903433, 44.9113873 ], [ -66.8903037, 44.9113642 ], [ -66.8902232, 44.9114643 ], [ -66.8901871, 44.9113739 ], [ -66.8900871, 44.9113794 ], [ -66.8900166, 44.9112579 ], [ -66.8898976, 44.9111886 ], [ -66.8898832, 44.9109001 ], [ -66.889969, 44.910792 ], [ -66.8902304, 44.9106061 ], [ -66.8903499, 44.9105093 ], [ -66.8907084, 44.9104049 ], [ -66.8907095, 44.9102586 ], [ -66.8905704, 44.9102607 ], [ -66.8905846, 44.9101775 ], [ -66.8906662, 44.9101169 ], [ -66.890849, 44.9100904 ], [ -66.8908241, 44.9100037 ], [ -66.8907567, 44.9099811 ], [ -66.890766, 44.9097397 ], [ -66.8906932, 44.909725 ], [ -66.8906116, 44.9097856 ], [ -66.8906014, 44.9096355 ], [ -66.89067, 44.9095118 ], [ -66.8905917, 44.9093192 ], [ -66.8908193, 44.9089361 ], [ -66.8910063, 44.908862 ], [ -66.8910099, 44.9089806 ], [ -66.8913287, 44.9088531 ], [ -66.8920983, 44.9083588 ], [ -66.8923454, 44.9080702 ], [ -66.8930884, 44.9078017 ], [ -66.893351, 44.9076553 ], [ -66.8934623, 44.9076535 ], [ -66.8936877, 44.9075631 ], [ -66.8936574, 44.9074844 ], [ -66.8939141, 44.9073262 ], [ -66.8940105, 44.9072022 ], [ -66.8941915, 44.9071163 ], [ -66.894221, 44.9069893 ], [ -66.8942997, 44.9070158 ], [ -66.8944913, 44.906914 ], [ -66.8945445, 44.906834 ], [ -66.8944208, 44.9067925 ], [ -66.8944219, 44.9066461 ], [ -66.8942551, 44.9066487 ], [ -66.8944058, 44.9064842 ], [ -66.8943987, 44.906433 ], [ -66.8942218, 44.9064713 ], [ -66.8943098, 44.9062564 ], [ -66.8951037, 44.9060147 ], [ -66.8952639, 44.9057948 ], [ -66.8952674, 44.9057275 ], [ -66.8951893, 44.9057208 ], [ -66.8950714, 44.9055051 ], [ -66.8948098, 44.9055052 ], [ -66.8945998, 44.905552 ], [ -66.8946482, 44.9053139 ], [ -66.894741, 44.9052571 ], [ -66.8950073, 44.9052293 ], [ -66.8955677, 44.9046354 ], [ -66.8956358, 44.9046778 ], [ -66.8957676, 44.9044385 ], [ -66.8958232, 44.9044376 ], [ -66.8958387, 44.9045797 ], [ -66.8959144, 44.9045074 ], [ -66.8960201, 44.9043278 ], [ -66.8961715, 44.9041831 ], [ -66.8962612, 44.9038416 ], [ -66.8964367, 44.9035779 ], [ -66.8964811, 44.9035733 ], [ -66.8964882, 44.9036246 ], [ -66.8966892, 44.9034672 ], [ -66.8970589, 44.9033666 ], [ -66.8970513, 44.9034814 ], [ -66.8972987, 44.9035646 ], [ -66.8972451, 44.9038106 ], [ -66.8974013, 44.903824 ], [ -66.8974108, 44.9039543 ], [ -66.897502, 44.9040241 ], [ -66.8978079, 44.9040193 ], [ -66.8980392, 44.9039406 ], [ -66.898064, 44.9038414 ], [ -66.8982591, 44.9036722 ], [ -66.8982502, 44.9037475 ], [ -66.898365, 44.9036785 ], [ -66.8985697, 44.9036397 ], [ -66.8988249, 44.9032562 ], [ -66.8989456, 44.9031989 ], [ -66.8990421, 44.9032607 ], [ -66.8990988, 44.9031135 ], [ -66.899246, 44.9030163 ], [ -66.8995323, 44.9029169 ], [ -66.8997541, 44.9028937 ], [ -66.9001214, 44.902714 ], [ -66.9002642, 44.9022926 ], [ -66.9002735, 44.9020513 ], [ -66.9004207, 44.9019541 ], [ -66.9005148, 44.9019368 ], [ -66.9005225, 44.9020079 ], [ -66.9007296, 44.9020481 ], [ -66.9008627, 44.9020342 ], [ -66.90092, 44.9019068 ], [ -66.9012548, 44.9017553 ], [ -66.9017484, 44.9013442 ], [ -66.9019241, 44.9012664 ], [ -66.9020218, 44.9013677 ], [ -66.901971, 44.9015266 ], [ -66.9021041, 44.9015127 ], [ -66.9022194, 44.9014634 ], [ -66.902291, 44.9014386 ], [ -66.9024861, 44.9012695 ], [ -66.9025473, 44.9009087 ], [ -66.9025188, 44.9001657 ], [ -66.9024555, 44.9000955 ], [ -66.9023164, 44.9000977 ], [ -66.902311, 44.8999198 ], [ -66.9020302, 44.8994734 ], [ -66.9018875, 44.899357 ], [ -66.9017147, 44.8993478 ], [ -66.9015284, 44.8994417 ], [ -66.9008353, 44.8996976 ], [ -66.900711, 44.8996363 ], [ -66.9006812, 44.8993916 ], [ -66.9005334, 44.899469 ], [ -66.9005303, 44.8993702 ], [ -66.9003693, 44.8991987 ], [ -66.9004404, 44.8986163 ], [ -66.9003515, 44.8984398 ], [ -66.9001285, 44.8984235 ], [ -66.9000905, 44.8982738 ], [ -66.8995544, 44.8982109 ], [ -66.8994637, 44.8979751 ], [ -66.8994783, 44.8977257 ], [ -66.8993375, 44.8976686 ], [ -66.8995944, 44.8971585 ], [ -66.899557, 44.8970286 ], [ -66.8994558, 44.8969945 ], [ -66.8994833, 44.8966224 ], [ -66.8997127, 44.8964844 ], [ -66.8996919, 44.8963503 ], [ -66.8998688, 44.8963119 ], [ -66.8998525, 44.8959642 ], [ -66.8997743, 44.8957717 ], [ -66.8998592, 44.895458 ], [ -66.9003248, 44.8948616 ], [ -66.9006466, 44.8948328 ], [ -66.9006343, 44.8949754 ], [ -66.9009164, 44.8949235 ], [ -66.9012464, 44.8947998 ], [ -66.9013421, 44.8946559 ], [ -66.9016314, 44.8946554 ], [ -66.9017827, 44.8945107 ], [ -66.9018642, 44.8944501 ], [ -66.9019375, 44.8942987 ], [ -66.9019614, 44.8939938 ], [ -66.9019636, 44.8937012 ], [ -66.9016672, 44.8936505 ], [ -66.9016523, 44.8935281 ], [ -66.9018373, 44.8933947 ], [ -66.9017508, 44.8932972 ], [ -66.9016879, 44.8930609 ], [ -66.9017198, 44.893013 ], [ -66.9019629, 44.8929578 ], [ -66.9020378, 44.8926799 ], [ -66.9021974, 44.892626 ], [ -66.9023357, 44.8924182 ], [ -66.9024156, 44.8924842 ], [ -66.9024753, 44.8924358 ], [ -66.9027806, 44.8918735 ], [ -66.9029609, 44.8917679 ], [ -66.9031052, 44.8917577 ], [ -66.9031743, 44.8916538 ], [ -66.9033381, 44.8915524 ], [ -66.9036705, 44.8915077 ], [ -66.903729, 44.8914198 ], [ -66.9038293, 44.8912482 ], [ -66.9038599, 44.8909749 ], [ -66.9038225, 44.890845 ], [ -66.9036882, 44.8908194 ], [ -66.9039282, 44.8906654 ], [ -66.9038356, 44.8903703 ], [ -66.9035736, 44.8903506 ], [ -66.9032973, 44.8902284 ], [ -66.9031464, 44.890207 ], [ -66.902681, 44.8902657 ], [ -66.9026714, 44.8901354 ], [ -66.9025447, 44.889995 ], [ -66.9024113, 44.8896372 ], [ -66.902498, 44.8893828 ], [ -66.9026115, 44.8892743 ], [ -66.9026532, 44.8890048 ], [ -66.9027814, 44.8888327 ], [ -66.9029446, 44.8887116 ], [ -66.9030292, 44.8874884 ], [ -66.9028813, 44.88738 ], [ -66.9032703, 44.8871881 ], [ -66.9035847, 44.8869222 ], [ -66.9040004, 44.8868762 ], [ -66.9041114, 44.8866886 ], [ -66.9039913, 44.8865798 ], [ -66.9037617, 44.886532 ], [ -66.9037983, 44.8864563 ], [ -66.9042376, 44.8862715 ], [ -66.904238, 44.8861054 ], [ -66.9044391, 44.8861339 ], [ -66.9047063, 44.8859597 ], [ -66.9049089, 44.8856758 ], [ -66.9048899, 44.885601 ], [ -66.9054518, 44.8850663 ], [ -66.9054044, 44.8849722 ], [ -66.9054913, 44.8849036 ], [ -66.905745, 44.8848324 ], [ -66.9057889, 44.8849938 ], [ -66.9059569, 44.8850308 ], [ -66.9060729, 44.8851871 ], [ -66.906122, 44.8851547 ], [ -66.9062277, 44.8849751 ], [ -66.9062191, 44.8846985 ], [ -66.9063616, 44.884629 ], [ -66.9064773, 44.8844137 ], [ -66.9064317, 44.8843788 ], [ -66.9063383, 44.8844159 ], [ -66.9062643, 44.8843617 ], [ -66.9062529, 44.8841721 ], [ -66.9064138, 44.8841577 ], [ -66.9064505, 44.8842678 ], [ -66.9065593, 44.884187 ], [ -66.906714, 44.8839751 ], [ -66.906536, 44.8839739 ], [ -66.9064614, 44.8838999 ], [ -66.9066274, 44.8836917 ], [ -66.9067893, 44.883531 ], [ -66.9070206, 44.8836381 ], [ -66.9071707, 44.8834539 ], [ -66.9069334, 44.883335 ], [ -66.907071, 44.8831075 ], [ -66.9071934, 44.8831095 ], [ -66.9072455, 44.883176 ], [ -66.9077542, 44.8827212 ], [ -66.9078583, 44.8826682 ], [ -66.9080422, 44.8826811 ], [ -66.9084115, 44.8823946 ], [ -66.9086598, 44.8823314 ], [ -66.9088542, 44.8821425 ], [ -66.9088266, 44.8823288 ], [ -66.9091103, 44.8821504 ], [ -66.9094101, 44.8821338 ], [ -66.9095241, 44.882045 ], [ -66.9100498, 44.8819577 ], [ -66.9101697, 44.8818807 ], [ -66.9104027, 44.8818613 ], [ -66.9104565, 44.8818011 ], [ -66.9106114, 44.881775 ], [ -66.9106653, 44.8819006 ], [ -66.9108723, 44.8819409 ], [ -66.911239, 44.8819272 ], [ -66.9116258, 44.8820279 ], [ -66.9117861, 44.8819938 ], [ -66.9118494, 44.882064 ], [ -66.9121024, 44.881973 ], [ -66.9122114, 44.8820781 ], [ -66.9124065, 44.8820948 ], [ -66.9128087, 44.8821517 ], [ -66.913347, 44.8817558 ], [ -66.9138653, 44.8808936 ], [ -66.9138986, 44.8805332 ], [ -66.9138563, 44.8802453 ], [ -66.9138336, 44.8800519 ], [ -66.9137312, 44.8799784 ], [ -66.913581, 44.8799768 ], [ -66.9135354, 44.8799419 ], [ -66.9135552, 44.8796846 ], [ -66.9134109, 44.8796947 ], [ -66.9133895, 44.8795409 ], [ -66.913338, 44.8794942 ], [ -66.9130067, 44.8793927 ], [ -66.912834, 44.8793835 ], [ -66.9128028, 44.8794512 ], [ -66.9126975, 44.8794647 ], [ -66.9125371, 44.8793131 ], [ -66.9125165, 44.8793648 ], [ -66.9124543, 44.8793341 ], [ -66.9123554, 44.8791933 ], [ -66.9121153, 44.8791615 ], [ -66.9121511, 44.8788802 ], [ -66.9120724, 44.8788538 ], [ -66.9119034, 44.8789632 ], [ -66.9117567, 44.8788943 ], [ -66.9116234, 44.8787224 ], [ -66.9117127, 44.8781952 ], [ -66.9119342, 44.8779861 ], [ -66.9116218, 44.8777735 ], [ -66.9115648, 44.877549 ], [ -66.9114316, 44.8773771 ], [ -66.9114338, 44.8772704 ], [ -66.9115513, 44.8771143 ], [ -66.9115399, 44.8769247 ], [ -66.9119034, 44.8768122 ], [ -66.9119222, 44.8767012 ], [ -66.9117134, 44.8766017 ], [ -66.9115597, 44.8766674 ], [ -66.9115791, 44.8765761 ], [ -66.911735, 44.8764037 ], [ -66.9125881, 44.8757616 ], [ -66.9129118, 44.8754402 ], [ -66.9134739, 44.8752772 ], [ -66.9135992, 44.8751922 ], [ -66.9136245, 44.8751127 ], [ -66.91388, 44.8751008 ], [ -66.9139227, 44.8752227 ], [ -66.9140976, 44.8751251 ], [ -66.9142962, 44.8750745 ], [ -66.9144535, 44.8751274 ], [ -66.9144981, 44.8753086 ], [ -66.9148148, 44.8751217 ], [ -66.9151099, 44.8751329 ], [ -66.9152513, 44.8752097 ], [ -66.9153827, 44.8753223 ], [ -66.9156309, 44.8752591 ], [ -66.9158214, 44.8753036 ], [ -66.9160625, 44.8751891 ], [ -66.9162683, 44.8751898 ], [ -66.9163475, 44.875236 ], [ -66.9163612, 44.8753188 ], [ -66.9165599, 44.8752682 ], [ -66.9165298, 44.8753755 ], [ -66.9165826, 44.8754616 ], [ -66.9169044, 44.8756187 ], [ -66.9171455, 44.8755042 ], [ -66.917395, 44.8754805 ], [ -66.9175043, 44.8754194 ], [ -66.9176948, 44.8754639 ], [ -66.9177256, 44.8755622 ], [ -66.9179427, 44.8755667 ], [ -66.9181754, 44.8753614 ], [ -66.9183063, 44.8751023 ], [ -66.9184122, 44.8751086 ], [ -66.9183958, 44.8752986 ], [ -66.9184892, 44.8752616 ], [ -66.9186891, 44.8752505 ], [ -66.9186651, 44.8750176 ], [ -66.9187134, 44.875 ], [ -66.9188466, 44.8749515 ], [ -66.9189329, 44.875 ], [ -66.9189865, 44.875 ], [ -66.919018, 44.8749211 ], [ -66.9189416, 44.8747879 ], [ -66.9197421, 44.8747832 ], [ -66.9200719, 44.8746594 ], [ -66.9202056, 44.8746652 ], [ -66.9203355, 44.8745524 ], [ -66.9204444, 44.8746574 ], [ -66.9205662, 44.8746397 ], [ -66.9205937, 44.8744534 ], [ -66.9207599, 44.874431 ], [ -66.9207529, 44.8745656 ], [ -66.9210791, 44.8748609 ], [ -66.9210485, 44.8749484 ], [ -66.9209267, 44.8749661 ], [ -66.9209155, 44.875 ], [ -66.9208861, 44.8750893 ], [ -66.9209668, 44.8753609 ], [ -66.9211279, 44.8755323 ], [ -66.9211962, 44.8757606 ], [ -66.9213464, 44.8757622 ], [ -66.9214144, 44.8758046 ], [ -66.921494, 44.8760366 ], [ -66.9217641, 44.8759612 ], [ -66.9220042, 44.875993 ], [ -66.9226421, 44.8759433 ], [ -66.9231031, 44.8757463 ], [ -66.9231662, 44.8756306 ], [ -66.9231335, 44.875473 ], [ -66.922888, 44.875 ], [ -66.9228139, 44.8748572 ], [ -66.9228147, 44.8745251 ], [ -66.922728, 44.8742418 ], [ -66.923069, 44.8741217 ], [ -66.9231274, 44.8740338 ], [ -66.9232988, 44.8740034 ], [ -66.9233681, 44.8740854 ], [ -66.9235105, 44.8740159 ], [ -66.9236719, 44.8740213 ], [ -66.9236685, 44.8740885 ], [ -66.9238618, 44.8740459 ], [ -66.924058, 44.874454 ], [ -66.9242182, 44.8744199 ], [ -66.9244472, 44.874096 ], [ -66.9245958, 44.8742241 ], [ -66.9247192, 44.8740798 ], [ -66.9248581, 44.8740776 ], [ -66.9250286, 44.8741935 ], [ -66.9251671, 44.8743574 ], [ -66.9251346, 44.8747375 ], [ -66.9253038, 44.8748139 ], [ -66.9258377, 44.8748173 ], [ -66.9264394, 44.8746773 ], [ -66.926949, 44.8746139 ], [ -66.9276433, 44.8747433 ], [ -66.9278289, 44.8749242 ], [ -66.9279521, 44.8749472 ], [ -66.9280717, 44.8749993 ], [ -66.928179, 44.8750217 ], [ -66.9282934, 44.8749919 ], [ -66.9283659, 44.8749522 ], [ -66.9283607, 44.8749124 ], [ -66.9283567, 44.8748815 ], [ -66.9283446, 44.8748279 ], [ -66.9285592, 44.8746401 ], [ -66.9293828, 44.8738656 ], [ -66.9301924, 44.8728234 ], [ -66.9308851, 44.8713945 ], [ -66.9312165, 44.8700941 ], [ -66.9319789, 44.8676424 ], [ -66.932306, 44.8658462 ], [ -66.9323161, 44.8654585 ], [ -66.9323762, 44.8641884 ], [ -66.932333, 44.8622874 ], [ -66.9321596, 44.8613689 ], [ -66.9319269, 44.8606596 ], [ -66.931637, 44.859776 ], [ -66.9309832, 44.8586082 ], [ -66.9305363, 44.8581844 ], [ -66.9298794, 44.8576216 ], [ -66.9292222, 44.8572248 ], [ -66.9285889, 44.8570609 ], [ -66.92771, 44.8570392 ], [ -66.9273401, 44.8571202 ], [ -66.9271469, 44.8571628 ], [ -66.9269506, 44.8571066 ], [ -66.9269119, 44.8569373 ], [ -66.9269856, 44.8568056 ], [ -66.9273125, 44.8564169 ], [ -66.92733, 44.8562664 ], [ -66.9277691, 44.8553778 ], [ -66.9278395, 44.8546097 ], [ -66.927732, 44.8538405 ], [ -66.9274625, 44.8530461 ], [ -66.9274267, 44.8527897 ], [ -66.9270461, 44.8519972 ], [ -66.9265276, 44.8514124 ], [ -66.9259319, 44.8510264 ], [ -66.9253933, 44.850865 ], [ -66.9250825, 44.8508778 ], [ -66.9247748, 44.8509894 ], [ -66.9245822, 44.8510518 ], [ -66.9243458, 44.8514904 ], [ -66.9239039, 44.8515765 ], [ -66.9237862, 44.8515467 ], [ -66.9237227, 44.8512907 ], [ -66.9234921, 44.8512034 ], [ -66.9234322, 44.851066 ], [ -66.9232034, 44.851038 ], [ -66.9231376, 44.8508888 ], [ -66.9231645, 44.8506828 ], [ -66.9228253, 44.8506763 ], [ -66.9228345, 44.850435 ], [ -66.9227799, 44.8502896 ], [ -66.9223597, 44.8498258 ], [ -66.9223009, 44.8491902 ], [ -66.9224101, 44.8485915 ], [ -66.9225168, 44.8484515 ], [ -66.9227696, 44.8483605 ], [ -66.922779, 44.848305 ], [ -66.9225409, 44.8483325 ], [ -66.9225497, 44.8482572 ], [ -66.9223877, 44.8482321 ], [ -66.9224075, 44.8479748 ], [ -66.9223785, 44.8479357 ], [ -66.9222171, 44.8479304 ], [ -66.9223298, 44.8478021 ], [ -66.9221566, 44.8477732 ], [ -66.9223022, 44.8474507 ], [ -66.9225184, 44.8474354 ], [ -66.9227706, 44.8473247 ], [ -66.922599, 44.8471693 ], [ -66.9223834, 44.8472043 ], [ -66.9222823, 44.8471703 ], [ -66.9222277, 44.8470249 ], [ -66.9218995, 44.8468364 ], [ -66.9217954, 44.8467036 ], [ -66.9214733, 44.8467126 ], [ -66.9215384, 44.8463044 ], [ -66.9216826, 44.8462942 ], [ -66.922078, 44.8459677 ], [ -66.9220759, 44.8457227 ], [ -66.921905, 44.845587 ], [ -66.9215758, 44.8455448 ], [ -66.921549, 44.8453989 ], [ -66.9213971, 44.8453381 ], [ -66.9212398, 44.8452852 ], [ -66.9210289, 44.8452925 ], [ -66.9209643, 44.8451828 ], [ -66.9208804, 44.8451644 ], [ -66.9207481, 44.8451981 ], [ -66.9206748, 44.8451637 ], [ -66.9205014, 44.844949 ], [ -66.9204234, 44.8449423 ], [ -66.9204593, 44.8448468 ], [ -66.9202265, 44.8448663 ], [ -66.9202181, 44.8447755 ], [ -66.9200325, 44.8447034 ], [ -66.9200149, 44.8448539 ], [ -66.9197638, 44.8448183 ], [ -66.9197735, 44.8445967 ], [ -66.9196175, 44.8445834 ], [ -66.9197331, 44.8443681 ], [ -66.9196432, 44.8443379 ], [ -66.9194051, 44.8443654 ], [ -66.9194337, 44.8440328 ], [ -66.919326, 44.8439673 ], [ -66.919278, 44.8438534 ], [ -66.9193203, 44.8436037 ], [ -66.9194842, 44.8433362 ], [ -66.9198997, 44.843476 ], [ -66.9198309, 44.843228 ], [ -66.9196363, 44.8430453 ], [ -66.9197093, 44.8428939 ], [ -66.9198304, 44.8428564 ], [ -66.9199088, 44.842697 ], [ -66.9199856, 44.8426642 ], [ -66.9203029, 44.8426829 ], [ -66.9203686, 44.8422944 ], [ -66.9204866, 44.8421581 ], [ -66.9206089, 44.8421602 ], [ -66.9206535, 44.8419895 ], [ -66.9207356, 44.8419486 ], [ -66.9208202, 44.8419868 ], [ -66.9208214, 44.8420264 ], [ -66.9209759, 44.8418144 ], [ -66.9212124, 44.8419134 ], [ -66.9214412, 44.8415896 ], [ -66.921411, 44.841511 ], [ -66.921441, 44.8414038 ], [ -66.9215177, 44.841371 ], [ -66.9215769, 44.840951 ], [ -66.9213853, 44.840867 ], [ -66.9212702, 44.8409163 ], [ -66.920957, 44.8408501 ], [ -66.9209218, 44.8406134 ], [ -66.9210236, 44.8403153 ], [ -66.9210074, 44.8401535 ], [ -66.9212461, 44.8401458 ], [ -66.9223559, 44.839385 ], [ -66.9226801, 44.8392692 ], [ -66.9228761, 44.8391396 ], [ -66.9231457, 44.8388784 ], [ -66.9234841, 44.8383275 ], [ -66.923752, 44.8376552 ], [ -66.9237206, 44.8371852 ], [ -66.9234349, 44.8369328 ], [ -66.9232122, 44.8369165 ], [ -66.9232522, 44.8367736 ], [ -66.923124, 44.8367598 ], [ -66.9231823, 44.8366719 ], [ -66.9231427, 44.8366488 ], [ -66.9229933, 44.836667 ], [ -66.9229961, 44.83658 ], [ -66.9227905, 44.8365793 ], [ -66.9228324, 44.8364956 ], [ -66.9227272, 44.8365091 ], [ -66.9228386, 44.8363413 ], [ -66.922711, 44.8363473 ], [ -66.9227416, 44.8362598 ], [ -66.9226034, 44.8362818 ], [ -66.9226116, 44.8361868 ], [ -66.922831, 44.8359184 ], [ -66.9229414, 44.8358969 ], [ -66.9229729, 44.836015 ], [ -66.9230562, 44.8360137 ], [ -66.9232402, 44.8362124 ], [ -66.9231547, 44.8363205 ], [ -66.923433, 44.8363359 ], [ -66.9235349, 44.8365754 ], [ -66.9236966, 44.8364147 ], [ -66.9237215, 44.8365013 ], [ -66.9237605, 44.8365046 ], [ -66.923766, 44.8366824 ], [ -66.9238743, 44.8367677 ], [ -66.924533, 44.8372237 ], [ -66.9247346, 44.8372719 ], [ -66.9248899, 44.8372655 ], [ -66.9256668, 44.8372335 ], [ -66.9260808, 44.8371478 ], [ -66.9266911, 44.8367665 ], [ -66.9270263, 44.8364687 ], [ -66.9271558, 44.8361702 ], [ -66.9271811, 44.8360907 ], [ -66.9271128, 44.8358625 ], [ -66.9271142, 44.8355502 ], [ -66.9273239, 44.8351515 ], [ -66.9274212, 44.8350669 ], [ -66.9274609, 44.8347382 ], [ -66.9276675, 44.8345926 ], [ -66.9276778, 44.8343908 ], [ -66.9278619, 44.8342377 ], [ -66.9281166, 44.8338541 ], [ -66.9279763, 44.833631 ], [ -66.9280031, 44.8334251 ], [ -66.927942, 44.8332481 ], [ -66.9279732, 44.8331804 ], [ -66.9281043, 44.8331072 ], [ -66.9281402, 44.8330118 ], [ -66.9280828, 44.8329534 ], [ -66.9282675, 44.83282 ], [ -66.9282703, 44.832733 ], [ -66.9279784, 44.8326348 ], [ -66.9283403, 44.832131 ], [ -66.9281666, 44.8320823 ], [ -66.928229, 44.8319469 ], [ -66.9282087, 44.8318326 ], [ -66.9278568, 44.8319489 ], [ -66.9276678, 44.831944 ], [ -66.92765, 44.8319087 ], [ -66.9277084, 44.8318208 ], [ -66.9277384, 44.8317225 ], [ -66.9278626, 44.8316571 ], [ -66.9278903, 44.8316214 ], [ -66.9278112, 44.83163 ], [ -66.9277662, 44.8315958 ], [ -66.9276721, 44.8315563 ], [ -66.9278018, 44.831507 ], [ -66.9277393, 44.8314748 ], [ -66.9276653, 44.8314612 ], [ -66.9276966, 44.8314186 ], [ -66.9276621, 44.8313511 ], [ -66.9276139, 44.8313331 ], [ -66.9275814, 44.8312806 ], [ -66.9275981, 44.8312147 ], [ -66.927611, 44.8311341 ], [ -66.9275775, 44.8311018 ], [ -66.927547, 44.8310467 ], [ -66.9276414, 44.8309398 ], [ -66.9277443, 44.8308637 ], [ -66.9278067, 44.830767 ], [ -66.9279606, 44.8306726 ], [ -66.9280746, 44.8305672 ], [ -66.9281607, 44.8304798 ], [ -66.9282488, 44.8305253 ], [ -66.9283867, 44.8303963 ], [ -66.9284351, 44.8303466 ], [ -66.9285018, 44.8303848 ], [ -66.9285683, 44.8304783 ], [ -66.9286145, 44.8305769 ], [ -66.928579, 44.8306666 ], [ -66.9286463, 44.8307174 ], [ -66.9287512, 44.8306968 ], [ -66.928817, 44.8307406 ], [ -66.9288657, 44.8308544 ], [ -66.9288365, 44.8310072 ], [ -66.9287594, 44.8311545 ], [ -66.928732, 44.8313341 ], [ -66.928804, 44.831329 ], [ -66.9288903, 44.8311285 ], [ -66.9289683, 44.8310315 ], [ -66.9290362, 44.8310012 ], [ -66.9290823, 44.8310636 ], [ -66.9290512, 44.8312997 ], [ -66.9291184, 44.8313452 ], [ -66.9292213, 44.8312416 ], [ -66.929256, 44.8311462 ], [ -66.9294239, 44.831078 ], [ -66.9295162, 44.8311873 ], [ -66.9294529, 44.8314689 ], [ -66.9295492, 44.8315307 ], [ -66.9296213, 44.8315256 ], [ -66.92988, 44.8310945 ], [ -66.9299355, 44.8310936 ], [ -66.9300291, 44.8312424 ], [ -66.9301187, 44.8307349 ], [ -66.930513, 44.8305547 ], [ -66.9306365, 44.8305963 ], [ -66.9309419, 44.8305914 ], [ -66.9310941, 44.8304862 ], [ -66.9311203, 44.8306123 ], [ -66.9312024, 44.8305714 ], [ -66.9312863, 44.8305899 ], [ -66.9314279, 44.8308525 ], [ -66.9315838, 44.8308658 ], [ -66.9318564, 44.8310552 ], [ -66.9322064, 44.8312314 ], [ -66.9324734, 44.831243 ], [ -66.9325473, 44.8312972 ], [ -66.9324837, 44.8317449 ], [ -66.9327204, 44.8320297 ], [ -66.9327175, 44.8324685 ], [ -66.9331791, 44.8333665 ], [ -66.9331969, 44.8334017 ], [ -66.933038, 44.8338273 ], [ -66.9328749, 44.8341145 ], [ -66.9326855, 44.8342756 ], [ -66.9322898, 44.83512 ], [ -66.931906, 44.8356361 ], [ -66.9318978, 44.8360829 ], [ -66.9323616, 44.8368741 ], [ -66.932335, 44.8376177 ], [ -66.9323678, 44.8377753 ], [ -66.932952, 44.8385092 ], [ -66.9330549, 44.8389543 ], [ -66.933921, 44.8396363 ], [ -66.9351121, 44.8400561 ], [ -66.9354319, 44.8401538 ], [ -66.9360925, 44.8403644 ], [ -66.9370964, 44.840565 ], [ -66.937797, 44.8406295 ], [ -66.9410106, 44.8407427 ], [ -66.941683, 44.8407079 ], [ -66.9417937, 44.8406688 ], [ -66.9419528, 44.8406518 ], [ -66.9426863, 44.840607 ], [ -66.9433584, 44.8404223 ], [ -66.9436217, 44.8403153 ], [ -66.9438083, 44.8402411 ], [ -66.9442556, 44.8399809 ], [ -66.9449554, 44.8394439 ], [ -66.9460351, 44.8389759 ], [ -66.9472091, 44.8386763 ], [ -66.9476849, 44.8387873 ], [ -66.9490885, 44.8387212 ], [ -66.9499627, 44.8386043 ], [ -66.9502372, 44.8385011 ], [ -66.9506733, 44.8382371 ], [ -66.9512395, 44.8380461 ], [ -66.9515692, 44.8377561 ], [ -66.951592, 44.8375976 ], [ -66.9514386, 44.8371455 ], [ -66.9514127, 44.8368534 ], [ -66.9514803, 44.8367099 ], [ -66.9516207, 44.8365812 ], [ -66.9520474, 44.8363727 ], [ -66.9522511, 44.836314 ], [ -66.9525453, 44.8363053 ], [ -66.9527131, 44.8363422 ], [ -66.9528894, 44.8364698 ], [ -66.9528843, 44.8368296 ], [ -66.9527589, 44.8370807 ], [ -66.9527178, 44.8371841 ], [ -66.951997, 44.8377532 ], [ -66.9519187, 44.8379126 ], [ -66.9520117, 44.8389112 ], [ -66.9521955, 44.8392759 ], [ -66.9527976, 44.8398592 ], [ -66.954131, 44.8407272 ], [ -66.9555053, 44.8413058 ], [ -66.9568324, 44.8416243 ], [ -66.9571881, 44.8416265 ], [ -66.9574063, 44.8416704 ], [ -66.9577589, 44.8419256 ], [ -66.9578411, 44.8422366 ], [ -66.9577504, 44.8423527 ], [ -66.9574025, 44.8424216 ], [ -66.9572721, 44.8425146 ], [ -66.9570427, 44.8429848 ], [ -66.9566188, 44.8434582 ], [ -66.9558371, 44.8440362 ], [ -66.9553783, 44.8444587 ], [ -66.9552258, 44.84473 ], [ -66.9546335, 44.8454987 ], [ -66.9546258, 44.8457795 ], [ -66.9547121, 44.846043 ], [ -66.954861, 44.8463568 ], [ -66.9550617, 44.8465513 ], [ -66.9550131, 44.8467695 ], [ -66.9537952, 44.8467417 ], [ -66.9528759, 44.8468436 ], [ -66.9527833, 44.8469004 ], [ -66.9534795, 44.8469485 ], [ -66.9541117, 44.8469066 ], [ -66.9544269, 44.847032 ], [ -66.9549209, 44.8470121 ], [ -66.9554216, 44.8468578 ], [ -66.9569023, 44.8476284 ], [ -66.9580621, 44.8480959 ], [ -66.9595092, 44.8483373 ], [ -66.9600613, 44.8483956 ], [ -66.9604963, 44.8484439 ], [ -66.9610299, 44.8484471 ], [ -66.9612727, 44.8483917 ], [ -66.9616959, 44.8484165 ], [ -66.9617705, 44.8484904 ], [ -66.9618226, 44.8485567 ], [ -66.9620117, 44.8485616 ], [ -66.962144, 44.8485278 ], [ -66.9622017, 44.8484201 ], [ -66.9622613, 44.8478538 ], [ -66.9625382, 44.8474777 ], [ -66.9625974, 44.8472435 ], [ -66.9627768, 44.847118 ], [ -66.9632529, 44.8470628 ], [ -66.9637477, 44.8468966 ], [ -66.9640734, 44.8466541 ], [ -66.9642443, 44.8464378 ], [ -66.964367, 44.8461077 ], [ -66.9642687, 44.844951 ], [ -66.9643297, 44.844776 ], [ -66.9644959, 44.8445875 ], [ -66.964652, 44.8446008 ], [ -66.9648165, 44.8447048 ], [ -66.9649201, 44.8448178 ], [ -66.9649621, 44.8450859 ], [ -66.9650585, 44.8451476 ], [ -66.9662557, 44.845393 ], [ -66.96734, 44.8454148 ], [ -66.9681138, 44.8452836 ], [ -66.9691169, 44.8452 ], [ -66.9694839, 44.8452059 ], [ -66.969743, 44.8453124 ], [ -66.9700968, 44.8457731 ], [ -66.970199, 44.8460126 ], [ -66.9704218, 44.8460287 ], [ -66.9706398, 44.8462386 ], [ -66.9710246, 44.8467977 ], [ -66.971169, 44.8471393 ], [ -66.971151, 44.84727 ], [ -66.9710696, 44.8473307 ], [ -66.9705049, 44.8473952 ], [ -66.9701491, 44.8473932 ], [ -66.9698244, 44.8474894 ], [ -66.9695079, 44.8478425 ], [ -66.9692014, 44.8486777 ], [ -66.9689324, 44.8491249 ], [ -66.9689755, 44.8501165 ], [ -66.9686357, 44.8506083 ], [ -66.9683391, 44.8514078 ], [ -66.9681443, 44.8517431 ], [ -66.9673874, 44.8525739 ], [ -66.9672846, 44.8528325 ], [ -66.9672867, 44.8532437 ], [ -66.9672814, 44.8542875 ], [ -66.9673595, 44.854812 ], [ -66.9673936, 44.8550092 ], [ -66.9675605, 44.8553583 ], [ -66.967946, 44.8559372 ], [ -66.9689501, 44.8569092 ], [ -66.9689461, 44.8574746 ], [ -66.9690776, 44.8575871 ], [ -66.9695238, 44.8578052 ], [ -66.9695779, 44.8579308 ], [ -66.9695094, 44.8582206 ], [ -66.9695523, 44.8583424 ], [ -66.9703955, 44.8589771 ], [ -66.9706718, 44.8590991 ], [ -66.9719321, 44.8593947 ], [ -66.9723523, 44.8594842 ], [ -66.9732857, 44.8596533 ], [ -66.9745159, 44.8597043 ], [ -66.975295, 44.8597311 ], [ -66.9769321, 44.8596449 ], [ -66.9778414, 44.8597446 ], [ -66.9784394, 44.8596716 ], [ -66.9786517, 44.8597037 ], [ -66.9787342, 44.8598486 ], [ -66.9787149, 44.8599398 ], [ -66.9786123, 44.8600325 ], [ -66.9786321, 44.860127 ], [ -66.9787072, 44.8603867 ], [ -66.9779406, 44.8610873 ], [ -66.9792227, 44.8629047 ], [ -66.9796506, 44.8629016 ], [ -66.979853, 44.8629695 ], [ -66.9798549, 44.8630287 ], [ -66.9797343, 44.8632521 ], [ -66.9787772, 44.8639084 ], [ -66.978499, 44.8642451 ], [ -66.978363, 44.8646783 ], [ -66.9782017, 44.865191 ], [ -66.9782303, 44.8657282 ], [ -66.9785886, 44.8659754 ], [ -66.9789278, 44.8661477 ], [ -66.9795853, 44.8661923 ], [ -66.9797327, 44.8662808 ], [ -66.9800125, 44.8663355 ], [ -66.9801215, 44.8664404 ], [ -66.9801154, 44.8665947 ] ] ] } },
{ "type": "Feature", "properties": { "name": "Clarendon Parish", "osm_type": "relation", "id": 9697304, "boundary": "administrative", "County": "Charlotte", "State": "New Brunswick", "long_name": "new_brunswick_charlotte_county_clarendon_parish", "wikipedia": null, "name:en": "Clarendon Parish" }, "geometry": { "type": "Polygon", "coordinates": [ [ [ -66.7882337, 45.5018521 ], [ -66.7859938, 45.4718034 ], [ -66.7850029, 45.4610868 ], [ -66.7849821, 45.460906 ], [ -66.7841637, 45.4500317 ], [ -66.7824889, 45.4167377 ], [ -66.7812309, 45.3911515 ], [ -66.7803128, 45.3750851 ], [ -66.7789308, 45.3459746 ], [ -66.7784023, 45.334836 ], [ -66.7775597, 45.3129915 ], [ -66.7774735, 45.3129733 ], [ -66.7774658, 45.3129754 ], [ -66.7494653, 45.3130871 ], [ -66.7488213, 45.3130859 ], [ -66.6956574, 45.3129546 ], [ -66.6687405, 45.3128972 ], [ -66.6658993, 45.3128893 ], [ -66.650163, 45.3128487 ], [ -66.6347711, 45.3128141 ], [ -66.5922424, 45.3127129 ], [ -66.5905841, 45.3127058 ], [ -66.5903291, 45.312706 ], [ -66.5827607, 45.3126889 ], [ -66.4995078, 45.3127322 ], [ -66.4858132, 45.3127624 ], [ -66.4597323, 45.3130066 ], [ -66.4597123, 45.3170534 ], [ -66.4595094, 45.3570389 ], [ -66.4595093, 45.3572368 ], [ -66.4594359, 45.3704274 ], [ -66.4594364, 45.3706253 ], [ -66.459534, 45.3769777 ], [ -66.459546, 45.3780754 ], [ -66.4596467, 45.3925235 ], [ -66.459708, 45.4013169 ], [ -66.4597204, 45.4019198 ], [ -66.4597311, 45.404727 ], [ -66.4597667, 45.4085421 ], [ -66.4597666, 45.408731 ], [ -66.4597779, 45.4108185 ], [ -66.4598247, 45.4167479 ], [ -66.4597624, 45.4502012 ], [ -66.4597502, 45.4537841 ], [ -66.459744, 45.4553245 ], [ -66.4596785, 45.4753064 ], [ -66.4596659, 45.4786607 ], [ -66.4597053, 45.4867045 ], [ -66.4596261, 45.4912646 ], [ -66.4596151, 45.4940552 ], [ -66.4596014, 45.4980637 ], [ -66.4852948, 45.4983885 ], [ -66.4959138, 45.4984626 ], [ -66.4999661, 45.4985721 ], [ -66.504915, 45.4986196 ], [ -66.5051517, 45.4986237 ], [ -66.5089113, 45.4986729 ], [ -66.5128181, 45.4987396 ], [ -66.516851, 45.4987962 ], [ -66.5209817, 45.4988459 ], [ -66.5248271, 45.4988838 ], [ -66.525019, 45.4988856 ], [ -66.5253465, 45.4989026 ], [ -66.5326126, 45.4989795 ], [ -66.548128, 45.4991818 ], [ -66.5522121, 45.4992618 ], [ -66.563295, 45.499385 ], [ -66.5666881, 45.4994567 ], [ -66.5704996, 45.4994526 ], [ -66.579394, 45.4995871 ], [ -66.5833188, 45.4996279 ], [ -66.5863058, 45.499685 ], [ -66.5871688, 45.499688 ], [ -66.5893337, 45.4997146 ], [ -66.5899447, 45.4997299 ], [ -66.5909574, 45.4997579 ], [ -66.5917872, 45.4997756 ], [ -66.5918851, 45.4997756 ], [ -66.5922676, 45.4997762 ], [ -66.5942193, 45.4997835 ], [ -66.6000399, 45.4998541 ], [ -66.6091167, 45.4999474 ], [ -66.6184026, 45.5000326 ], [ -66.63223, 45.500087 ], [ -66.6353476, 45.5001211 ], [ -66.6356047, 45.500124 ], [ -66.6430106, 45.5002053 ], [ -66.6468817, 45.5002476 ], [ -66.6471434, 45.5002504 ], [ -66.6509513, 45.5002917 ], [ -66.6548423, 45.5003337 ], [ -66.6585676, 45.500374 ], [ -66.661003, 45.5003999 ], [ -66.662964, 45.5004213 ], [ -66.6668826, 45.5004632 ], [ -66.6746474, 45.5005465 ], [ -66.6749046, 45.5005492 ], [ -66.678724, 45.5005896 ], [ -66.6826042, 45.5006306 ], [ -66.6828614, 45.5006334 ], [ -66.6906039, 45.5007151 ], [ -66.690861, 45.5007178 ], [ -66.6985843, 45.5007985 ], [ -66.6988415, 45.5008012 ], [ -66.7065139, 45.5009333 ], [ -66.7067711, 45.500936 ], [ -66.7106513, 45.5009778 ], [ -66.7882337, 45.5018521 ] ] ] } },
{ "type": "Feature", "properties": { "name": "Dufferin Parish", "osm_type": "relation", "id": 9704153, "boundary": "administrative", "County": "Charlotte", "State": "New Brunswick", "long_name": "new_brunswick_charlotte_county_dufferin_parish", "wikipedia": null, "name:en": "Dufferin Parish" }, "geometry": { "type": "Polygon", "coordinates": [ [ [ -67.2609582, 45.1870046 ], [ -67.2553057, 45.1828693 ], [ -67.2495954, 45.1812138 ], [ -67.247428, 45.1808995 ], [ -67.24394, 45.1782667 ], [ -67.2428112, 45.1724546 ], [ -67.2410377, 45.1709941 ], [ -67.2354931, 45.1697138 ], [ -67.2329031, 45.1685279 ], [ -67.2297766, 45.164856 ], [ -67.2272856, 45.1634401 ], [ -67.2231636, 45.1633742 ], [ -67.2179635, 45.166586 ], [ -67.2136474, 45.1675517 ], [ -67.2086208, 45.1693492 ], [ -67.2050855, 45.1714174 ], [ -67.2027895, 45.1713663 ], [ -67.1926854, 45.1661972 ], [ -67.1907594, 45.1656064 ], [ -67.16785, 45.1646703 ], [ -67.1586326, 45.1618377 ], [ -67.1556474, 45.1728405 ], [ -67.1576578, 45.1772479 ], [ -67.1965012, 45.1870546 ], [ -67.2039752, 45.186987 ], [ -67.2043427, 45.1869978 ], [ -67.2085853, 45.1869383 ], [ -67.2198288, 45.1868745 ], [ -67.2217433, 45.1868398 ], [ -67.223457, 45.1868217 ], [ -67.2348113, 45.1927918 ], [ -67.2381888, 45.1945558 ], [ -67.2381939, 45.1945585 ], [ -67.2391249, 45.1950527 ], [ -67.2391339, 45.1950571 ], [ -67.2421744, 45.1966329 ], [ -67.2421757, 45.1966338 ], [ -67.2434052, 45.2001245 ], [ -67.24369, 45.200845 ], [ -67.2446174, 45.1998291 ], [ -67.2452837, 45.1991111 ], [ -67.2453804, 45.1990124 ], [ -67.2454809, 45.1989155 ], [ -67.2455866, 45.1988212 ], [ -67.2456974, 45.1987296 ], [ -67.2458212, 45.1986163 ], [ -67.2460906, 45.1983878 ], [ -67.2464794, 45.1980541 ], [ -67.246897, 45.1976806 ], [ -67.2470202, 45.1975646 ], [ -67.2471395, 45.197446 ], [ -67.2472512, 45.1973247 ], [ -67.2473665, 45.197197 ], [ -67.2474755, 45.1970676 ], [ -67.2475807, 45.1969356 ], [ -67.247931, 45.1965257 ], [ -67.2479353, 45.1965193 ], [ -67.2482076, 45.1961801 ], [ -67.2482552, 45.1961204 ], [ -67.2483478, 45.1960019 ], [ -67.2484468, 45.1958843 ], [ -67.2485522, 45.1957693 ], [ -67.2485547, 45.1957666 ], [ -67.2486665, 45.1956565 ], [ -67.2487769, 45.1955406 ], [ -67.2487794, 45.1955388 ], [ -67.2489217, 45.1954245 ], [ -67.2490678, 45.1953093 ], [ -67.2490729, 45.1953056 ], [ -67.249122, 45.1952653 ], [ -67.2491434, 45.1952476 ], [ -67.249224, 45.1951895 ], [ -67.2493086, 45.1951349 ], [ -67.2493111, 45.195134 ], [ -67.2498648, 45.1947632 ], [ -67.2511893, 45.1938798 ], [ -67.2511906, 45.1938789 ], [ -67.2517828, 45.1934881 ], [ -67.2520774, 45.1932926 ], [ -67.2522596, 45.1931691 ], [ -67.2525497, 45.1929746 ], [ -67.2530391, 45.1926474 ], [ -67.2534616, 45.1923647 ], [ -67.2538954, 45.1920703 ], [ -67.2540579, 45.1919486 ], [ -67.254063, 45.191945 ], [ -67.2543037, 45.1917688 ], [ -67.2543062, 45.191767 ], [ -67.2544272, 45.191678 ], [ -67.2545546, 45.1915926 ], [ -67.2546845, 45.1915126 ], [ -67.2546858, 45.1915117 ], [ -67.2547489, 45.1914698 ], [ -67.2548044, 45.1914335 ], [ -67.2550505, 45.1912609 ], [ -67.2554008, 45.1911218 ], [ -67.2556273, 45.1910249 ], [ -67.2609582, 45.1870046 ] ] ] } },
{ "type": "Feature", "properties": { "name": "Dumbarton Parish", "osm_type": "relation", "id": 9698946, "boundary": "administrative", "County": "Charlotte", "State": "New Brunswick", "long_name": "new_brunswick_charlotte_county_dumbarton_parish", "wikipedia": null, "name:en": "Dumbarton Parish" }, "geometry": { "type": "Polygon", "coordinates": [ [ [ -67.188178, 45.505194 ], [ -67.1866895, 45.5000714 ], [ -67.1739149, 45.4607148 ], [ -67.1738484, 45.4604992 ], [ -67.1731924, 45.4584179 ], [ -67.1663322, 45.4368344 ], [ -67.1662227, 45.4364923 ], [ -67.1662201, 45.4364851 ], [ -67.1650338, 45.4327427 ], [ -67.1650388, 45.4327323 ], [ -67.1646372, 45.4314958 ], [ -67.1642025, 45.4300963 ], [ -67.1641928, 45.4300888 ], [ -67.1600112, 45.4167519 ], [ -67.155703, 45.4029699 ], [ -67.1552752, 45.401601 ], [ -67.1529728, 45.3941205 ], [ -67.1519117, 45.3906719 ], [ -67.1519065, 45.3906562 ], [ -67.1498789, 45.3840639 ], [ -67.149871, 45.3840405 ], [ -67.1495533, 45.3830076 ], [ -67.1488037, 45.3805717 ], [ -67.1475329, 45.3764395 ], [ -67.1475263, 45.3764175 ], [ -67.1452329, 45.3689247 ], [ -67.1444232, 45.3661665 ], [ -67.1435677, 45.3632541 ], [ -67.1417936, 45.3572106 ], [ -67.1407213, 45.3538335 ], [ -67.139662, 45.3504563 ], [ -67.1396489, 45.3504294 ], [ -67.1394903, 45.3499444 ], [ -67.1393317, 45.3494684 ], [ -67.1390141, 45.3484715 ], [ -67.1388422, 45.3479694 ], [ -67.1379299, 45.3451304 ], [ -67.1363025, 45.3400104 ], [ -67.1361435, 45.3394894 ], [ -67.1353645, 45.3371634 ], [ -67.1353517, 45.3371004 ], [ -67.1346371, 45.334828 ], [ -67.1346369, 45.33481 ], [ -67.1342509, 45.3337257 ], [ -67.134202, 45.3335798 ], [ -67.1342007, 45.3335762 ], [ -67.1341882, 45.333538 ], [ -67.1329035, 45.3296244 ], [ -67.1325942, 45.3286895 ], [ -67.1320502, 45.3270225 ], [ -67.1312222, 45.3245001 ], [ -67.1309633, 45.3237106 ], [ -67.1299293, 45.32056 ], [ -67.1293963, 45.318973 ], [ -67.12933, 45.3188051 ], [ -67.1293529, 45.3188014 ], [ -67.1245142, 45.3039663 ], [ -67.1245114, 45.3039576 ], [ -67.1244584, 45.3037779 ], [ -67.1217255, 45.2953661 ], [ -67.1212254, 45.2938262 ], [ -67.1211725, 45.2936465 ], [ -67.1208249, 45.2926924 ], [ -67.11943, 45.2887981 ], [ -67.1194234, 45.2887793 ], [ -67.1193705, 45.2885996 ], [ -67.1173845, 45.2824112 ], [ -67.1169429, 45.2811533 ], [ -67.1132355, 45.2777813 ], [ -67.1122567, 45.2768935 ], [ -67.1121688, 45.2769543 ], [ -67.1117007, 45.2772767 ], [ -67.1109037, 45.2778209 ], [ -67.1046673, 45.2820504 ], [ -67.0988198, 45.2860016 ], [ -67.0984908, 45.2862283 ], [ -67.0941699, 45.2891398 ], [ -67.0895675, 45.2922407 ], [ -67.0885898, 45.2913878 ], [ -67.0883873, 45.291527 ], [ -67.0740457, 45.3014083 ], [ -67.0738306, 45.3015619 ], [ -67.0662575, 45.3067289 ], [ -67.0659895, 45.3067037 ], [ -67.0658196, 45.3064788 ], [ -67.065563, 45.3061389 ], [ -67.0653957, 45.3059774 ], [ -67.0649983, 45.3057729 ], [ -67.0647294, 45.3056568 ], [ -67.0643577, 45.3054611 ], [ -67.0639221, 45.3052559 ], [ -67.0635509, 45.3051138 ], [ -67.0631672, 45.3049987 ], [ -67.0628983, 45.3048831 ], [ -67.0621682, 45.3045448 ], [ -67.062165, 45.3045435 ], [ -67.0400205, 45.3191482 ], [ -67.0396106, 45.3189702 ], [ -67.0206367, 45.322109 ], [ -67.0180003, 45.322517 ], [ -67.0058127, 45.3245786 ], [ -67.0053542, 45.3246527 ], [ -66.9792704, 45.3291481 ], [ -66.9589985, 45.33283 ], [ -66.9524832, 45.3339553 ], [ -66.9522284, 45.3340013 ], [ -66.9267735, 45.3385173 ], [ -66.9265314, 45.3385632 ], [ -66.9230534, 45.3391826 ], [ -66.9257801, 45.3750707 ], [ -66.926822, 45.3873035 ], [ -66.9269053, 45.389578 ], [ -66.9269194, 45.3897579 ], [ -66.9274018, 45.39609 ], [ -66.927573, 45.3984204 ], [ -66.9276582, 45.3995802 ], [ -66.9277293, 45.4005246 ], [ -66.9277999, 45.4014152 ], [ -66.9278715, 45.4024226 ], [ -66.928141, 45.4059487 ], [ -66.9281552, 45.4061286 ], [ -66.9283968, 45.4093399 ], [ -66.928799, 45.4145809 ], [ -66.9289643, 45.4167339 ], [ -66.9289529, 45.4167456 ], [ -66.9301738, 45.4328532 ], [ -66.9301885, 45.4331141 ], [ -66.931481, 45.4500343 ], [ -66.9359444, 45.5000279 ], [ -66.9359662, 45.5000373 ], [ -66.936272, 45.503127 ], [ -66.9462419, 45.5031852 ], [ -66.9701248, 45.503331 ], [ -66.9772568, 45.5033741 ], [ -66.9790662, 45.5033844 ], [ -66.9791929, 45.5033852 ], [ -66.979976, 45.50339 ], [ -66.9829467, 45.503408 ], [ -66.9837906, 45.5034125 ], [ -66.9870556, 45.5034318 ], [ -66.9963668, 45.5034863 ], [ -66.9973444, 45.5034928 ], [ -67.0042808, 45.50354 ], [ -67.0167279, 45.5036238 ], [ -67.0486325, 45.5038307 ], [ -67.0557484, 45.5038768 ], [ -67.0578119, 45.5038896 ], [ -67.0679468, 45.503953 ], [ -67.0734129, 45.5039871 ], [ -67.0742817, 45.5039922 ], [ -67.0765365, 45.504006 ], [ -67.0812591, 45.5040349 ], [ -67.084566, 45.5040736 ], [ -67.0991251, 45.5042426 ], [ -67.1042364, 45.5042991 ], [ -67.1079955, 45.5043403 ], [ -67.1082628, 45.5043434 ], [ -67.1119772, 45.5043845 ], [ -67.1160682, 45.5044299 ], [ -67.1252472, 45.5045307 ], [ -67.1631525, 45.5049391 ], [ -67.188178, 45.505194 ] ] ] } },
{ "type": "Feature", "properties": { "name": "Lepreau Parish", "osm_type": "relation", "id": 9683811, "boundary": "administrative", "County": "Charlotte", "State": "New Brunswick", "long_name": "new_brunswick_charlotte_county_lepreau_parish", "wikipedia": null, "name:en": "Lepreau Parish" }, "geometry": { "type": "Polygon", "coordinates": [ [ [ -66.5926311, 45.2156472 ], [ -66.5926312, 45.2156379 ], [ -66.5926309, 45.2154579 ], [ -66.59264, 45.2132355 ], [ -66.5926398, 45.2131095 ], [ -66.5925792, 45.1961539 ], [ -66.5925709, 45.194332 ], [ -66.5925707, 45.1942865 ], [ -66.592548, 45.1881843 ], [ -66.592548, 45.1881705 ], [ -66.5925412, 45.1731995 ], [ -66.5925412, 45.1731843 ], [ -66.5925404, 45.1713062 ], [ -66.5925393, 45.1688978 ], [ -66.5925393, 45.168883 ], [ -66.5925382, 45.1666552 ], [ -66.5925381, 45.166623 ], [ -66.5924708, 45.1565419 ], [ -66.5924707, 45.1565329 ], [ -66.5924056, 45.1502647 ], [ -66.5921984, 45.1303019 ], [ -66.5921955, 45.1300435 ], [ -66.5921954, 45.130036 ], [ -66.5920078, 45.1217399 ], [ -66.5919789, 45.1213716 ], [ -66.591904, 45.1204173 ], [ -66.5917633, 45.1198686 ], [ -66.5917473, 45.1198069 ], [ -66.5919848, 45.1197159 ], [ -66.5920355, 45.1196528 ], [ -66.5921491, 45.1191759 ], [ -66.5923141, 45.1190138 ], [ -66.5926444, 45.1189775 ], [ -66.5928857, 45.1188514 ], [ -66.5932287, 45.1187521 ], [ -66.5934316, 45.118545 ], [ -66.593533, 45.118374 ], [ -66.5935455, 45.118221 ], [ -66.5938626, 45.1178608 ], [ -66.5935182, 45.1171143 ], [ -66.593518, 45.1169433 ], [ -66.5937719, 45.1168262 ], [ -66.5937845, 45.1167542 ], [ -66.5925384, 45.1162963 ], [ -66.592322, 45.1160985 ], [ -66.5923091, 45.1159906 ], [ -66.5923345, 45.1159366 ], [ -66.5925885, 45.1158554 ], [ -66.5927154, 45.1157383 ], [ -66.5929695, 45.1157381 ], [ -66.5935666, 45.1156206 ], [ -66.5937696, 45.1154495 ], [ -66.5937566, 45.1152336 ], [ -66.5935015, 45.114676 ], [ -66.5933487, 45.1144691 ], [ -66.5926487, 45.1137949 ], [ -66.5926865, 45.1136329 ], [ -66.5921653, 45.1134714 ], [ -66.5919746, 45.1134355 ], [ -66.5914918, 45.1134629 ], [ -66.5911738, 45.1133102 ], [ -66.5905767, 45.1133557 ], [ -66.5904751, 45.1134188 ], [ -66.5900938, 45.1133831 ], [ -66.5899412, 45.1133022 ], [ -66.5896108, 45.1132845 ], [ -66.5893947, 45.1132037 ], [ -66.5888483, 45.1132041 ], [ -66.5886324, 45.1133302 ], [ -66.5886076, 45.1136812 ], [ -66.5881379, 45.1139785 ], [ -66.5879473, 45.1139876 ], [ -66.587782, 45.1139157 ], [ -66.5875644, 45.1129082 ], [ -66.5872846, 45.1127554 ], [ -66.5870304, 45.1127286 ], [ -66.5868904, 45.1126118 ], [ -66.5868017, 45.1127558 ], [ -66.586573, 45.112756 ], [ -66.5862937, 45.1129182 ], [ -66.5862304, 45.1130622 ], [ -66.5862563, 45.1133861 ], [ -66.586028, 45.1136562 ], [ -66.5855583, 45.1139804 ], [ -66.5853042, 45.1140436 ], [ -66.5849864, 45.1139269 ], [ -66.5843002, 45.1139364 ], [ -66.5841478, 45.1139815 ], [ -66.5841225, 45.1141075 ], [ -66.5842628, 45.1144403 ], [ -66.5845301, 45.11471 ], [ -66.5845813, 45.1149709 ], [ -66.5845821, 45.1154838 ], [ -66.5843921, 45.1158978 ], [ -66.5842271, 45.1160419 ], [ -66.5838586, 45.1160602 ], [ -66.583528, 45.1159075 ], [ -66.5832356, 45.1158807 ], [ -66.5831086, 45.1158988 ], [ -66.582677, 45.116214 ], [ -66.5824864, 45.1162681 ], [ -66.5821434, 45.1162864 ], [ -66.5820034, 45.1161875 ], [ -66.5819778, 45.1160615 ], [ -66.5817486, 45.1157288 ], [ -66.5815198, 45.115675 ], [ -66.581418, 45.1155941 ], [ -66.5811509, 45.1153783 ], [ -66.5810871, 45.1151984 ], [ -66.5810739, 45.1149195 ], [ -66.5814797, 45.1143254 ], [ -66.5814667, 45.1140914 ], [ -66.5811996, 45.1139387 ], [ -66.5799285, 45.1136337 ], [ -66.5791031, 45.1140391 ], [ -66.5787981, 45.1140573 ], [ -66.5786458, 45.1142104 ], [ -66.578303, 45.1143816 ], [ -66.5782649, 45.1144356 ], [ -66.5783923, 45.1146425 ], [ -66.5783419, 45.1149844 ], [ -66.5785455, 45.1151372 ], [ -66.5785583, 45.1152542 ], [ -66.5784824, 45.1154522 ], [ -66.5782538, 45.1155783 ], [ -66.5779746, 45.1158484 ], [ -66.5781529, 45.1161722 ], [ -66.5780514, 45.1162803 ], [ -66.5777592, 45.1162895 ], [ -66.5772505, 45.1160559 ], [ -66.5767675, 45.1159662 ], [ -66.5765007, 45.1160114 ], [ -66.5763355, 45.1159755 ], [ -66.5760559, 45.1159937 ], [ -66.5758019, 45.1160929 ], [ -66.5753696, 45.1159132 ], [ -66.574912, 45.1158055 ], [ -66.5747976, 45.1158146 ], [ -66.5746201, 45.1161116 ], [ -66.5744549, 45.1161028 ], [ -66.574226, 45.1159949 ], [ -66.5742126, 45.1154551 ], [ -66.5743391, 45.1150591 ], [ -66.5743387, 45.1146992 ], [ -66.5751894, 45.1141588 ], [ -66.5754051, 45.1139247 ], [ -66.5754301, 45.1136008 ], [ -66.5753284, 45.1135918 ], [ -66.5752902, 45.1135109 ], [ -66.5754931, 45.1132138 ], [ -66.5755305, 45.1127279 ], [ -66.5754159, 45.1125121 ], [ -66.5761265, 45.1117738 ], [ -66.5763547, 45.1113867 ], [ -66.5774725, 45.111071 ], [ -66.5776502, 45.110936 ], [ -66.5779677, 45.1108638 ], [ -66.578463, 45.1106475 ], [ -66.578628, 45.1105124 ], [ -66.5788182, 45.1102153 ], [ -66.5788559, 45.1099634 ], [ -66.5794401, 45.109702 ], [ -66.5794908, 45.109612 ], [ -66.5794396, 45.1093511 ], [ -66.5795157, 45.1093061 ], [ -66.5797572, 45.1093149 ], [ -66.579998, 45.1089009 ], [ -66.5804425, 45.1087566 ], [ -66.5806075, 45.1086305 ], [ -66.5806965, 45.1086484 ], [ -66.5807603, 45.1088463 ], [ -66.580938, 45.1087472 ], [ -66.5811032, 45.1087201 ], [ -66.5813575, 45.1088549 ], [ -66.58151, 45.1088548 ], [ -66.5823991, 45.1086652 ], [ -66.5825642, 45.1085841 ], [ -66.5825766, 45.1084041 ], [ -66.5831223, 45.1079538 ], [ -66.5830206, 45.1078909 ], [ -66.5830458, 45.107738 ], [ -66.5829058, 45.1076121 ], [ -66.5829565, 45.1075311 ], [ -66.5830709, 45.107522 ], [ -66.5830835, 45.107486 ], [ -66.5829563, 45.1073601 ], [ -66.5830069, 45.1072251 ], [ -66.582892, 45.1068743 ], [ -66.5831841, 45.1067661 ], [ -66.5833743, 45.106505 ], [ -66.5833615, 45.1064601 ], [ -66.5831963, 45.1064422 ], [ -66.5833358, 45.1062441 ], [ -66.5833357, 45.1061362 ], [ -66.5830684, 45.1058664 ], [ -66.5830937, 45.1057764 ], [ -66.582992, 45.1057315 ], [ -66.5831824, 45.1055964 ], [ -66.5831823, 45.1055514 ], [ -66.5830043, 45.1054796 ], [ -66.5829661, 45.1053716 ], [ -66.5833214, 45.1050565 ], [ -66.5832193, 45.1047776 ], [ -66.5833336, 45.1047056 ], [ -66.5832064, 45.1046697 ], [ -66.5832064, 45.1046337 ], [ -66.5834349, 45.1045075 ], [ -66.5833202, 45.1042377 ], [ -66.5833834, 45.1040577 ], [ -66.5832563, 45.1039948 ], [ -66.5830786, 45.1041029 ], [ -66.5828753, 45.104121 ], [ -66.5826083, 45.1039593 ], [ -66.582405, 45.1039414 ], [ -66.5824938, 45.1038694 ], [ -66.58257, 45.1038693 ], [ -66.5824174, 45.1037345 ], [ -66.5824173, 45.1036625 ], [ -66.5827474, 45.1035093 ], [ -66.5828743, 45.1034012 ], [ -66.5826963, 45.1033114 ], [ -66.5826961, 45.1032394 ], [ -66.5824799, 45.1030776 ], [ -66.5825434, 45.1030236 ], [ -66.5824798, 45.1029696 ], [ -66.5825431, 45.1028706 ], [ -66.5825175, 45.1027177 ], [ -66.5826445, 45.1026546 ], [ -66.5827205, 45.1024836 ], [ -66.5826946, 45.1022137 ], [ -66.582491, 45.1019619 ], [ -66.5823385, 45.101899 ], [ -66.5821225, 45.1018812 ], [ -66.5821351, 45.1018272 ], [ -66.5823128, 45.1017281 ], [ -66.5822994, 45.1012512 ], [ -66.5823372, 45.1009993 ], [ -66.5824132, 45.1009092 ], [ -66.5822098, 45.1007924 ], [ -66.5822859, 45.1007294 ], [ -66.5822476, 45.1005584 ], [ -66.5824507, 45.1004593 ], [ -66.5825014, 45.1003873 ], [ -66.5826919, 45.1003242 ], [ -66.5828694, 45.1000811 ], [ -66.5828693, 45.1000361 ], [ -66.5826787, 45.0999823 ], [ -66.5827167, 45.0999283 ], [ -66.5826276, 45.0997754 ], [ -66.5828181, 45.0997662 ], [ -66.582818, 45.0996673 ], [ -66.5826908, 45.0996134 ], [ -66.5828814, 45.0996132 ], [ -66.5829321, 45.0995412 ], [ -66.5827161, 45.0994874 ], [ -66.5823731, 45.0995146 ], [ -66.5823603, 45.0994427 ], [ -66.5817883, 45.0992451 ], [ -66.581877, 45.0991011 ], [ -66.5820422, 45.099074 ], [ -66.5819659, 45.0990291 ], [ -66.5817499, 45.0990112 ], [ -66.5817878, 45.0989032 ], [ -66.5817903, 45.0965058 ], [ -66.5817921, 45.0947883 ], [ -66.58179, 45.094099 ], [ -66.5818089, 45.0797742 ], [ -66.5810194, 45.0799014 ], [ -66.5787722, 45.0803452 ], [ -66.5781865, 45.0804717 ], [ -66.5778375, 45.0805537 ], [ -66.5760888, 45.0810696 ], [ -66.575538, 45.0812675 ], [ -66.5746644, 45.0814384 ], [ -66.5736898, 45.0816594 ], [ -66.5718027, 45.0822755 ], [ -66.5715683, 45.0823606 ], [ -66.5710813, 45.0825057 ], [ -66.5698209, 45.0829448 ], [ -66.5687308, 45.0833817 ], [ -66.5678663, 45.0835336 ], [ -66.5657284, 45.0839409 ], [ -66.5639815, 45.0843725 ], [ -66.5626158, 45.0847912 ], [ -66.5616481, 45.0851229 ], [ -66.5609477, 45.0853896 ], [ -66.5597653, 45.0859004 ], [ -66.5588534, 45.0863443 ], [ -66.5582504, 45.0865927 ], [ -66.556902, 45.0872626 ], [ -66.5560915, 45.0875244 ], [ -66.5550026, 45.0879221 ], [ -66.5540681, 45.0883446 ], [ -66.5518423, 45.0894514 ], [ -66.550323, 45.0898063 ], [ -66.5495766, 45.0900184 ], [ -66.5492063, 45.0901285 ], [ -66.5488031, 45.0902536 ], [ -66.5481654, 45.0904667 ], [ -66.5469057, 45.0909183 ], [ -66.5453492, 45.0915792 ], [ -66.5435362, 45.0924796 ], [ -66.5427041, 45.0929746 ], [ -66.5423054, 45.0931726 ], [ -66.5406102, 45.0941811 ], [ -66.5390454, 45.0952906 ], [ -66.537856, 45.0962643 ], [ -66.536436, 45.0977167 ], [ -66.535718, 45.0984828 ], [ -66.5351161, 45.0993641 ], [ -66.5347974, 45.0994199 ], [ -66.5340147, 45.0996337 ], [ -66.5334721, 45.0995076 ], [ -66.5331438, 45.0988625 ], [ -66.5328101, 45.0981143 ], [ -66.532299, 45.0972604 ], [ -66.5317315, 45.0964339 ], [ -66.5314955, 45.0959285 ], [ -66.5308905, 45.0948218 ], [ -66.5303308, 45.0939414 ], [ -66.5297814, 45.093188 ], [ -66.5288978, 45.0921534 ], [ -66.527627, 45.090869 ], [ -66.5262036, 45.089668 ], [ -66.5246376, 45.0885594 ], [ -66.5229414, 45.0875519 ], [ -66.521255, 45.0866377 ], [ -66.5211849, 45.0858167 ], [ -66.5210517, 45.0848118 ], [ -66.5210684, 45.084322 ], [ -66.5210229, 45.0833368 ], [ -66.5208295, 45.0817744 ], [ -66.5207473, 45.0813857 ], [ -66.5209357, 45.0798548 ], [ -66.5209537, 45.0784552 ], [ -66.5208344, 45.0772271 ], [ -66.520745, 45.0766144 ], [ -66.5206267, 45.0760134 ], [ -66.5205352, 45.0755957 ], [ -66.5202557, 45.0746616 ], [ -66.5196822, 45.0731469 ], [ -66.5189249, 45.0716738 ], [ -66.5179891, 45.0702524 ], [ -66.5172071, 45.0692397 ], [ -66.5166493, 45.0686161 ], [ -66.5163616, 45.0683085 ], [ -66.5161348, 45.0680765 ], [ -66.5157893, 45.0677401 ], [ -66.5150772, 45.0670791 ], [ -66.5139622, 45.0661762 ], [ -66.5123971, 45.0650674 ], [ -66.5109983, 45.0642112 ], [ -66.5098042, 45.0635816 ], [ -66.5089597, 45.0631729 ], [ -66.5081896, 45.0628315 ], [ -66.5068202, 45.0623043 ], [ -66.5048145, 45.0616416 ], [ -66.5027358, 45.0611054 ], [ -66.5005983, 45.0606996 ], [ -66.4995166, 45.0605296 ], [ -66.4984183, 45.060427 ], [ -66.4962138, 45.0602903 ], [ -66.4951076, 45.0602562 ], [ -66.4947045, 45.0602561 ], [ -66.4935982, 45.0602902 ], [ -66.4924111, 45.0603637 ], [ -66.4922177, 45.0598341 ], [ -66.4918019, 45.0588556 ], [ -66.4911525, 45.0576489 ], [ -66.4902177, 45.0562273 ], [ -66.4897063, 45.0555306 ], [ -66.4891111, 45.0548684 ], [ -66.4878421, 45.0535834 ], [ -66.4864204, 45.0523821 ], [ -66.4855601, 45.0517719 ], [ -66.485171, 45.0510973 ], [ -66.4842364, 45.0496758 ], [ -66.4837252, 45.048979 ], [ -66.4831301, 45.0483168 ], [ -66.4818614, 45.0470317 ], [ -66.4792193, 45.0447748 ], [ -66.4776555, 45.0436655 ], [ -66.4759614, 45.0426573 ], [ -66.4741497, 45.0417573 ], [ -66.4728557, 45.041193 ], [ -66.4721271, 45.0409165 ], [ -66.4711873, 45.0405944 ], [ -66.4697938, 45.0401659 ], [ -66.4680338, 45.0397304 ], [ -66.4658973, 45.0393238 ], [ -66.4648162, 45.0391536 ], [ -66.4636308, 45.0390455 ], [ -66.4612829, 45.0389109 ], [ -66.4601886, 45.0388544 ], [ -66.4594913, 45.0388547 ], [ -66.4595125, 45.0534844 ], [ -66.4595125, 45.0535072 ], [ -66.4595535, 45.0585893 ], [ -66.4595273, 45.0623031 ], [ -66.4594752, 45.0623863 ], [ -66.4593356, 45.0623682 ], [ -66.4592721, 45.0624312 ], [ -66.4592212, 45.0626021 ], [ -66.4591322, 45.0626651 ], [ -66.4590053, 45.062692 ], [ -66.4588783, 45.062674 ], [ -66.4588021, 45.0626919 ], [ -66.458764, 45.0627639 ], [ -66.4586751, 45.0628538 ], [ -66.4584971, 45.0630877 ], [ -66.4584336, 45.0632407 ], [ -66.4583573, 45.0633126 ], [ -66.4583065, 45.0634206 ], [ -66.4579381, 45.0636184 ], [ -66.4578999, 45.0637533 ], [ -66.4578618, 45.0638073 ], [ -66.4578363, 45.0639512 ], [ -66.4578617, 45.0639962 ], [ -66.4578743, 45.0641402 ], [ -66.4579504, 45.0641852 ], [ -66.4578869, 45.0642932 ], [ -66.4578868, 45.0643652 ], [ -66.4579249, 45.0643922 ], [ -66.4579248, 45.0644282 ], [ -66.4578867, 45.0644731 ], [ -66.4578866, 45.0646441 ], [ -66.4579753, 45.064896 ], [ -66.4580894, 45.065103 ], [ -66.4581782, 45.065211 ], [ -66.4583558, 45.0653911 ], [ -66.4587617, 45.0658771 ], [ -66.4587998, 45.0658951 ], [ -66.4590029, 45.0660121 ], [ -66.4589647, 45.0661381 ], [ -66.4589646, 45.0662101 ], [ -66.4590535, 45.0662191 ], [ -66.4591296, 45.0663541 ], [ -66.4591676, 45.0663991 ], [ -66.4592946, 45.0664801 ], [ -66.4594087, 45.0665971 ], [ -66.4594969, 45.0666543 ], [ -66.4594447, 45.0740274 ], [ -66.4593543, 45.0893719 ], [ -66.4593487, 45.0900413 ], [ -66.4593456, 45.0908691 ], [ -66.4592967, 45.0988085 ], [ -66.4592909, 45.0998091 ], [ -66.4592216, 45.1113404 ], [ -66.4592156, 45.1126505 ], [ -66.4592142, 45.112812 ], [ -66.4592036, 45.1152562 ], [ -66.4591974, 45.116739 ], [ -66.4591603, 45.1241656 ], [ -66.4591609, 45.1250217 ], [ -66.4591592, 45.1256484 ], [ -66.4591563, 45.1269914 ], [ -66.4591535, 45.1283207 ], [ -66.4591534, 45.1283324 ], [ -66.4591524, 45.1297585 ], [ -66.4591576, 45.1314456 ], [ -66.459156, 45.1318982 ], [ -66.4591556, 45.1323876 ], [ -66.4591547, 45.1326972 ], [ -66.4590944, 45.1327115 ], [ -66.4586622, 45.1327114 ], [ -66.4584206, 45.1327563 ], [ -66.4584079, 45.1327923 ], [ -66.4584205, 45.1328912 ], [ -66.4584586, 45.1329542 ], [ -66.4584839, 45.1330532 ], [ -66.4585221, 45.1330982 ], [ -66.4587763, 45.1330983 ], [ -66.4588017, 45.1331163 ], [ -66.4588652, 45.1332333 ], [ -66.4589287, 45.1332873 ], [ -66.4590049, 45.1334223 ], [ -66.4590684, 45.1334943 ], [ -66.4591319, 45.1335213 ], [ -66.4591522, 45.13352 ], [ -66.4591486, 45.1349754 ], [ -66.4591369, 45.1393747 ], [ -66.4590929, 45.1558678 ], [ -66.4590847, 45.1601651 ], [ -66.459079, 45.1617703 ], [ -66.4591394, 45.1662165 ], [ -66.4591196, 45.169847 ], [ -66.4591189, 45.170031 ], [ -66.4590562, 45.1721913 ], [ -66.4590562, 45.1721922 ], [ -66.4590533, 45.1736035 ], [ -66.4590532, 45.173694 ], [ -66.4590486, 45.1757054 ], [ -66.4590485, 45.1758156 ], [ -66.4590472, 45.176705 ], [ -66.4590465, 45.1768071 ], [ -66.4590457, 45.1771234 ], [ -66.4590456, 45.1771882 ], [ -66.4590345, 45.1837245 ], [ -66.4590808, 45.1856964 ], [ -66.4594429, 45.213856 ], [ -66.4595396, 45.2213915 ], [ -66.4595406, 45.221468 ], [ -66.4595418, 45.2215004 ], [ -66.4595598, 45.2227404 ], [ -66.4595456, 45.2298207 ], [ -66.4596009, 45.2501467 ], [ -66.4598637, 45.2915806 ], [ -66.4597323, 45.3130066 ], [ -66.4858132, 45.3127624 ], [ -66.4995078, 45.3127322 ], [ -66.5827607, 45.3126889 ], [ -66.5903291, 45.312706 ], [ -66.5905841, 45.3127058 ], [ -66.5922424, 45.3127129 ], [ -66.5924244, 45.2918208 ], [ -66.5924653, 45.2468504 ], [ -66.5924938, 45.2409119 ], [ -66.5925134, 45.2373129 ], [ -66.5926311, 45.2156472 ] ] ] } },
{ "type": "Feature", "properties": { "name": "Pennfield Parish", "osm_type": "relation", "id": 9683825, "boundary": "administrative", "County": "Charlotte", "State": "New Brunswick", "long_name": "new_brunswick_charlotte_county_pennfield_parish", "wikipedia": null, "name:en": "Pennfield Parish" }, "geometry": { "type": "MultiPolygon", "coordinates": [ [ [ [ -66.6918408, 45.0041586 ], [ -66.6907968, 45.0041077 ], [ -66.6892269, 45.0039847 ], [ -66.6874726, 45.0037577 ], [ -66.6855431, 45.0034071 ], [ -66.6845207, 45.0031885 ], [ -66.6842206, 45.0031144 ], [ -66.683057, 45.0027803 ], [ -66.6810514, 45.0021208 ], [ -66.6796175, 45.0015671 ], [ -66.6787224, 45.0011664 ], [ -66.6778727, 45.0007508 ], [ -66.6768204, 45.00019 ], [ -66.6755998, 44.9994491 ], [ -66.6742335, 44.9985071 ], [ -66.6733231, 44.9978093 ], [ -66.6727174, 44.9972928 ], [ -66.6719653, 44.9965829 ], [ -66.6709768, 44.9955472 ], [ -66.6705086, 44.9950179 ], [ -66.6698585, 44.9941075 ], [ -66.6691653, 44.9934026 ], [ -66.668558, 44.9927305 ], [ -66.6680271, 44.9920074 ], [ -66.6670765, 44.990556 ], [ -66.6663239, 44.9890833 ], [ -66.665732, 44.9875088 ], [ -66.6653577, 44.9860197 ], [ -66.6651546, 44.9844641 ], [ -66.6651334, 44.9829876 ], [ -66.6652861, 44.9814833 ], [ -66.6654892, 44.9804022 ], [ -66.665719, 44.9795685 ], [ -66.6659477, 44.9788825 ], [ -66.6662244, 44.9781772 ], [ -66.6666345, 44.9773064 ], [ -66.6673314, 44.9760447 ], [ -66.6681046, 44.9748929 ], [ -66.6692672, 44.9734414 ], [ -66.6700302, 44.9723027 ], [ -66.6710219, 44.9710846 ], [ -66.6713029, 44.9706724 ], [ -66.6714064, 44.970415 ], [ -66.6714636, 44.9698442 ], [ -66.6718012, 44.9683259 ], [ -66.6722234, 44.967112 ], [ -66.672609, 44.9662094 ], [ -66.6729579, 44.9656231 ], [ -66.673066, 44.9653621 ], [ -66.6732501, 44.9649538 ], [ -66.673348, 44.964753 ], [ -66.6737843, 44.9639774 ], [ -66.6741635, 44.9633848 ], [ -66.6749224, 44.9623745 ], [ -66.6763507, 44.9607303 ], [ -66.676727, 44.96035 ], [ -66.6770013, 44.9600841 ], [ -66.6773783, 44.9594761 ], [ -66.6779875, 44.9586204 ], [ -66.6785798, 44.9579573 ], [ -66.6798428, 44.9566705 ], [ -66.6805136, 44.9560469 ], [ -66.6813062, 44.9554333 ], [ -66.68298, 44.9542524 ], [ -66.6834814, 44.9539071 ], [ -66.684134, 44.953488 ], [ -66.685162, 44.9529141 ], [ -66.6869288, 44.9520278 ], [ -66.6888054, 44.9512484 ], [ -66.6909049, 44.9505405 ], [ -66.692718, 44.9500461 ], [ -66.6942143, 44.9497291 ], [ -66.6946282, 44.9496668 ], [ -66.6954668, 44.9493627 ], [ -66.6968662, 44.9489286 ], [ -66.6979191, 44.9486908 ], [ -66.700051, 44.948281 ], [ -66.7012929, 44.9480892 ], [ -66.7016233, 44.9480504 ], [ -66.7026848, 44.9479582 ], [ -66.7044466, 44.9478584 ], [ -66.7045734, 44.9472366 ], [ -66.7047619, 44.9465899 ], [ -66.7049112, 44.9461896 ], [ -66.7048414, 44.9456233 ], [ -66.7048377, 44.9450574 ], [ -66.704675, 44.9443809 ], [ -66.7044768, 44.9427784 ], [ -66.7044567, 44.9413874 ], [ -66.7045163, 44.9407642 ], [ -66.7047049, 44.9391039 ], [ -66.7048505, 44.9382901 ], [ -66.7050884, 44.9375194 ], [ -66.7057735, 44.9356898 ], [ -66.7062279, 44.9347122 ], [ -66.7065053, 44.9342132 ], [ -66.7069209, 44.9335482 ], [ -66.7070926, 44.9329181 ], [ -66.7074605, 44.9318944 ], [ -66.708, 44.9306925 ], [ -66.7085125, 44.929741 ], [ -66.7091534, 44.9287267 ], [ -66.7095309, 44.9281797 ], [ -66.7097115, 44.927939 ], [ -66.7101535, 44.9273961 ], [ -66.7110447, 44.9263848 ], [ -66.7115941, 44.925811 ], [ -66.712282, 44.9251852 ], [ -66.7135982, 44.9240898 ], [ -66.7148544, 44.9231829 ], [ -66.7161176, 44.9223915 ], [ -66.7170199, 44.9218762 ], [ -66.7177484, 44.9214978 ], [ -66.7186061, 44.9210894 ], [ -66.7193749, 44.9207521 ], [ -66.7198073, 44.9205572 ], [ -66.7203767, 44.9203113 ], [ -66.7215615, 44.919859 ], [ -66.7235802, 44.9191838 ], [ -66.7250105, 44.9187788 ], [ -66.725819, 44.9185895 ], [ -66.7268488, 44.9183822 ], [ -66.7282392, 44.9181469 ], [ -66.7296361, 44.9179686 ], [ -66.730606, 44.9178843 ], [ -66.7313155, 44.917837 ], [ -66.7326107, 44.9177766 ], [ -66.7344587, 44.9177865 ], [ -66.7367202, 44.9179161 ], [ -66.7376193, 44.918009 ], [ -66.7399044, 44.9182834 ], [ -66.7420383, 44.9186848 ], [ -66.7433087, 44.9189754 ], [ -66.7437454, 44.9190937 ], [ -66.7442973, 44.9192539 ], [ -66.7450717, 44.9194939 ], [ -66.7458464, 44.9197565 ], [ -66.7467756, 44.9200994 ], [ -66.7481702, 44.920698 ], [ -66.7499825, 44.9215937 ], [ -66.7516777, 44.9225978 ], [ -66.7532436, 44.9237033 ], [ -66.7543234, 44.9245707 ], [ -66.754746, 44.9249587 ], [ -66.755856, 44.9260071 ], [ -66.7564466, 44.9266194 ], [ -66.7568424, 44.9269087 ], [ -66.757375, 44.9273887 ], [ -66.7583942, 44.9283746 ], [ -66.7590948, 44.9291292 ], [ -66.7596322, 44.9297763 ], [ -66.7600515, 44.9303238 ], [ -66.7604179, 44.9308444 ], [ -66.7607848, 44.9314146 ], [ -66.7611906, 44.9321079 ], [ -66.7616033, 44.9329213 ], [ -66.7620088, 44.9338596 ], [ -66.762393, 44.9350162 ], [ -66.762733, 44.9364603 ], [ -66.7628947, 44.9375573 ], [ -66.7629304, 44.9381453 ], [ -66.7629942, 44.9385579 ], [ -66.7630821, 44.9390587 ], [ -66.7633529, 44.9397479 ], [ -66.763652, 44.9406561 ], [ -66.763935, 44.9419084 ], [ -66.7641347, 44.9435046 ], [ -66.7641386, 44.9441812 ], [ -66.764256, 44.9450642 ], [ -66.7643037, 44.9458575 ], [ -66.7642714, 44.9469904 ], [ -66.7640862, 44.9485655 ], [ -66.7638342, 44.9497506 ], [ -66.7635875, 44.9505466 ], [ -66.7633125, 44.9512837 ], [ -66.7631445, 44.9516676 ], [ -66.7629994, 44.9528678 ], [ -66.7627355, 44.9540774 ], [ -66.762454, 44.9549639 ], [ -66.7619693, 44.9561215 ], [ -66.761471, 44.9570728 ], [ -66.7612723, 44.9575023 ], [ -66.7609919, 44.9580068 ], [ -66.7606445, 44.9585702 ], [ -66.7601405, 44.959929 ], [ -66.7597278, 44.9608424 ], [ -66.7594741, 44.9613022 ], [ -66.7590489, 44.9620163 ], [ -66.7586358, 44.962642 ], [ -66.7581289, 44.9633387 ], [ -66.7572734, 44.9643467 ], [ -66.7569746, 44.9646518 ], [ -66.7565668, 44.9655084 ], [ -66.7562727, 44.9660279 ], [ -66.7561032, 44.9663129 ], [ -66.7556777, 44.9669937 ], [ -66.755269, 44.9675868 ], [ -66.7549248, 44.9680432 ], [ -66.7541562, 44.9689339 ], [ -66.7528945, 44.9702215 ], [ -66.7521269, 44.9709276 ], [ -66.7519281, 44.9710928 ], [ -66.7514041, 44.9714927 ], [ -66.7512994, 44.9717132 ], [ -66.7504181, 44.973203 ], [ -66.7495865, 44.974365 ], [ -66.7487585, 44.9753399 ], [ -66.7480225, 44.9761128 ], [ -66.7472773, 44.9768139 ], [ -66.7463796, 44.9775686 ], [ -66.7453163, 44.9783689 ], [ -66.7445616, 44.9788915 ], [ -66.7439866, 44.9792577 ], [ -66.7428221, 44.9799161 ], [ -66.7409102, 44.9808672 ], [ -66.7404174, 44.9813716 ], [ -66.7395482, 44.9822724 ], [ -66.7386947, 44.98306 ], [ -66.7383376, 44.9836227 ], [ -66.7374552, 44.9848013 ], [ -66.7363429, 44.986053 ], [ -66.7354463, 44.9869382 ], [ -66.7345873, 44.9876859 ], [ -66.7338679, 44.9882603 ], [ -66.733093, 44.9888281 ], [ -66.7320687, 44.9895004 ], [ -66.7305484, 44.9903932 ], [ -66.72935, 44.9910167 ], [ -66.7283365, 44.9914817 ], [ -66.7271301, 44.9919712 ], [ -66.7256487, 44.9928347 ], [ -66.7241218, 44.9935976 ], [ -66.7236763, 44.9939187 ], [ -66.7226261, 44.9945954 ], [ -66.7222344, 44.9948208 ], [ -66.7213335, 44.9952938 ], [ -66.7200441, 44.9962261 ], [ -66.7186861, 44.9970777 ], [ -66.7174873, 44.9977273 ], [ -66.7172267, 44.9978909 ], [ -66.7169794, 44.9980352 ], [ -66.7158461, 44.9986248 ], [ -66.7150947, 44.998972 ], [ -66.7145812, 44.9993383 ], [ -66.7135738, 44.9999838 ], [ -66.7131769, 45.000212 ], [ -66.7125703, 45.0005398 ], [ -66.7115374, 45.0010638 ], [ -66.710966, 45.0013373 ], [ -66.7106027, 45.0015002 ], [ -66.7100611, 45.0017346 ], [ -66.7089596, 45.0021578 ], [ -66.7071983, 45.0027566 ], [ -66.7063897, 45.0030073 ], [ -66.7059612, 45.0031278 ], [ -66.7046037, 45.0034479 ], [ -66.7024698, 45.0038577 ], [ -66.7011258, 45.0040615 ], [ -66.6999322, 45.0041715 ], [ -66.6979165, 45.0042895 ], [ -66.6969057, 45.0043198 ], [ -66.6954006, 45.004185 ], [ -66.6947293, 45.0041607 ], [ -66.6942802, 45.004132 ], [ -66.6933326, 45.0040933 ], [ -66.6926027, 45.0041734 ], [ -66.6918408, 45.0041586 ] ] ], [ [ [ -66.790867, 45.079703 ], [ -66.7985918, 45.0929138 ], [ -66.7867556, 45.1007414 ], [ -66.7726597, 45.1100464 ], [ -66.7725068, 45.1099388 ], [ -66.7709936, 45.1113749 ], [ -66.7653856, 45.120683 ], [ -66.7655014, 45.1209886 ], [ -66.7653878, 45.1211599 ], [ -66.7655279, 45.1211267 ], [ -66.7651905, 45.1251553 ], [ -66.7654202, 45.1253437 ], [ -66.7659933, 45.1255943 ], [ -66.7660191, 45.1256752 ], [ -66.765576, 45.1260452 ], [ -66.7655375, 45.1259643 ], [ -66.7651301, 45.1258303 ], [ -66.7676304, 45.1299811 ], [ -66.7709732, 45.1354801 ], [ -66.7742, 45.140735 ], [ -66.7727995, 45.141655 ], [ -66.7718768, 45.1428507 ], [ -66.7699242, 45.1430777 ], [ -66.7680932, 45.1431935 ], [ -66.7679873, 45.1432002 ], [ -66.7679725, 45.1436299 ], [ -66.7679981, 45.1436478 ], [ -66.7680887, 45.1450625 ], [ -66.7682077, 45.1472392 ], [ -66.7682763, 45.1482873 ], [ -66.7682835, 45.1484713 ], [ -66.7683726, 45.1498301 ], [ -66.7684139, 45.1505004 ], [ -66.7685035, 45.1519668 ], [ -66.7685171, 45.1521467 ], [ -66.7686753, 45.1546657 ], [ -66.7690063, 45.1600815 ], [ -66.7690269, 45.1603963 ], [ -66.7690411, 45.1607112 ], [ -66.7690687, 45.16117 ], [ -66.7691028, 45.1616513 ], [ -66.7691305, 45.1621327 ], [ -66.7693443, 45.1656277 ], [ -66.7694377, 45.1669475 ], [ -66.7694616, 45.167283 ], [ -66.7695939, 45.1691538 ], [ -66.7697153, 45.1708743 ], [ -66.7698729, 45.1730995 ], [ -66.7698899, 45.1733419 ], [ -66.7699725, 45.1749078 ], [ -66.7701563, 45.1783804 ], [ -66.7704638, 45.1841472 ], [ -66.7705344, 45.1855957 ], [ -66.7705345, 45.1856137 ], [ -66.7711058, 45.1959596 ], [ -66.7717839, 45.2084706 ], [ -66.7721636, 45.2149504 ], [ -66.7735448, 45.2385155 ], [ -66.77361, 45.2396256 ], [ -66.7738006, 45.2428707 ], [ -66.773846, 45.2436443 ], [ -66.7738481, 45.2436722 ], [ -66.7739234, 45.2449564 ], [ -66.7740258, 45.2467017 ], [ -66.7742182, 45.2499922 ], [ -66.7748902, 45.2636358 ], [ -66.7752236, 45.2706754 ], [ -66.7752291, 45.2707782 ], [ -66.7754932, 45.2762893 ], [ -66.7762535, 45.2917566 ], [ -66.7768069, 45.3027109 ], [ -66.7774735, 45.3129733 ], [ -66.7774658, 45.3129754 ], [ -66.7494653, 45.3130871 ], [ -66.7488213, 45.3130859 ], [ -66.6956574, 45.3129546 ], [ -66.6687405, 45.3128972 ], [ -66.6658993, 45.3128893 ], [ -66.650163, 45.3128487 ], [ -66.6347711, 45.3128141 ], [ -66.5922424, 45.3127129 ], [ -66.5924244, 45.2918208 ], [ -66.5924653, 45.2468504 ], [ -66.5924938, 45.2409119 ], [ -66.5925134, 45.2373129 ], [ -66.5926311, 45.2156472 ], [ -66.5926312, 45.2156379 ], [ -66.5926309, 45.2154579 ], [ -66.59264, 45.2132355 ], [ -66.5926398, 45.2131095 ], [ -66.5925792, 45.1961539 ], [ -66.5925709, 45.194332 ], [ -66.5925707, 45.1942865 ], [ -66.592548, 45.1881843 ], [ -66.592548, 45.1881705 ], [ -66.5925412, 45.1731995 ], [ -66.5925412, 45.1731843 ], [ -66.5925404, 45.1713062 ], [ -66.5925393, 45.1688978 ], [ -66.5925393, 45.168883 ], [ -66.5925382, 45.1666552 ], [ -66.5925381, 45.166623 ], [ -66.5924708, 45.1565419 ], [ -66.5924707, 45.1565329 ], [ -66.5924056, 45.1502647 ], [ -66.5921984, 45.1303019 ], [ -66.5921955, 45.1300435 ], [ -66.5921954, 45.130036 ], [ -66.5920078, 45.1217399 ], [ -66.5919789, 45.1213716 ], [ -66.591904, 45.1204173 ], [ -66.5917633, 45.1198686 ], [ -66.5917473, 45.1198069 ], [ -66.5919848, 45.1197159 ], [ -66.5920355, 45.1196528 ], [ -66.5921491, 45.1191759 ], [ -66.5923141, 45.1190138 ], [ -66.5926444, 45.1189775 ], [ -66.5928857, 45.1188514 ], [ -66.5932287, 45.1187521 ], [ -66.5934316, 45.118545 ], [ -66.593533, 45.118374 ], [ -66.5935455, 45.118221 ], [ -66.5938626, 45.1178608 ], [ -66.5935182, 45.1171143 ], [ -66.593518, 45.1169433 ], [ -66.5937719, 45.1168262 ], [ -66.5937845, 45.1167542 ], [ -66.5925384, 45.1162963 ], [ -66.592322, 45.1160985 ], [ -66.5923091, 45.1159906 ], [ -66.5923345, 45.1159366 ], [ -66.5925885, 45.1158554 ], [ -66.5927154, 45.1157383 ], [ -66.5929695, 45.1157381 ], [ -66.5935666, 45.1156206 ], [ -66.5937696, 45.1154495 ], [ -66.5937566, 45.1152336 ], [ -66.5935015, 45.114676 ], [ -66.5933487, 45.1144691 ], [ -66.5926487, 45.1137949 ], [ -66.5926865, 45.1136329 ], [ -66.5921653, 45.1134714 ], [ -66.5919746, 45.1134355 ], [ -66.5914918, 45.1134629 ], [ -66.5911738, 45.1133102 ], [ -66.5905767, 45.1133557 ], [ -66.5904751, 45.1134188 ], [ -66.5900938, 45.1133831 ], [ -66.5899412, 45.1133022 ], [ -66.5896108, 45.1132845 ], [ -66.5893947, 45.1132037 ], [ -66.5888483, 45.1132041 ], [ -66.5886324, 45.1133302 ], [ -66.5886076, 45.1136812 ], [ -66.5881379, 45.1139785 ], [ -66.5879473, 45.1139876 ], [ -66.587782, 45.1139157 ], [ -66.5875644, 45.1129082 ], [ -66.5872846, 45.1127554 ], [ -66.5870304, 45.1127286 ], [ -66.5868904, 45.1126118 ], [ -66.5868017, 45.1127558 ], [ -66.586573, 45.112756 ], [ -66.5862937, 45.1129182 ], [ -66.5862304, 45.1130622 ], [ -66.5862563, 45.1133861 ], [ -66.586028, 45.1136562 ], [ -66.5855583, 45.1139804 ], [ -66.5853042, 45.1140436 ], [ -66.5849864, 45.1139269 ], [ -66.5843002, 45.1139364 ], [ -66.5841478, 45.1139815 ], [ -66.5841225, 45.1141075 ], [ -66.5842628, 45.1144403 ], [ -66.5845301, 45.11471 ], [ -66.5845813, 45.1149709 ], [ -66.5845821, 45.1154838 ], [ -66.5843921, 45.1158978 ], [ -66.5842271, 45.1160419 ], [ -66.5838586, 45.1160602 ], [ -66.583528, 45.1159075 ], [ -66.5832356, 45.1158807 ], [ -66.5831086, 45.1158988 ], [ -66.582677, 45.116214 ], [ -66.5824864, 45.1162681 ], [ -66.5821434, 45.1162864 ], [ -66.5820034, 45.1161875 ], [ -66.5819778, 45.1160615 ], [ -66.5817486, 45.1157288 ], [ -66.5815198, 45.115675 ], [ -66.581418, 45.1155941 ], [ -66.5811509, 45.1153783 ], [ -66.5810871, 45.1151984 ], [ -66.5810739, 45.1149195 ], [ -66.5814797, 45.1143254 ], [ -66.5814667, 45.1140914 ], [ -66.5811996, 45.1139387 ], [ -66.5799285, 45.1136337 ], [ -66.5791031, 45.1140391 ], [ -66.5787981, 45.1140573 ], [ -66.5786458, 45.1142104 ], [ -66.578303, 45.1143816 ], [ -66.5782649, 45.1144356 ], [ -66.5783923, 45.1146425 ], [ -66.5783419, 45.1149844 ], [ -66.5785455, 45.1151372 ], [ -66.5785583, 45.1152542 ], [ -66.5784824, 45.1154522 ], [ -66.5782538, 45.1155783 ], [ -66.5779746, 45.1158484 ], [ -66.5781529, 45.1161722 ], [ -66.5780514, 45.1162803 ], [ -66.5777592, 45.1162895 ], [ -66.5772505, 45.1160559 ], [ -66.5767675, 45.1159662 ], [ -66.5765007, 45.1160114 ], [ -66.5763355, 45.1159755 ], [ -66.5760559, 45.1159937 ], [ -66.5758019, 45.1160929 ], [ -66.5753696, 45.1159132 ], [ -66.574912, 45.1158055 ], [ -66.5747976, 45.1158146 ], [ -66.5746201, 45.1161116 ], [ -66.5744549, 45.1161028 ], [ -66.574226, 45.1159949 ], [ -66.5742126, 45.1154551 ], [ -66.5743391, 45.1150591 ], [ -66.5743387, 45.1146992 ], [ -66.5751894, 45.1141588 ], [ -66.5754051, 45.1139247 ], [ -66.5754301, 45.1136008 ], [ -66.5753284, 45.1135918 ], [ -66.5752902, 45.1135109 ], [ -66.5754931, 45.1132138 ], [ -66.5755305, 45.1127279 ], [ -66.5754159, 45.1125121 ], [ -66.5761265, 45.1117738 ], [ -66.5763547, 45.1113867 ], [ -66.5774725, 45.111071 ], [ -66.5776502, 45.110936 ], [ -66.5779677, 45.1108638 ], [ -66.578463, 45.1106475 ], [ -66.578628, 45.1105124 ], [ -66.5788182, 45.1102153 ], [ -66.5788559, 45.1099634 ], [ -66.5794401, 45.109702 ], [ -66.5794908, 45.109612 ], [ -66.5794396, 45.1093511 ], [ -66.5795157, 45.1093061 ], [ -66.5797572, 45.1093149 ], [ -66.579998, 45.1089009 ], [ -66.5804425, 45.1087566 ], [ -66.5806075, 45.1086305 ], [ -66.5806965, 45.1086484 ], [ -66.5807603, 45.1088463 ], [ -66.580938, 45.1087472 ], [ -66.5811032, 45.1087201 ], [ -66.5813575, 45.1088549 ], [ -66.58151, 45.1088548 ], [ -66.5823991, 45.1086652 ], [ -66.5825642, 45.1085841 ], [ -66.5825766, 45.1084041 ], [ -66.5831223, 45.1079538 ], [ -66.5830206, 45.1078909 ], [ -66.5830458, 45.107738 ], [ -66.5829058, 45.1076121 ], [ -66.5829565, 45.1075311 ], [ -66.5830709, 45.107522 ], [ -66.5830835, 45.107486 ], [ -66.5829563, 45.1073601 ], [ -66.5830069, 45.1072251 ], [ -66.582892, 45.1068743 ], [ -66.5831841, 45.1067661 ], [ -66.5833743, 45.106505 ], [ -66.5833615, 45.1064601 ], [ -66.5831963, 45.1064422 ], [ -66.5833358, 45.1062441 ], [ -66.5833357, 45.1061362 ], [ -66.5830684, 45.1058664 ], [ -66.5830937, 45.1057764 ], [ -66.582992, 45.1057315 ], [ -66.5831824, 45.1055964 ], [ -66.5831823, 45.1055514 ], [ -66.5830043, 45.1054796 ], [ -66.5829661, 45.1053716 ], [ -66.5833214, 45.1050565 ], [ -66.5832193, 45.1047776 ], [ -66.5833336, 45.1047056 ], [ -66.5832064, 45.1046697 ], [ -66.5832064, 45.1046337 ], [ -66.5834349, 45.1045075 ], [ -66.5833202, 45.1042377 ], [ -66.5833834, 45.1040577 ], [ -66.5832563, 45.1039948 ], [ -66.5830786, 45.1041029 ], [ -66.5828753, 45.104121 ], [ -66.5826083, 45.1039593 ], [ -66.582405, 45.1039414 ], [ -66.5824938, 45.1038694 ], [ -66.58257, 45.1038693 ], [ -66.5824174, 45.1037345 ], [ -66.5824173, 45.1036625 ], [ -66.5827474, 45.1035093 ], [ -66.5828743, 45.1034012 ], [ -66.5826963, 45.1033114 ], [ -66.5826961, 45.1032394 ], [ -66.5824799, 45.1030776 ], [ -66.5825434, 45.1030236 ], [ -66.5824798, 45.1029696 ], [ -66.5825431, 45.1028706 ], [ -66.5825175, 45.1027177 ], [ -66.5826445, 45.1026546 ], [ -66.5827205, 45.1024836 ], [ -66.5826946, 45.1022137 ], [ -66.582491, 45.1019619 ], [ -66.5823385, 45.101899 ], [ -66.5821225, 45.1018812 ], [ -66.5821351, 45.1018272 ], [ -66.5823128, 45.1017281 ], [ -66.5822994, 45.1012512 ], [ -66.5823372, 45.1009993 ], [ -66.5824132, 45.1009092 ], [ -66.5822098, 45.1007924 ], [ -66.5822859, 45.1007294 ], [ -66.5822476, 45.1005584 ], [ -66.5824507, 45.1004593 ], [ -66.5825014, 45.1003873 ], [ -66.5826919, 45.1003242 ], [ -66.5828694, 45.1000811 ], [ -66.5828693, 45.1000361 ], [ -66.5826787, 45.0999823 ], [ -66.5827167, 45.0999283 ], [ -66.5826276, 45.0997754 ], [ -66.5828181, 45.0997662 ], [ -66.582818, 45.0996673 ], [ -66.5826908, 45.0996134 ], [ -66.5828814, 45.0996132 ], [ -66.5829321, 45.0995412 ], [ -66.5827161, 45.0994874 ], [ -66.5823731, 45.0995146 ], [ -66.5823603, 45.0994427 ], [ -66.5817883, 45.0992451 ], [ -66.581877, 45.0991011 ], [ -66.5820422, 45.099074 ], [ -66.5819659, 45.0990291 ], [ -66.5817499, 45.0990112 ], [ -66.5817878, 45.0989032 ], [ -66.5817903, 45.0965058 ], [ -66.5817921, 45.0947883 ], [ -66.58179, 45.094099 ], [ -66.5818089, 45.0797742 ], [ -66.5822111, 45.0797094 ], [ -66.5833096, 45.0796061 ], [ -66.5855147, 45.0794678 ], [ -66.5870403, 45.0794373 ], [ -66.587879, 45.0794562 ], [ -66.5888471, 45.0795044 ], [ -66.5908709, 45.0796289 ], [ -66.5924364, 45.079805 ], [ -66.5937032, 45.0797592 ], [ -66.5948348, 45.079794 ], [ -66.5971321, 45.0799377 ], [ -66.5991893, 45.0801883 ], [ -66.601549, 45.0806233 ], [ -66.6021161, 45.0804134 ], [ -66.6025353, 45.0800988 ], [ -66.6032438, 45.0796434 ], [ -66.604497, 45.0789347 ], [ -66.6067534, 45.0778193 ], [ -66.6085659, 45.0770842 ], [ -66.6105708, 45.0764195 ], [ -66.612649, 45.0758811 ], [ -66.6133899, 45.0757248 ], [ -66.6152432, 45.0748005 ], [ -66.6161769, 45.0743776 ], [ -66.6171735, 45.0740093 ], [ -66.6192038, 45.0733381 ], [ -66.619558, 45.0732301 ], [ -66.6202789, 45.0721301 ], [ -66.620789, 45.0714329 ], [ -66.6213297, 45.0708297 ], [ -66.6215682, 45.0705037 ], [ -66.6221623, 45.0698409 ], [ -66.6234291, 45.0685547 ], [ -66.6248488, 45.0673519 ], [ -66.6250478, 45.0672104 ], [ -66.6257528, 45.0664946 ], [ -66.6264255, 45.0658713 ], [ -66.6272328, 45.065249 ], [ -66.628884, 45.0640907 ], [ -66.6294059, 45.0637752 ], [ -66.6297107, 45.0635585 ], [ -66.6310769, 45.0627167 ], [ -66.6324603, 45.0619802 ], [ -66.6328958, 45.0617352 ], [ -66.6345981, 45.0608678 ], [ -66.6363902, 45.0601049 ], [ -66.6373175, 45.0597805 ], [ -66.6393008, 45.0590535 ], [ -66.640325, 45.0587181 ], [ -66.6411727, 45.0584709 ], [ -66.6417167, 45.058185 ], [ -66.6435271, 45.057283 ], [ -66.6444604, 45.0568598 ], [ -66.6454422, 45.056496 ], [ -66.647446, 45.0558307 ], [ -66.649523, 45.0552917 ], [ -66.6516592, 45.0548829 ], [ -66.6527403, 45.0547114 ], [ -66.6538382, 45.0546075 ], [ -66.6560421, 45.0544678 ], [ -66.6570581, 45.0544482 ], [ -66.6592341, 45.0538906 ], [ -66.6613583, 45.0534839 ], [ -66.6629396, 45.0532564 ], [ -66.6637606, 45.0531607 ], [ -66.6646666, 45.0526634 ], [ -66.6655878, 45.0522047 ], [ -66.6668008, 45.0516559 ], [ -66.6682651, 45.0510859 ], [ -66.6702253, 45.0504379 ], [ -66.6712235, 45.050144 ], [ -66.6725073, 45.0498641 ], [ -66.6732785, 45.0496083 ], [ -66.6743439, 45.0492918 ], [ -66.6758575, 45.0489727 ], [ -66.6769033, 45.0488017 ], [ -66.6777714, 45.0486211 ], [ -66.6793399, 45.0483081 ], [ -66.6805482, 45.0476238 ], [ -66.6823577, 45.0467212 ], [ -66.6841092, 45.0459886 ], [ -66.6857774, 45.0454133 ], [ -66.6868253, 45.0450923 ], [ -66.6874668, 45.044881 ], [ -66.6895033, 45.0443545 ], [ -66.6912372, 45.044022 ], [ -66.6924096, 45.0435262 ], [ -66.6938617, 45.043013 ], [ -66.6947615, 45.0427253 ], [ -66.6955626, 45.0424954 ], [ -66.6970102, 45.0421501 ], [ -66.699139, 45.0417417 ], [ -66.6994411, 45.0416041 ], [ -66.6998417, 45.041446 ], [ -66.7007943, 45.0411061 ], [ -66.7024717, 45.0405692 ], [ -66.7043779, 45.0400847 ], [ -66.7065131, 45.0396748 ], [ -66.7075937, 45.0395029 ], [ -66.7089305, 45.0393847 ], [ -66.7093358, 45.0393642 ], [ -66.7099193, 45.0392287 ], [ -66.7120545, 45.0388188 ], [ -66.713135, 45.0386468 ], [ -66.7142325, 45.0385422 ], [ -66.7164357, 45.0384013 ], [ -66.7184408, 45.0383858 ], [ -66.7202345, 45.0384727 ], [ -66.7211288, 45.0385387 ], [ -66.7217594, 45.0386019 ], [ -66.7222714, 45.038658 ], [ -66.7235608, 45.0388501 ], [ -66.7249183, 45.0391051 ], [ -66.7256562, 45.0387463 ], [ -66.7263847, 45.0384197 ], [ -66.7275812, 45.0379455 ], [ -66.7287182, 45.03755 ], [ -66.7302283, 45.0367704 ], [ -66.7310854, 45.0363909 ], [ -66.7314218, 45.0362186 ], [ -66.7327185, 45.035323 ], [ -66.7337351, 45.0347584 ], [ -66.7355433, 45.0338549 ], [ -66.7370823, 45.0331963 ], [ -66.7383122, 45.0327511 ], [ -66.739296, 45.0324316 ], [ -66.7401132, 45.0321956 ], [ -66.7415787, 45.0318444 ], [ -66.7437134, 45.0314339 ], [ -66.7447937, 45.0312616 ], [ -66.745891, 45.0311567 ], [ -66.7473344, 45.031064 ], [ -66.7482136, 45.0306968 ], [ -66.7487629, 45.0305037 ], [ -66.7508087, 45.0298149 ], [ -66.7525198, 45.0293431 ], [ -66.7538239, 45.0290585 ], [ -66.7548456, 45.0288681 ], [ -66.7557766, 45.0287238 ], [ -66.7573408, 45.0285529 ], [ -66.7595601, 45.0284111 ], [ -66.7609829, 45.027708 ], [ -66.7619147, 45.0272838 ], [ -66.7629022, 45.0269167 ], [ -66.763963, 45.0265556 ], [ -66.7649203, 45.0261188 ], [ -66.7664726, 45.0255753 ], [ -66.7672608, 45.0253453 ], [ -66.7679268, 45.0251232 ], [ -66.7687115, 45.024886 ], [ -66.7690934, 45.0247318 ], [ -66.771025, 45.0240809 ], [ -66.7717445, 45.0237237 ], [ -66.7726249, 45.023324 ], [ -66.7730079, 45.0231654 ], [ -66.7740033, 45.0227942 ], [ -66.7751362, 45.0224154 ], [ -66.7772148, 45.0217315 ], [ -66.777797, 45.0215868 ], [ -66.7781802, 45.0214968 ], [ -66.7789116, 45.0213341 ], [ -66.7797686, 45.0211667 ], [ -66.7811535, 45.0209327 ], [ -66.7829432, 45.0207248 ], [ -66.7851455, 45.0205826 ], [ -66.7864445, 45.0205462 ], [ -66.7868516, 45.0205495 ], [ -66.7878655, 45.0205867 ], [ -66.7898685, 45.0207174 ], [ -66.7919464, 45.0209778 ], [ -66.7940845, 45.0213782 ], [ -66.7958405, 45.0218068 ], [ -66.7963526, 45.0219623 ], [ -66.7971766, 45.0206967 ], [ -66.7979215, 45.0197168 ], [ -66.7984103, 45.0191594 ], [ -66.7987154, 45.0188273 ], [ -66.7991169, 45.0184225 ], [ -66.7999452, 45.0176334 ], [ -66.8010304, 45.0167306 ], [ -66.8024027, 45.0157306 ], [ -66.8032636, 45.0151283 ], [ -66.8048299, 45.0142018 ], [ -66.8066363, 45.0132972 ], [ -66.8074366, 45.0129453 ], [ -66.808071, 45.0125592 ], [ -66.808299, 45.0123249 ], [ -66.8093094, 45.0114171 ], [ -66.8101256, 45.0107738 ], [ -66.8106599, 45.0103777 ], [ -66.811813, 45.0095735 ], [ -66.8153117, 45.0269172 ], [ -66.8161018, 45.0308332 ], [ -66.8182378, 45.0381823 ], [ -66.8204078, 45.0456476 ], [ -66.8205209, 45.0460367 ], [ -66.8223122, 45.0540006 ], [ -66.8001067, 45.0724795 ], [ -66.790867, 45.079703 ] ] ] ] } },
{ "type": "Feature", "properties": { "name": "Saint Andrews Parish", "osm_type": "relation", "id": 9680107, "boundary": "administrative", "County": "Charlotte", "State": "New Brunswick", "long_name": "new_brunswick_charlotte_county_saint_andrews_parish", "wikipedia": null, "name:en": "Saint Andrews Parish" }, "geometry": { "type": "Polygon", "coordinates": [ [ [ -67.1080088, 45.1029917 ], [ -67.1004332, 45.0862853 ], [ -67.0948836, 45.0743955 ], [ -67.0926189, 45.0713436 ], [ -67.0847376, 45.0583285 ], [ -67.0829737, 45.0554152 ], [ -67.046726, 44.9947157 ], [ -66.995343, 45.0285479 ], [ -66.9826101, 45.0360345 ], [ -66.938144, 45.0662353 ], [ -66.9815695, 45.0956826 ], [ -67.0134473, 45.1172896 ], [ -67.0196166, 45.1286885 ], [ -67.0299721, 45.1475736 ], [ -67.0436383, 45.1524758 ], [ -67.0487547, 45.1563784 ], [ -67.0495221, 45.156834 ], [ -67.0509292, 45.1576725 ], [ -67.0522212, 45.158449 ], [ -67.0532811, 45.1590858 ], [ -67.0538456, 45.1593948 ], [ -67.0588358, 45.1623935 ], [ -67.0619059, 45.1642412 ], [ -67.0621113, 45.1643661 ], [ -67.0635278, 45.1652115 ], [ -67.063576, 45.1652402 ], [ -67.0665379, 45.1670078 ], [ -67.0726392, 45.1678683 ], [ -67.0819975, 45.1663178 ], [ -67.0822644, 45.1662984 ], [ -67.0829819, 45.1661858 ], [ -67.0926009, 45.164679 ], [ -67.0928804, 45.1646416 ], [ -67.0932233, 45.1645948 ], [ -67.088552, 45.1576582 ], [ -67.0877381, 45.1564417 ], [ -67.0755292, 45.1382901 ], [ -67.0755004, 45.1382673 ], [ -67.0754429, 45.1382361 ], [ -67.0753407, 45.1381871 ], [ -67.0752513, 45.1381516 ], [ -67.0751869, 45.1380664 ], [ -67.0750973, 45.1380039 ], [ -67.0750119, 45.13798 ], [ -67.0749252, 45.1379553 ], [ -67.0748039, 45.1379064 ], [ -67.0746828, 45.137871 ], [ -67.0745294, 45.1377953 ], [ -67.074491, 45.137764 ], [ -67.0744393, 45.1376833 ], [ -67.0744388, 45.1376383 ], [ -67.0744003, 45.1375935 ], [ -67.0742789, 45.1375357 ], [ -67.0741807, 45.1375029 ], [ -67.0740812, 45.1374692 ], [ -67.0739972, 45.1374665 ], [ -67.0735376, 45.1372754 ], [ -67.0735249, 45.1372696 ], [ -67.073493, 45.1372607 ], [ -67.0733976, 45.1372567 ], [ -67.0733593, 45.1372389 ], [ -67.0732954, 45.1372078 ], [ -67.0731552, 45.1371725 ], [ -67.0731168, 45.1371457 ], [ -67.0731163, 45.1370962 ], [ -67.0731351, 45.1370736 ], [ -67.0731851, 45.1369834 ], [ -67.0731974, 45.1369473 ], [ -67.0732854, 45.1368434 ], [ -67.0732658, 45.1367895 ], [ -67.0732142, 45.1367205 ], [ -67.0731626, 45.1366506 ], [ -67.0731492, 45.1365832 ], [ -67.0731547, 45.1364977 ], [ -67.0731605, 45.1364346 ], [ -67.0731276, 45.1363313 ], [ -67.0730887, 45.1362506 ], [ -67.0730882, 45.1362011 ], [ -67.0731448, 45.1361468 ], [ -67.0731828, 45.1361286 ], [ -67.0732778, 45.1361011 ], [ -67.0732906, 45.1361056 ], [ -67.0733037, 45.1361415 ], [ -67.0732976, 45.1361685 ], [ -67.0733046, 45.1362315 ], [ -67.0734, 45.1362355 ], [ -67.073457, 45.1362217 ], [ -67.0735139, 45.1361854 ], [ -67.0735266, 45.1361853 ], [ -67.0735394, 45.1361943 ], [ -67.0736542, 45.1362342 ], [ -67.0737179, 45.1362474 ], [ -67.0739538, 45.1363226 ], [ -67.0740811, 45.136331 ], [ -67.0741318, 45.1363172 ], [ -67.0743467, 45.1361992 ], [ -67.0744101, 45.1361809 ], [ -67.0744792, 45.1361085 ], [ -67.0745043, 45.1360724 ], [ -67.0745675, 45.1360406 ], [ -67.074612, 45.1360359 ], [ -67.0746629, 45.1360446 ], [ -67.0747329, 45.1360541 ], [ -67.0747901, 45.1360538 ], [ -67.0748786, 45.1359985 ], [ -67.0749758, 45.1359314 ], [ -67.0750742, 45.1358634 ], [ -67.0751628, 45.1358261 ], [ -67.0752515, 45.1357906 ], [ -67.0753404, 45.1357829 ], [ -67.0754293, 45.1357762 ], [ -67.0755209, 45.1357838 ], [ -67.0756138, 45.1357923 ], [ -67.0757094, 45.1358143 ], [ -67.0758049, 45.1358372 ], [ -67.075903, 45.1358583 ], [ -67.0760024, 45.1358803 ], [ -67.0760978, 45.1358888 ], [ -67.0762122, 45.1358801 ], [ -67.0763265, 45.1358706 ], [ -67.0763925, 45.1358603 ], [ -67.0764153, 45.1358566 ], [ -67.0765361, 45.1358551 ], [ -67.0766568, 45.1358518 ], [ -67.0767266, 45.135837 ], [ -67.076879, 45.1358281 ], [ -67.0769746, 45.1358501 ], [ -67.0770768, 45.1358982 ], [ -67.077179, 45.1359481 ], [ -67.0773261, 45.1360328 ], [ -67.0774371, 45.1360727 ], [ -67.0775493, 45.1361126 ], [ -67.0776538, 45.1361346 ], [ -67.0777595, 45.1361566 ], [ -67.077963, 45.1361645 ], [ -67.0780839, 45.1361774 ], [ -67.0781945, 45.136175 ], [ -67.0783063, 45.1361718 ], [ -67.0784295, 45.1361531 ], [ -67.0785538, 45.1361345 ], [ -67.0786513, 45.1360962 ], [ -67.0787501, 45.136057 ], [ -67.0788652, 45.135997 ], [ -67.0790978, 45.1358753 ], [ -67.0791697, 45.1358164 ], [ -67.0792428, 45.1357576 ], [ -67.079274, 45.1357034 ], [ -67.079349, 45.1355771 ], [ -67.0793738, 45.1355184 ], [ -67.0793884, 45.1354491 ], [ -67.0794042, 45.1353788 ], [ -67.0794859, 45.1352839 ], [ -67.0795361, 45.1352207 ], [ -67.0795927, 45.1351709 ], [ -67.0797089, 45.1350938 ], [ -67.0798263, 45.1350167 ], [ -67.0798959, 45.1349804 ], [ -67.0799933, 45.1349331 ], [ -67.0800919, 45.1348849 ], [ -67.0801615, 45.1348486 ], [ -67.0802374, 45.1348167 ], [ -67.0804401, 45.1347437 ], [ -67.0804426, 45.1347432 ], [ -67.0804439, 45.1347427 ], [ -67.0805049, 45.1347406 ], [ -67.0805659, 45.1347403 ], [ -67.0806269, 45.1347418 ], [ -67.0807026, 45.1347464 ], [ -67.0807771, 45.1347545 ], [ -67.0808515, 45.1347649 ], [ -67.0809248, 45.134778 ], [ -67.0809974, 45.1347934 ], [ -67.0810248, 45.1348005 ], [ -67.0810681, 45.1348115 ], [ -67.081137, 45.1348318 ], [ -67.0812046, 45.134854 ], [ -67.0812728, 45.1348761 ], [ -67.0813404, 45.1348992 ], [ -67.0814061, 45.1349236 ], [ -67.0814719, 45.1349489 ], [ -67.081537, 45.1349751 ], [ -67.0816021, 45.1350004 ], [ -67.0816684, 45.1350257 ], [ -67.0817354, 45.1350492 ], [ -67.0818036, 45.1350704 ], [ -67.0818763, 45.1350894 ], [ -67.0819496, 45.1351061 ], [ -67.0820241, 45.1351215 ], [ -67.0820763, 45.1351325 ], [ -67.082098, 45.1351369 ], [ -67.0821713, 45.1351545 ], [ -67.0822388, 45.1351739 ], [ -67.0822427, 45.1351753 ], [ -67.0823064, 45.1351965 ], [ -67.082369, 45.1352196 ], [ -67.0824302, 45.135244 ], [ -67.0824909, 45.1352694 ], [ -67.0825503, 45.1352965 ], [ -67.0825573, 45.1352987 ], [ -67.0827001, 45.1353448 ], [ -67.0828443, 45.1353917 ], [ -67.0829589, 45.1354109 ], [ -67.0830735, 45.135431 ], [ -67.0831903, 45.1354151 ], [ -67.0833083, 45.1353983 ], [ -67.0834364, 45.1353634 ], [ -67.0835657, 45.1353286 ], [ -67.083695, 45.1352928 ], [ -67.0838406, 45.1352426 ], [ -67.0839095, 45.1352326 ], [ -67.0839875, 45.1353093 ], [ -67.0840111, 45.1353794 ], [ -67.0840255, 45.135418 ], [ -67.0840456, 45.1355124 ], [ -67.084081, 45.1356174 ], [ -67.0841177, 45.1357234 ], [ -67.0841759, 45.1358284 ], [ -67.084185, 45.1358455 ], [ -67.0842342, 45.1359343 ], [ -67.0843013, 45.1360212 ], [ -67.0843695, 45.136109 ], [ -67.0843767, 45.1361855 ], [ -67.0843824, 45.1362489 ], [ -67.0843838, 45.136261 ], [ -67.0843783, 45.1363393 ], [ -67.0843727, 45.1364185 ], [ -67.0843863, 45.1364994 ], [ -67.0844276, 45.1365577 ], [ -67.0844701, 45.136616 ], [ -67.0845473, 45.1366755 ], [ -67.0941381, 45.1328728 ], [ -67.094309, 45.1328049 ], [ -67.0904528, 45.127624 ], [ -67.0903304, 45.1274582 ], [ -67.086869, 45.1227794 ], [ -67.0831191, 45.1179108 ], [ -67.0830174, 45.1177786 ], [ -67.0821102, 45.116623 ], [ -67.0818576, 45.1162602 ], [ -67.0814009, 45.1156819 ], [ -67.0805092, 45.1145388 ], [ -67.0797784, 45.1136028 ], [ -67.0797681, 45.1135893 ], [ -67.0800955, 45.1130505 ], [ -67.0803784, 45.112565 ], [ -67.0807156, 45.1119487 ], [ -67.0827427, 45.1114685 ], [ -67.0830718, 45.1113454 ], [ -67.0856098, 45.11041 ], [ -67.0884517, 45.1093694 ], [ -67.0889516, 45.1091824 ], [ -67.0894895, 45.1089816 ], [ -67.089844, 45.1088538 ], [ -67.0901423, 45.1088252 ], [ -67.0906866, 45.1086244 ], [ -67.0928194, 45.1078439 ], [ -67.0990594, 45.1055661 ], [ -67.1002007, 45.1051862 ], [ -67.1080088, 45.1029917 ] ] ] } },
{ "type": "Feature", "properties": { "name": "Saint Croix Parish", "osm_type": "relation", "id": 9680106, "boundary": "administrative", "County": "Charlotte", "State": "New Brunswick", "long_name": "new_brunswick_charlotte_county_saint_croix_parish", "wikipedia": null, "name:en": "Saint Croix Parish" }, "geometry": { "type": "Polygon", "coordinates": [ [ [ -67.1618477, 45.2413801 ], [ -67.1561624, 45.2280418 ], [ -67.1560334, 45.2277391 ], [ -67.1538582, 45.222635 ], [ -67.1495806, 45.212596 ], [ -67.1493934, 45.2122173 ], [ -67.1488354, 45.2110882 ], [ -67.1482616, 45.2110299 ], [ -67.1467729, 45.2108898 ], [ -67.1459982, 45.2042792 ], [ -67.1458626, 45.2031166 ], [ -67.1420862, 45.1937724 ], [ -67.1455194, 45.1758658 ], [ -67.1456385, 45.1756139 ], [ -67.1462056, 45.1744224 ], [ -67.1576578, 45.1772479 ], [ -67.1556474, 45.1728405 ], [ -67.1586326, 45.1618377 ], [ -67.153525, 45.1559148 ], [ -67.1448912, 45.145913 ], [ -67.1287598, 45.1322787 ], [ -67.122624, 45.1247907 ], [ -67.1125604, 45.112593 ], [ -67.1080088, 45.1029917 ], [ -67.1002007, 45.1051862 ], [ -67.0990594, 45.1055661 ], [ -67.0928194, 45.1078439 ], [ -67.0906866, 45.1086244 ], [ -67.0901423, 45.1088252 ], [ -67.089844, 45.1088538 ], [ -67.0894895, 45.1089816 ], [ -67.0889516, 45.1091824 ], [ -67.0884517, 45.1093694 ], [ -67.0856098, 45.11041 ], [ -67.0830718, 45.1113454 ], [ -67.0827427, 45.1114685 ], [ -67.0807156, 45.1119487 ], [ -67.0803784, 45.112565 ], [ -67.0800955, 45.1130505 ], [ -67.0797681, 45.1135893 ], [ -67.0797784, 45.1136028 ], [ -67.0805092, 45.1145388 ], [ -67.0814009, 45.1156819 ], [ -67.0818576, 45.1162602 ], [ -67.0821102, 45.116623 ], [ -67.0830174, 45.1177786 ], [ -67.0831191, 45.1179108 ], [ -67.086869, 45.1227794 ], [ -67.0903304, 45.1274582 ], [ -67.0904528, 45.127624 ], [ -67.094309, 45.1328049 ], [ -67.0941381, 45.1328728 ], [ -67.0845473, 45.1366755 ], [ -67.0844701, 45.136616 ], [ -67.0844276, 45.1365577 ], [ -67.0843863, 45.1364994 ], [ -67.0843727, 45.1364185 ], [ -67.0843783, 45.1363393 ], [ -67.0843838, 45.136261 ], [ -67.0843824, 45.1362489 ], [ -67.0843767, 45.1361855 ], [ -67.0843695, 45.136109 ], [ -67.0843013, 45.1360212 ], [ -67.0842342, 45.1359343 ], [ -67.084185, 45.1358455 ], [ -67.0841759, 45.1358284 ], [ -67.0841177, 45.1357234 ], [ -67.084081, 45.1356174 ], [ -67.0840456, 45.1355124 ], [ -67.0840255, 45.135418 ], [ -67.0840111, 45.1353794 ], [ -67.0839875, 45.1353093 ], [ -67.0839095, 45.1352326 ], [ -67.0838406, 45.1352426 ], [ -67.083695, 45.1352928 ], [ -67.0835657, 45.1353286 ], [ -67.0834364, 45.1353634 ], [ -67.0833083, 45.1353983 ], [ -67.0831903, 45.1354151 ], [ -67.0830735, 45.135431 ], [ -67.0829589, 45.1354109 ], [ -67.0828443, 45.1353917 ], [ -67.0827001, 45.1353448 ], [ -67.0825573, 45.1352987 ], [ -67.0825503, 45.1352965 ], [ -67.0824909, 45.1352694 ], [ -67.0824302, 45.135244 ], [ -67.082369, 45.1352196 ], [ -67.0823064, 45.1351965 ], [ -67.0822427, 45.1351753 ], [ -67.0822388, 45.1351739 ], [ -67.0821713, 45.1351545 ], [ -67.082098, 45.1351369 ], [ -67.0820763, 45.1351325 ], [ -67.0820241, 45.1351215 ], [ -67.0819496, 45.1351061 ], [ -67.0818763, 45.1350894 ], [ -67.0818036, 45.1350704 ], [ -67.0817354, 45.1350492 ], [ -67.0816684, 45.1350257 ], [ -67.0816021, 45.1350004 ], [ -67.081537, 45.1349751 ], [ -67.0814719, 45.1349489 ], [ -67.0814061, 45.1349236 ], [ -67.0813404, 45.1348992 ], [ -67.0812728, 45.1348761 ], [ -67.0812046, 45.134854 ], [ -67.081137, 45.1348318 ], [ -67.0810681, 45.1348115 ], [ -67.0810248, 45.1348005 ], [ -67.0809974, 45.1347934 ], [ -67.0809248, 45.134778 ], [ -67.0808515, 45.1347649 ], [ -67.0807771, 45.1347545 ], [ -67.0807026, 45.1347464 ], [ -67.0806269, 45.1347418 ], [ -67.0805659, 45.1347403 ], [ -67.0805049, 45.1347406 ], [ -67.0804439, 45.1347427 ], [ -67.0804426, 45.1347432 ], [ -67.0804401, 45.1347437 ], [ -67.0802374, 45.1348167 ], [ -67.0801615, 45.1348486 ], [ -67.0800919, 45.1348849 ], [ -67.0799933, 45.1349331 ], [ -67.0798959, 45.1349804 ], [ -67.0798263, 45.1350167 ], [ -67.0797089, 45.1350938 ], [ -67.0795927, 45.1351709 ], [ -67.0795361, 45.1352207 ], [ -67.0794859, 45.1352839 ], [ -67.0794042, 45.1353788 ], [ -67.0793884, 45.1354491 ], [ -67.0793738, 45.1355184 ], [ -67.079349, 45.1355771 ], [ -67.079274, 45.1357034 ], [ -67.0792428, 45.1357576 ], [ -67.0791697, 45.1358164 ], [ -67.0790978, 45.1358753 ], [ -67.0788652, 45.135997 ], [ -67.0787501, 45.136057 ], [ -67.0786513, 45.1360962 ], [ -67.0785538, 45.1361345 ], [ -67.0784295, 45.1361531 ], [ -67.0783063, 45.1361718 ], [ -67.0781945, 45.136175 ], [ -67.0780839, 45.1361774 ], [ -67.077963, 45.1361645 ], [ -67.0777595, 45.1361566 ], [ -67.0776538, 45.1361346 ], [ -67.0775493, 45.1361126 ], [ -67.0774371, 45.1360727 ], [ -67.0773261, 45.1360328 ], [ -67.077179, 45.1359481 ], [ -67.0770768, 45.1358982 ], [ -67.0769746, 45.1358501 ], [ -67.076879, 45.1358281 ], [ -67.0767266, 45.135837 ], [ -67.0766568, 45.1358518 ], [ -67.0765361, 45.1358551 ], [ -67.0764153, 45.1358566 ], [ -67.0763925, 45.1358603 ], [ -67.0763265, 45.1358706 ], [ -67.0762122, 45.1358801 ], [ -67.0760978, 45.1358888 ], [ -67.0760024, 45.1358803 ], [ -67.075903, 45.1358583 ], [ -67.0758049, 45.1358372 ], [ -67.0757094, 45.1358143 ], [ -67.0756138, 45.1357923 ], [ -67.0755209, 45.1357838 ], [ -67.0754293, 45.1357762 ], [ -67.0753404, 45.1357829 ], [ -67.0752515, 45.1357906 ], [ -67.0751628, 45.1358261 ], [ -67.0750742, 45.1358634 ], [ -67.0749758, 45.1359314 ], [ -67.0748786, 45.1359985 ], [ -67.0747901, 45.1360538 ], [ -67.0747329, 45.1360541 ], [ -67.0746629, 45.1360446 ], [ -67.074612, 45.1360359 ], [ -67.0745675, 45.1360406 ], [ -67.0745043, 45.1360724 ], [ -67.0744792, 45.1361085 ], [ -67.0744101, 45.1361809 ], [ -67.0743467, 45.1361992 ], [ -67.0741318, 45.1363172 ], [ -67.0740811, 45.136331 ], [ -67.0739538, 45.1363226 ], [ -67.0737179, 45.1362474 ], [ -67.0736542, 45.1362342 ], [ -67.0735394, 45.1361943 ], [ -67.0735266, 45.1361853 ], [ -67.0735139, 45.1361854 ], [ -67.073457, 45.1362217 ], [ -67.0734, 45.1362355 ], [ -67.0733046, 45.1362315 ], [ -67.0732976, 45.1361685 ], [ -67.0733037, 45.1361415 ], [ -67.0732906, 45.1361056 ], [ -67.0732778, 45.1361011 ], [ -67.0731828, 45.1361286 ], [ -67.0731448, 45.1361468 ], [ -67.0730882, 45.1362011 ], [ -67.0730887, 45.1362506 ], [ -67.0731276, 45.1363313 ], [ -67.0731605, 45.1364346 ], [ -67.0731547, 45.1364977 ], [ -67.0731492, 45.1365832 ], [ -67.0731626, 45.1366506 ], [ -67.0732142, 45.1367205 ], [ -67.0732658, 45.1367895 ], [ -67.0732854, 45.1368434 ], [ -67.0731974, 45.1369473 ], [ -67.0731851, 45.1369834 ], [ -67.0731351, 45.1370736 ], [ -67.0731163, 45.1370962 ], [ -67.0731168, 45.1371457 ], [ -67.0731552, 45.1371725 ], [ -67.0732954, 45.1372078 ], [ -67.0733593, 45.1372389 ], [ -67.0733976, 45.1372567 ], [ -67.073493, 45.1372607 ], [ -67.0735249, 45.1372696 ], [ -67.0735376, 45.1372754 ], [ -67.0739972, 45.1374665 ], [ -67.0740812, 45.1374692 ], [ -67.0741807, 45.1375029 ], [ -67.0742789, 45.1375357 ], [ -67.0744003, 45.1375935 ], [ -67.0744388, 45.1376383 ], [ -67.0744393, 45.1376833 ], [ -67.074491, 45.137764 ], [ -67.0745294, 45.1377953 ], [ -67.0746828, 45.137871 ], [ -67.0748039, 45.1379064 ], [ -67.0749252, 45.1379553 ], [ -67.0750119, 45.13798 ], [ -67.0750973, 45.1380039 ], [ -67.0751869, 45.1380664 ], [ -67.0752513, 45.1381516 ], [ -67.0753407, 45.1381871 ], [ -67.0754429, 45.1382361 ], [ -67.0755004, 45.1382673 ], [ -67.0755292, 45.1382901 ], [ -67.0877381, 45.1564417 ], [ -67.088552, 45.1576582 ], [ -67.0932233, 45.1645948 ], [ -67.0928804, 45.1646416 ], [ -67.0926009, 45.164679 ], [ -67.0829819, 45.1661858 ], [ -67.0822644, 45.1662984 ], [ -67.0819975, 45.1663178 ], [ -67.0726392, 45.1678683 ], [ -67.073689, 45.1710481 ], [ -67.0736892, 45.1710661 ], [ -67.0744636, 45.1734106 ], [ -67.0755798, 45.1768425 ], [ -67.0766566, 45.1801392 ], [ -67.0777863, 45.1836156 ], [ -67.0795075, 45.1889249 ], [ -67.0796389, 45.1893291 ], [ -67.0809397, 45.1933174 ], [ -67.0813996, 45.1947319 ], [ -67.0815182, 45.1950968 ], [ -67.0817545, 45.1958236 ], [ -67.079646, 45.1962124 ], [ -67.0806976, 45.1995361 ], [ -67.0807239, 45.199617 ], [ -67.0809875, 45.2004434 ], [ -67.082239, 45.2014735 ], [ -67.0827662, 45.201379 ], [ -67.0827912, 45.2013879 ], [ -67.082855, 45.2014114 ], [ -67.0829196, 45.2014349 ], [ -67.0829828, 45.2014589 ], [ -67.0830339, 45.2014766 ], [ -67.0830468, 45.2014945 ], [ -67.0830472, 45.2015305 ], [ -67.0830602, 45.2015575 ], [ -67.0830606, 45.2015934 ], [ -67.0830616, 45.2016294 ], [ -67.0830739, 45.2016564 ], [ -67.0830998, 45.2017012 ], [ -67.0831257, 45.2017371 ], [ -67.0831649, 45.2017729 ], [ -67.0832028, 45.2018087 ], [ -67.0833051, 45.2018621 ], [ -67.0833307, 45.201871 ], [ -67.0834496, 45.2019244 ], [ -67.0835097, 45.201951 ], [ -67.0835352, 45.2019599 ], [ -67.0836121, 45.2020045 ], [ -67.0836504, 45.2020223 ], [ -67.0837145, 45.202067 ], [ -67.0837529, 45.2020848 ], [ -67.0838683, 45.2021651 ], [ -67.0839458, 45.2022727 ], [ -67.0839208, 45.2023178 ], [ -67.0838831, 45.202372 ], [ -67.0838073, 45.2024264 ], [ -67.0837946, 45.2024265 ], [ -67.0836937, 45.2025169 ], [ -67.0836185, 45.2026253 ], [ -67.083594, 45.2026614 ], [ -67.0835683, 45.2026976 ], [ -67.0835686, 45.2027245 ], [ -67.0835633, 45.2027696 ], [ -67.0835574, 45.2028146 ], [ -67.0835669, 45.2028663 ], [ -67.0835971, 45.2030213 ], [ -67.0836361, 45.2030931 ], [ -67.0836879, 45.2031828 ], [ -67.0837304, 45.2032334 ], [ -67.0837736, 45.203284 ], [ -67.0838167, 45.2033351 ], [ -67.0839337, 45.2035684 ], [ -67.0839596, 45.2036133 ], [ -67.0839727, 45.2036492 ], [ -67.0840629, 45.2037567 ], [ -67.0841015, 45.2037925 ], [ -67.0841144, 45.2038105 ], [ -67.0841399, 45.2038193 ], [ -67.0841146, 45.2038284 ], [ -67.0841405, 45.2038733 ], [ -67.0841663, 45.2039092 ], [ -67.0841666, 45.2039362 ], [ -67.0841799, 45.2039901 ], [ -67.0842191, 45.2040888 ], [ -67.0842202, 45.2041968 ], [ -67.0842331, 45.2042147 ], [ -67.0842334, 45.2042417 ], [ -67.084221, 45.2042688 ], [ -67.084083, 45.2044675 ], [ -67.0840839, 45.2045484 ], [ -67.0840714, 45.2045755 ], [ -67.0840726, 45.2046925 ], [ -67.0840859, 45.2047464 ], [ -67.0841505, 45.204836 ], [ -67.0841766, 45.2048989 ], [ -67.0842031, 45.2050067 ], [ -67.0842166, 45.2050786 ], [ -67.0842559, 45.2051864 ], [ -67.0842818, 45.2052312 ], [ -67.0842824, 45.2052852 ], [ -67.0842959, 45.2053571 ], [ -67.0842835, 45.2053932 ], [ -67.084271, 45.2054112 ], [ -67.0841589, 45.2056548 ], [ -67.0841213, 45.2057089 ], [ -67.0840707, 45.2057362 ], [ -67.0840203, 45.2057905 ], [ -67.0839953, 45.2058266 ], [ -67.0839831, 45.2058806 ], [ -67.0839711, 45.2059527 ], [ -67.0839463, 45.2060158 ], [ -67.0839467, 45.2060518 ], [ -67.0839343, 45.2060878 ], [ -67.083964, 45.2061295 ], [ -67.0839944, 45.2061712 ], [ -67.0840247, 45.2062133 ], [ -67.0842167, 45.2063203 ], [ -67.0842807, 45.206347 ], [ -67.0844084, 45.2063913 ], [ -67.0845113, 45.2064924 ], [ -67.0845627, 45.2065435 ], [ -67.0845758, 45.2065794 ], [ -67.0846018, 45.2066332 ], [ -67.0846149, 45.2066692 ], [ -67.084693, 45.2068307 ], [ -67.0847322, 45.2069295 ], [ -67.0850371, 45.2068739 ], [ -67.0863666, 45.211105 ], [ -67.0864059, 45.2112127 ], [ -67.087367, 45.214276 ], [ -67.0874328, 45.2144826 ], [ -67.0876617, 45.2144544 ], [ -67.094563, 45.2133926 ], [ -67.0947282, 45.2133647 ], [ -67.0958102, 45.2169851 ], [ -67.0956209, 45.2172641 ], [ -67.0951093, 45.2180033 ], [ -67.091231, 45.2224972 ], [ -67.0877705, 45.2212292 ], [ -67.085838, 45.224011 ], [ -67.0852108, 45.224914 ], [ -67.0828274, 45.228377 ], [ -67.0811463, 45.2308195 ], [ -67.0806059, 45.2315942 ], [ -67.0841717, 45.2327745 ], [ -67.0866897, 45.2336702 ], [ -67.0832417, 45.2386431 ], [ -67.0826108, 45.2394593 ], [ -67.0819323, 45.2404161 ], [ -67.0813046, 45.2413011 ], [ -67.0797982, 45.2434328 ], [ -67.077601, 45.2465303 ], [ -67.0741363, 45.2515147 ], [ -67.0859491, 45.2555268 ], [ -67.0904742, 45.2570636 ], [ -67.0883643, 45.2599809 ], [ -67.0919157, 45.261254 ], [ -67.0830808, 45.267364 ], [ -67.0823932, 45.2678399 ], [ -67.0814444, 45.2685016 ], [ -67.0801416, 45.2694351 ], [ -67.079167, 45.2700789 ], [ -67.0791038, 45.2701242 ], [ -67.077345, 45.2713389 ], [ -67.073068, 45.274303 ], [ -67.0707522, 45.2759073 ], [ -67.0824925, 45.2860689 ], [ -67.0885898, 45.2913878 ], [ -67.0895675, 45.2922407 ], [ -67.0941699, 45.2891398 ], [ -67.0984908, 45.2862283 ], [ -67.0988198, 45.2860016 ], [ -67.1046673, 45.2820504 ], [ -67.1109037, 45.2778209 ], [ -67.1117007, 45.2772767 ], [ -67.1121688, 45.2769543 ], [ -67.1122567, 45.2768935 ], [ -67.1132355, 45.2777813 ], [ -67.1169429, 45.2811533 ], [ -67.1173845, 45.2824112 ], [ -67.1326715, 45.2721135 ], [ -67.1317286, 45.2717875 ], [ -67.1423838, 45.2699982 ], [ -67.1453725, 45.2694863 ], [ -67.1532331, 45.2682539 ], [ -67.1521581, 45.2656507 ], [ -67.1516204, 45.2643307 ], [ -67.1512927, 45.2635408 ], [ -67.1502964, 45.2611171 ], [ -67.1498369, 45.259932 ], [ -67.1497321, 45.2596897 ], [ -67.1490871, 45.2582223 ], [ -67.1489199, 45.257915 ], [ -67.1455524, 45.2516802 ], [ -67.1448221, 45.2508265 ], [ -67.1444076, 45.2497416 ], [ -67.1443206, 45.2495788 ], [ -67.1443165, 45.2495712 ], [ -67.1436646, 45.2482612 ], [ -67.1427784, 45.2465027 ], [ -67.1427, 45.2463322 ], [ -67.1422831, 45.2455157 ], [ -67.1435417, 45.2453016 ], [ -67.1487159, 45.2444532 ], [ -67.1512592, 45.2440454 ], [ -67.1518753, 45.2439318 ], [ -67.1542632, 45.2434917 ], [ -67.1619859, 45.2420683 ], [ -67.1621448, 45.2420404 ], [ -67.1621121, 45.2419731 ], [ -67.1618477, 45.2413801 ] ] ] } },
{ "type": "Feature", "properties": { "name": "Saint David Parish", "osm_type": "relation", "id": 9680765, "boundary": "administrative", "County": "Charlotte", "State": "New Brunswick", "long_name": "new_brunswick_charlotte_county_saint_david_parish", "wikipedia": null, "name:en": "Saint David Parish" }, "geometry": { "type": "Polygon", "coordinates": [ [ [ -67.2738137, 45.2797631 ], [ -67.2738203, 45.2797642 ], [ -67.2738349, 45.2797628 ], [ -67.273886, 45.2797714 ], [ -67.2740528, 45.2798513 ], [ -67.2741429, 45.2799137 ], [ -67.2741687, 45.2799405 ], [ -67.2742597, 45.2800658 ], [ -67.2742983, 45.2800925 ], [ -67.2743366, 45.2801013 ], [ -67.2744385, 45.2800916 ], [ -67.2745148, 45.2800821 ], [ -67.2745384, 45.2800833 ], [ -67.2747929, 45.2800545 ], [ -67.2748202, 45.280044 ], [ -67.274871, 45.2800346 ], [ -67.2749473, 45.2800251 ], [ -67.2749857, 45.2800338 ], [ -67.2750369, 45.2800515 ], [ -67.275048, 45.2800708 ], [ -67.2750623, 45.2800423 ], [ -67.2750748, 45.2800242 ], [ -67.2750997, 45.2799791 ], [ -67.2751107, 45.279853 ], [ -67.2751103, 45.279826 ], [ -67.2752236, 45.2797263 ], [ -67.2752741, 45.2796899 ], [ -67.2753368, 45.2796175 ], [ -67.2753998, 45.2795631 ], [ -67.2754623, 45.2794727 ], [ -67.275474, 45.2794006 ], [ -67.2754651, 45.2792118 ], [ -67.2754615, 45.2791353 ], [ -67.2754566, 45.2790588 ], [ -67.2754561, 45.2790229 ], [ -67.2754165, 45.2789242 ], [ -67.2754035, 45.2789062 ], [ -67.2753903, 45.2788703 ], [ -67.2754128, 45.2786542 ], [ -67.2754179, 45.2780963 ], [ -67.2754143, 45.2778354 ], [ -67.2754369, 45.2776283 ], [ -67.2754222, 45.2774845 ], [ -67.2754218, 45.2774575 ], [ -67.2753698, 45.2773858 ], [ -67.275344, 45.277359 ], [ -67.275241, 45.2772877 ], [ -67.2752154, 45.2772789 ], [ -67.2750624, 45.277271 ], [ -67.2749987, 45.2772714 ], [ -67.2749731, 45.2772626 ], [ -67.274934, 45.2771999 ], [ -67.2748944, 45.2771012 ], [ -67.2748903, 45.2768043 ], [ -67.2748759, 45.2767787 ], [ -67.2748753, 45.2767324 ], [ -67.2748232, 45.2766518 ], [ -67.2748101, 45.2766262 ], [ -67.2748082, 45.2764899 ], [ -67.2747951, 45.276463 ], [ -67.2747938, 45.276364 ], [ -67.2748061, 45.2763369 ], [ -67.2748058, 45.27631 ], [ -67.2748681, 45.2762106 ], [ -67.2748929, 45.2761564 ], [ -67.2748914, 45.2760484 ], [ -67.2748784, 45.2760305 ], [ -67.2748525, 45.2760037 ], [ -67.2746985, 45.2759238 ], [ -67.2746214, 45.2758793 ], [ -67.2745695, 45.2758077 ], [ -67.2745671, 45.2756368 ], [ -67.274554, 45.2756098 ], [ -67.2745531, 45.2755469 ], [ -67.2744882, 45.2754573 ], [ -67.2744368, 45.2754307 ], [ -67.2743981, 45.275395 ], [ -67.2743719, 45.2753412 ], [ -67.2743589, 45.2753233 ], [ -67.274333, 45.2752964 ], [ -67.2741915, 45.2751984 ], [ -67.2741137, 45.2751 ], [ -67.2740618, 45.2750374 ], [ -67.2740491, 45.2750388 ], [ -67.274035, 45.2749395 ], [ -67.2740313, 45.2746696 ], [ -67.274082, 45.2746512 ], [ -67.2741838, 45.2746415 ], [ -67.2743876, 45.2746311 ], [ -67.274413, 45.2746219 ], [ -67.2745273, 45.2745942 ], [ -67.274629, 45.2745755 ], [ -67.2746796, 45.2745486 ], [ -67.2741622, 45.2739938 ], [ -67.2688664, 45.2684684 ], [ -67.2677663, 45.2673203 ], [ -67.267524, 45.2670671 ], [ -67.2658514, 45.2653225 ], [ -67.2637183, 45.2630515 ], [ -67.2633303, 45.2626312 ], [ -67.263188, 45.2624702 ], [ -67.2616436, 45.2608859 ], [ -67.2585376, 45.2500759 ], [ -67.2577941, 45.2476076 ], [ -67.257553, 45.2468077 ], [ -67.2574513, 45.2464947 ], [ -67.2546355, 45.2378199 ], [ -67.2534538, 45.2341131 ], [ -67.253414, 45.2339928 ], [ -67.2533767, 45.2338733 ], [ -67.2533382, 45.233753 ], [ -67.2533022, 45.2336327 ], [ -67.2532662, 45.2335115 ], [ -67.2531968, 45.2332708 ], [ -67.2531633, 45.2331495 ], [ -67.2531311, 45.2330256 ], [ -67.2530989, 45.2329025 ], [ -67.253068, 45.2327785 ], [ -67.2530357, 45.2326546 ], [ -67.2530048, 45.2325315 ], [ -67.2529751, 45.2324076 ], [ -67.2529442, 45.2322831 ], [ -67.2529307, 45.2322247 ], [ -67.2528719, 45.2320213 ], [ -67.252515, 45.2307555 ], [ -67.2519844, 45.2288694 ], [ -67.2519523, 45.2287572 ], [ -67.2516783, 45.2277823 ], [ -67.2510648, 45.2256035 ], [ -67.2505508, 45.2238168 ], [ -67.2497807, 45.2211927 ], [ -67.249716, 45.2209727 ], [ -67.249234, 45.2193915 ], [ -67.2479417, 45.2148766 ], [ -67.2478638, 45.2146088 ], [ -67.2476018, 45.2137802 ], [ -67.2472523, 45.2125499 ], [ -67.2472043, 45.212391 ], [ -67.2470872, 45.2120049 ], [ -67.2464987, 45.2100508 ], [ -67.2464987, 45.2100499 ], [ -67.2464094, 45.2097518 ], [ -67.2464094, 45.2097509 ], [ -67.2461096, 45.2087343 ], [ -67.2461069, 45.2087244 ], [ -67.2456521, 45.207205 ], [ -67.2456482, 45.2071915 ], [ -67.2454205, 45.2064336 ], [ -67.2454191, 45.2064291 ], [ -67.2447397, 45.2045699 ], [ -67.2447386, 45.2045696 ], [ -67.244089, 45.2022777 ], [ -67.24369, 45.200845 ], [ -67.2434052, 45.2001245 ], [ -67.2421757, 45.1966338 ], [ -67.2421744, 45.1966329 ], [ -67.2391339, 45.1950571 ], [ -67.2391249, 45.1950527 ], [ -67.2381939, 45.1945585 ], [ -67.2381888, 45.1945558 ], [ -67.2348113, 45.1927918 ], [ -67.223457, 45.1868217 ], [ -67.2217433, 45.1868398 ], [ -67.2198288, 45.1868745 ], [ -67.2085853, 45.1869383 ], [ -67.2043427, 45.1869978 ], [ -67.2039752, 45.186987 ], [ -67.1965012, 45.1870546 ], [ -67.1576578, 45.1772479 ], [ -67.1462056, 45.1744224 ], [ -67.1456385, 45.1756139 ], [ -67.1455194, 45.1758658 ], [ -67.1420862, 45.1937724 ], [ -67.1458626, 45.2031166 ], [ -67.1459982, 45.2042792 ], [ -67.1467729, 45.2108898 ], [ -67.1482616, 45.2110299 ], [ -67.1488354, 45.2110882 ], [ -67.1493934, 45.2122173 ], [ -67.1495806, 45.212596 ], [ -67.1538582, 45.222635 ], [ -67.1560334, 45.2277391 ], [ -67.1561624, 45.2280418 ], [ -67.1618477, 45.2413801 ], [ -67.1621121, 45.2419731 ], [ -67.1621448, 45.2420404 ], [ -67.1619859, 45.2420683 ], [ -67.1542632, 45.2434917 ], [ -67.1518753, 45.2439318 ], [ -67.1512592, 45.2440454 ], [ -67.1487159, 45.2444532 ], [ -67.1435417, 45.2453016 ], [ -67.1422831, 45.2455157 ], [ -67.1427, 45.2463322 ], [ -67.1427784, 45.2465027 ], [ -67.1436646, 45.2482612 ], [ -67.1443165, 45.2495712 ], [ -67.1443206, 45.2495788 ], [ -67.1444076, 45.2497416 ], [ -67.1448221, 45.2508265 ], [ -67.1455524, 45.2516802 ], [ -67.1489199, 45.257915 ], [ -67.1490871, 45.2582223 ], [ -67.1497321, 45.2596897 ], [ -67.1498369, 45.259932 ], [ -67.1502964, 45.2611171 ], [ -67.1512927, 45.2635408 ], [ -67.1516204, 45.2643307 ], [ -67.1521581, 45.2656507 ], [ -67.1532331, 45.2682539 ], [ -67.1453725, 45.2694863 ], [ -67.1423838, 45.2699982 ], [ -67.1317286, 45.2717875 ], [ -67.1326715, 45.2721135 ], [ -67.1173845, 45.2824112 ], [ -67.1193705, 45.2885996 ], [ -67.1194234, 45.2887793 ], [ -67.11943, 45.2887981 ], [ -67.1208249, 45.2926924 ], [ -67.1211725, 45.2936465 ], [ -67.1212254, 45.2938262 ], [ -67.1217255, 45.2953661 ], [ -67.1244584, 45.3037779 ], [ -67.1245114, 45.3039576 ], [ -67.1245142, 45.3039663 ], [ -67.1293529, 45.3188014 ], [ -67.12933, 45.3188051 ], [ -67.1293963, 45.318973 ], [ -67.1299293, 45.32056 ], [ -67.1309633, 45.3237106 ], [ -67.1312222, 45.3245001 ], [ -67.1320502, 45.3270225 ], [ -67.1325942, 45.3286895 ], [ -67.1329035, 45.3296244 ], [ -67.1341882, 45.333538 ], [ -67.1342007, 45.3335762 ], [ -67.134202, 45.3335798 ], [ -67.1342509, 45.3337257 ], [ -67.1346369, 45.33481 ], [ -67.1346371, 45.334828 ], [ -67.1353517, 45.3371004 ], [ -67.1353645, 45.3371634 ], [ -67.1361435, 45.3394894 ], [ -67.1363025, 45.3400104 ], [ -67.1379299, 45.3451304 ], [ -67.1388422, 45.3479694 ], [ -67.1390141, 45.3484715 ], [ -67.1393317, 45.3494684 ], [ -67.1394903, 45.3499444 ], [ -67.1396489, 45.3504294 ], [ -67.139662, 45.3504563 ], [ -67.1407213, 45.3538335 ], [ -67.1417936, 45.3572106 ], [ -67.1435677, 45.3632541 ], [ -67.1444232, 45.3661665 ], [ -67.1452329, 45.3689247 ], [ -67.1475263, 45.3764175 ], [ -67.1475329, 45.3764395 ], [ -67.1488037, 45.3805717 ], [ -67.1495533, 45.3830076 ], [ -67.149871, 45.3840405 ], [ -67.1498789, 45.3840639 ], [ -67.1519065, 45.3906562 ], [ -67.1519117, 45.3906719 ], [ -67.1529728, 45.3941205 ], [ -67.1559863, 45.3935929 ], [ -67.1661728, 45.3918085 ], [ -67.1669626, 45.3916713 ], [ -67.2121168, 45.3838241 ], [ -67.218845, 45.3826547 ], [ -67.2315924, 45.3804126 ], [ -67.2330745, 45.3801519 ], [ -67.2325507, 45.3785591 ], [ -67.2325374, 45.3785196 ], [ -67.2319485, 45.3767306 ], [ -67.2319406, 45.3767064 ], [ -67.2317451, 45.3761115 ], [ -67.2316917, 45.3759319 ], [ -67.2314242, 45.3749978 ], [ -67.2311822, 45.3742553 ], [ -67.2309356, 45.3734988 ], [ -67.2307933, 45.3730597 ], [ -67.229548, 45.3692257 ], [ -67.2285131, 45.3660548 ], [ -67.2318217, 45.3654688 ], [ -67.2488246, 45.3624588 ], [ -67.2442425, 45.3479575 ], [ -67.2632716, 45.3446619 ], [ -67.2640136, 45.3445334 ], [ -67.2637754, 45.3439047 ], [ -67.2632531, 45.3425453 ], [ -67.2631273, 45.3422179 ], [ -67.262267, 45.3399382 ], [ -67.2608522, 45.3362226 ], [ -67.2596496, 45.3330905 ], [ -67.2597892, 45.3330355 ], [ -67.2598526, 45.3330081 ], [ -67.259878, 45.332999 ], [ -67.2601389, 45.3324843 ], [ -67.2601641, 45.3324572 ], [ -67.2601637, 45.3324302 ], [ -67.2602224, 45.3323335 ], [ -67.2602511, 45.3322856 ], [ -67.2603266, 45.3322131 ], [ -67.2604024, 45.3321586 ], [ -67.260504, 45.332122 ], [ -67.2608102, 45.3321289 ], [ -67.2608485, 45.3321286 ], [ -67.2609756, 45.3320918 ], [ -67.2610764, 45.3320011 ], [ -67.2611647, 45.3319286 ], [ -67.2615943, 45.3316197 ], [ -67.2616957, 45.3315741 ], [ -67.2618988, 45.3315007 ], [ -67.261937, 45.3314915 ], [ -67.2619881, 45.3315001 ], [ -67.2621157, 45.3314992 ], [ -67.2621796, 45.3315141 ], [ -67.2623076, 45.3315429 ], [ -67.2623205, 45.3315519 ], [ -67.2623204, 45.3315429 ], [ -67.2623707, 45.3314885 ], [ -67.262396, 45.3314794 ], [ -67.2627915, 45.3314767 ], [ -67.2628508, 45.331479 ], [ -67.2629102, 45.3314817 ], [ -67.2629702, 45.3314845 ], [ -67.263085, 45.3314837 ], [ -67.2631234, 45.3314924 ], [ -67.2631745, 45.3315011 ], [ -67.2632771, 45.3315454 ], [ -67.2634056, 45.3316075 ], [ -67.263521, 45.3316517 ], [ -67.2635979, 45.3316782 ], [ -67.2637172, 45.3317314 ], [ -67.2637775, 45.331758 ], [ -67.2638288, 45.3317756 ], [ -67.2638671, 45.3317754 ], [ -67.2639431, 45.3317389 ], [ -67.2639937, 45.3317025 ], [ -67.2640692, 45.33163 ], [ -67.2641064, 45.3315488 ], [ -67.2641224, 45.3315073 ], [ -67.2641557, 45.3314225 ], [ -67.2641744, 45.3313909 ], [ -67.2641931, 45.3313597 ], [ -67.2641925, 45.3313143 ], [ -67.2641792, 45.3312784 ], [ -67.2641532, 45.3312403 ], [ -67.2641272, 45.3312009 ], [ -67.2641011, 45.3311619 ], [ -67.2641006, 45.3311259 ], [ -67.2640743, 45.3310631 ], [ -67.2640737, 45.3310186 ], [ -67.2640349, 45.3309824 ], [ -67.2639962, 45.3309467 ], [ -67.2638935, 45.3309024 ], [ -67.2638549, 45.3308761 ], [ -67.2638161, 45.3308399 ], [ -67.2637905, 45.3308311 ], [ -67.2637262, 45.3307915 ], [ -67.2636618, 45.330751 ], [ -67.2636359, 45.3307242 ], [ -67.2636014, 45.3306677 ], [ -67.2635316, 45.3305539 ], [ -67.2635017, 45.3305123 ], [ -67.2634711, 45.3304711 ], [ -67.2634406, 45.330429 ], [ -67.2634016, 45.3303748 ], [ -67.2633626, 45.3303211 ], [ -67.2633242, 45.3302674 ], [ -67.2633112, 45.3302495 ], [ -67.2632845, 45.3302096 ], [ -67.2632585, 45.3301693 ], [ -67.2632455, 45.3301514 ], [ -67.2632329, 45.3301155 ], [ -67.263206, 45.3300612 ], [ -67.2631804, 45.3300074 ], [ -67.2631798, 45.3299624 ], [ -67.2631667, 45.3299355 ], [ -67.2631656, 45.329855 ], [ -67.2631394, 45.3298102 ], [ -67.2631134, 45.3297739 ], [ -67.2630874, 45.3297381 ], [ -67.2630357, 45.3296894 ], [ -67.2629841, 45.3296398 ], [ -67.2629199, 45.3296137 ], [ -67.2628816, 45.3296135 ], [ -67.2628433, 45.3296048 ], [ -67.2627757, 45.3296057 ], [ -67.2627074, 45.3296057 ], [ -67.2626392, 45.3296066 ], [ -67.2626008, 45.3295974 ], [ -67.2625211, 45.3295984 ], [ -67.2624413, 45.3295985 ], [ -67.2623616, 45.3295995 ], [ -67.2622819, 45.3295996 ], [ -67.2622308, 45.3295954 ], [ -67.2621798, 45.3295917 ], [ -67.2621159, 45.3295872 ], [ -67.2620521, 45.3295831 ], [ -67.2620008, 45.3295655 ], [ -67.2619237, 45.329521 ], [ -67.2618077, 45.3294318 ], [ -67.2617818, 45.329405 ], [ -67.2617429, 45.3293607 ], [ -67.261704, 45.329316 ], [ -67.2616779, 45.329268 ], [ -67.2616517, 45.3292205 ], [ -67.2616256, 45.3291721 ], [ -67.2616121, 45.3291182 ], [ -67.2615989, 45.3290913 ], [ -67.2615855, 45.3290374 ], [ -67.2615785, 45.3289929 ], [ -67.2615715, 45.3289475 ], [ -67.261553, 45.3288977 ], [ -67.2615344, 45.328847 ], [ -67.2615159, 45.3287967 ], [ -67.2614973, 45.3287469 ], [ -67.2614788, 45.3286962 ], [ -67.2614658, 45.3286783 ], [ -67.2614527, 45.3286518 ], [ -67.2614003, 45.3285532 ], [ -67.261355, 45.3284995 ], [ -67.2613096, 45.3284454 ], [ -67.2612964, 45.3284144 ], [ -67.2612832, 45.328383 ], [ -67.26127, 45.3283471 ], [ -67.2612179, 45.3282665 ], [ -67.2612089, 45.3282184 ], [ -67.2612, 45.3281708 ], [ -67.2611904, 45.3281227 ], [ -67.2611637, 45.3280329 ], [ -67.2611113, 45.3279343 ], [ -67.2610918, 45.3279029 ], [ -67.2610722, 45.3278711 ], [ -67.261055, 45.3278267 ], [ -67.2610372, 45.3277818 ], [ -67.2610194, 45.3277365 ], [ -67.2610064, 45.3277191 ], [ -67.2609929, 45.3276652 ], [ -67.2609885, 45.3276234 ], [ -67.2609835, 45.3275815 ], [ -67.2609784, 45.3275393 ], [ -67.2609652, 45.3275034 ], [ -67.2609608, 45.3274611 ], [ -67.2609558, 45.3274198 ], [ -67.2609507, 45.3273775 ], [ -67.2609376, 45.3273506 ], [ -67.2609342, 45.3270987 ], [ -67.2609418, 45.327051 ], [ -67.2609495, 45.3270028 ], [ -67.2609578, 45.3269546 ], [ -67.2609823, 45.3268824 ], [ -67.2609948, 45.3268643 ], [ -67.2610816, 45.3266838 ], [ -67.2611194, 45.3266476 ], [ -67.2611822, 45.3265751 ], [ -67.2612248, 45.3265197 ], [ -67.2612449, 45.3264937 ], [ -67.2612574, 45.3264757 ], [ -67.2612947, 45.3264034 ], [ -67.2613072, 45.3263853 ], [ -67.2613824, 45.3262859 ], [ -67.2614071, 45.3262227 ], [ -67.2614193, 45.3261866 ], [ -67.2614565, 45.3261054 ], [ -67.2615572, 45.3260058 ], [ -67.2616709, 45.325924 ], [ -67.261696, 45.3258968 ], [ -67.2618476, 45.3257878 ], [ -67.261886, 45.3257516 ], [ -67.2619238, 45.3257154 ], [ -67.2620154, 45.3256068 ], [ -67.2620619, 45.3255525 ], [ -67.2620992, 45.3254802 ], [ -67.2621117, 45.3254621 ], [ -67.2621526, 45.3253719 ], [ -67.2621736, 45.3253268 ], [ -67.2622491, 45.3252453 ], [ -67.2624007, 45.3251363 ], [ -67.2625398, 45.3250544 ], [ -67.2626668, 45.3250085 ], [ -67.2626794, 45.3249994 ], [ -67.2627303, 45.3249901 ], [ -67.2627811, 45.3249717 ], [ -67.2628695, 45.3249082 ], [ -67.2629073, 45.3248719 ], [ -67.2629576, 45.3248176 ], [ -67.2630334, 45.3247631 ], [ -67.2630711, 45.3247268 ], [ -67.2631212, 45.3246545 ], [ -67.2631207, 45.3246185 ], [ -67.2631322, 45.3245285 ], [ -67.263157, 45.3244743 ], [ -67.2631949, 45.3244471 ], [ -67.2632578, 45.3243837 ], [ -67.2633459, 45.3242931 ], [ -67.2635101, 45.324175 ], [ -67.263852, 45.3239927 ], [ -67.2638774, 45.3239836 ], [ -67.263928, 45.3239562 ], [ -67.2643865, 45.3239082 ], [ -67.2644247, 45.3238989 ], [ -67.2644755, 45.3238806 ], [ -67.2646026, 45.3238527 ], [ -67.2647684, 45.3238516 ], [ -67.2648703, 45.3238419 ], [ -67.2651498, 45.323759 ], [ -67.2656472, 45.3237557 ], [ -67.2656854, 45.3237464 ], [ -67.2658248, 45.3236825 ], [ -67.2659517, 45.3236366 ], [ -67.2660155, 45.3236362 ], [ -67.2660918, 45.3236177 ], [ -67.2661683, 45.3236172 ], [ -67.2662067, 45.3236259 ], [ -67.2663351, 45.323688 ], [ -67.2664888, 45.323741 ], [ -67.2665655, 45.3237494 ], [ -67.2666931, 45.3237576 ], [ -67.2667315, 45.3237663 ], [ -67.2668597, 45.3238104 ], [ -67.2669623, 45.3238547 ], [ -67.2670137, 45.3238814 ], [ -67.2670688, 45.3239017 ], [ -67.2671804, 45.3239432 ], [ -67.267308, 45.3239513 ], [ -67.2673464, 45.3239601 ], [ -67.2674612, 45.3239593 ], [ -67.2674996, 45.323968 ], [ -67.2675508, 45.3239857 ], [ -67.2676022, 45.3240123 ], [ -67.267692, 45.3240477 ], [ -67.2678459, 45.3241124 ], [ -67.2679229, 45.3241451 ], [ -67.2679998, 45.3241716 ], [ -67.2681024, 45.3242159 ], [ -67.2681281, 45.3242247 ], [ -67.2683976, 45.3243489 ], [ -67.2685586, 45.3244602 ], [ -67.2686384, 45.3245159 ], [ -67.2687189, 45.3245716 ], [ -67.2687454, 45.3245984 ], [ -67.2687584, 45.3246163 ], [ -67.2687965, 45.3246521 ], [ -67.2688228, 45.3247059 ], [ -67.2688363, 45.3247598 ], [ -67.268834, 45.3248732 ], [ -67.2688333, 45.3249186 ], [ -67.2688321, 45.3249641 ], [ -67.2688282, 45.3251017 ], [ -67.2688288, 45.3251467 ], [ -67.2688164, 45.3251738 ], [ -67.2688179, 45.3252818 ], [ -67.2688319, 45.3253717 ], [ -67.2688451, 45.3254076 ], [ -67.2688589, 45.3254795 ], [ -67.268872, 45.3255064 ], [ -67.2688731, 45.3255873 ], [ -67.2688861, 45.3256052 ], [ -67.2688993, 45.3256411 ], [ -67.2689263, 45.3257489 ], [ -67.2689659, 45.3258476 ], [ -67.2690307, 45.3259192 ], [ -67.2690693, 45.3259459 ], [ -67.2691078, 45.3259636 ], [ -67.2692109, 45.3260349 ], [ -67.2692365, 45.3260437 ], [ -67.2693897, 45.3260517 ], [ -67.269428, 45.3260604 ], [ -67.2696831, 45.3260587 ], [ -67.2698108, 45.3260668 ], [ -67.2698872, 45.3260573 ], [ -67.2699632, 45.3260208 ], [ -67.2700011, 45.3259936 ], [ -67.2702539, 45.3258209 ], [ -67.2702793, 45.3258117 ], [ -67.2703813, 45.325811 ], [ -67.2704194, 45.3258017 ], [ -67.270649, 45.3258002 ], [ -67.2707512, 45.3258085 ], [ -67.2709436, 45.3258882 ], [ -67.2709948, 45.3259058 ], [ -67.2710206, 45.3259236 ], [ -67.271175, 45.3260215 ], [ -67.2712395, 45.3260751 ], [ -67.2712914, 45.3261377 ], [ -67.2713693, 45.3262362 ], [ -67.2714089, 45.3263349 ], [ -67.2714106, 45.3264608 ], [ -67.2713982, 45.3264879 ], [ -67.2714019, 45.3267578 ], [ -67.2714413, 45.3268385 ], [ -67.2714674, 45.3268833 ], [ -67.2714809, 45.3269372 ], [ -67.2715074, 45.327009 ], [ -67.2715209, 45.3270629 ], [ -67.2715339, 45.3270808 ], [ -67.2715749, 45.3272785 ], [ -67.2716017, 45.3273683 ], [ -67.2716279, 45.3274221 ], [ -67.2716706, 45.3274668 ], [ -67.2717573, 45.3275562 ], [ -67.2718602, 45.3276185 ], [ -67.272001, 45.3276535 ], [ -67.2721662, 45.3276524 ], [ -67.2722383, 45.3276555 ], [ -67.2723098, 45.3276586 ], [ -67.2723806, 45.3276617 ], [ -67.2725235, 45.327668 ], [ -67.2725491, 45.3276678 ], [ -67.2726002, 45.3276764 ], [ -67.2726637, 45.327658 ], [ -67.2727144, 45.3276307 ], [ -67.272778, 45.3275762 ], [ -67.2728156, 45.327522 ], [ -67.2728146, 45.327495 ], [ -67.2728178, 45.32745 ], [ -67.2728197, 45.327405 ], [ -67.2728223, 45.32736 ], [ -67.2728255, 45.327315 ], [ -67.2728379, 45.3272879 ], [ -67.2728365, 45.3272339 ], [ -67.2728364, 45.3271799 ], [ -67.2728611, 45.3271258 ], [ -67.2729362, 45.3270173 ], [ -67.2729667, 45.3269631 ], [ -67.2729985, 45.3269089 ], [ -67.2730235, 45.3268727 ], [ -67.2730606, 45.3267915 ], [ -67.2730855, 45.3267463 ], [ -67.2731775, 45.326662 ], [ -67.2732241, 45.3266194 ], [ -67.2733124, 45.3265468 ], [ -67.2734132, 45.3264562 ], [ -67.2734257, 45.3264381 ], [ -67.273514, 45.3263655 ], [ -67.2735391, 45.3263383 ], [ -67.2736893, 45.3261303 ], [ -67.2737013, 45.3260763 ], [ -67.2737137, 45.3260451 ], [ -67.273726, 45.3260131 ], [ -67.2737255, 45.3259771 ], [ -67.2737348, 45.3257251 ], [ -67.2737218, 45.3257072 ], [ -67.2736959, 45.3256809 ], [ -67.2736573, 45.3256537 ], [ -67.2736316, 45.3256448 ], [ -67.2735168, 45.3256456 ], [ -67.2734912, 45.3256368 ], [ -67.273453, 45.3256371 ], [ -67.2733133, 45.325683 ], [ -67.27318, 45.3257289 ], [ -67.2730721, 45.3257656 ], [ -67.2730338, 45.3257659 ], [ -67.2728809, 45.325776 ], [ -67.2727277, 45.325768 ], [ -67.272651, 45.3257595 ], [ -67.2725358, 45.3257243 ], [ -67.2724202, 45.3256711 ], [ -67.2723048, 45.3256269 ], [ -67.2722277, 45.3255825 ], [ -67.2721888, 45.3255377 ], [ -67.2721109, 45.3254393 ], [ -67.2720584, 45.3253317 ], [ -67.2719933, 45.3252331 ], [ -67.2718773, 45.325144 ], [ -67.2717994, 45.3250455 ], [ -67.2717864, 45.3250276 ], [ -67.2717729, 45.3249737 ], [ -67.2717338, 45.324911 ], [ -67.2716693, 45.3248574 ], [ -67.2716046, 45.3247949 ], [ -67.2714501, 45.324688 ], [ -67.2714116, 45.3246702 ], [ -67.2713345, 45.3246258 ], [ -67.2712957, 45.3245901 ], [ -67.2712695, 45.3245363 ], [ -67.2712685, 45.3244643 ], [ -67.2712507, 45.3243744 ], [ -67.2712411, 45.3243295 ], [ -67.2712281, 45.3243116 ], [ -67.2712279, 45.3242936 ], [ -67.2711845, 45.3242039 ], [ -67.2711622, 45.3241591 ], [ -67.2711613, 45.3240871 ], [ -67.2711435, 45.3240035 ], [ -67.271134, 45.3239613 ], [ -67.2710908, 45.3238779 ], [ -67.2710685, 45.3238358 ], [ -67.2710424, 45.323791 ], [ -67.2710233, 45.3237461 ], [ -67.2710029, 45.3237013 ], [ -67.2709903, 45.3236654 ], [ -67.2709116, 45.3235039 ], [ -67.270808, 45.3233967 ], [ -67.2707693, 45.3233609 ], [ -67.2706533, 45.3232718 ], [ -67.2705252, 45.3232366 ], [ -67.270487, 45.3232369 ], [ -67.2703848, 45.3232286 ], [ -67.2702054, 45.3231668 ], [ -67.2701028, 45.3231225 ], [ -67.2700641, 45.3230958 ], [ -67.2700256, 45.3230781 ], [ -67.2698714, 45.3229891 ], [ -67.2697691, 45.3229718 ], [ -67.2696922, 45.3229454 ], [ -67.2695637, 45.3228743 ], [ -67.2694865, 45.3228298 ], [ -67.2693453, 45.3227588 ], [ -67.269294, 45.3227411 ], [ -67.2691656, 45.322679 ], [ -67.2690627, 45.3226167 ], [ -67.2690242, 45.322599 ], [ -67.2688961, 45.3225549 ], [ -67.2687048, 45.3225562 ], [ -67.2686281, 45.3225477 ], [ -67.2685005, 45.3225396 ], [ -67.2684365, 45.322522 ], [ -67.268257, 45.3224603 ], [ -67.2681544, 45.322416 ], [ -67.2681288, 45.3224071 ], [ -67.2680093, 45.3223423 ], [ -67.2679489, 45.3223094 ], [ -67.2678208, 45.3222743 ], [ -67.2677656, 45.3222476 ], [ -67.2676539, 45.3221944 ], [ -67.2675898, 45.3221679 ], [ -67.2675218, 45.3221355 ], [ -67.2674531, 45.3221031 ], [ -67.2674492, 45.3221018 ], [ -67.2674516, 45.3220865 ], [ -67.2674513, 45.3220676 ], [ -67.2674479, 45.3220482 ], [ -67.2674203, 45.3219931 ], [ -67.2674158, 45.321985 ], [ -67.2673761, 45.3219286 ], [ -67.2673592, 45.3219058 ], [ -67.2673066, 45.3217928 ], [ -67.267304, 45.3217883 ], [ -67.2672892, 45.3217317 ], [ -67.2672785, 45.3216922 ], [ -67.267213, 45.3215226 ], [ -67.2672025, 45.3214965 ], [ -67.2671433, 45.3212702 ], [ -67.2671312, 45.3212284 ], [ -67.2671228, 45.3211718 ], [ -67.26712, 45.3211565 ], [ -67.2670737, 45.3209868 ], [ -67.2670664, 45.3209648 ], [ -67.2670144, 45.3207951 ], [ -67.2669976, 45.3207385 ], [ -67.2669797, 45.3206819 ], [ -67.266971, 45.3206568 ], [ -67.2669569, 45.3206002 ], [ -67.266944, 45.3205436 ], [ -67.2669169, 45.3204304 ], [ -67.266915, 45.3204268 ], [ -67.2669101, 45.3203999 ], [ -67.2668313, 45.3202304 ], [ -67.2668175, 45.3202021 ], [ -67.2667766, 45.3201457 ], [ -67.2667545, 45.3201162 ], [ -67.2666919, 45.3200599 ], [ -67.2666667, 45.320038 ], [ -67.2666388, 45.3200054 ], [ -67.2666348, 45.3199896 ], [ -67.2665607, 45.3199335 ], [ -67.2665175, 45.3199009 ], [ -67.2664747, 45.3198445 ], [ -67.2664688, 45.3198369 ], [ -67.2664272, 45.3197805 ], [ -67.266413, 45.3197622 ], [ -67.2663566, 45.3196492 ], [ -67.2663069, 45.3196059 ], [ -67.2662259, 45.3195569 ], [ -67.2662008, 45.3195413 ], [ -67.266141, 45.3195053 ], [ -67.2660605, 45.3194946 ], [ -67.2659928, 45.3194852 ], [ -67.2658315, 45.3194467 ], [ -67.2658111, 45.319441 ], [ -67.2657306, 45.3194298 ], [ -67.2656826, 45.3194229 ], [ -67.2656189, 45.3194247 ], [ -67.2655559, 45.3194359 ], [ -67.2654761, 45.3194779 ], [ -67.2654476, 45.3194934 ], [ -67.2653678, 45.3195267 ], [ -67.2653601, 45.3195299 ], [ -67.2651999, 45.3195634 ], [ -67.2651967, 45.3195643 ], [ -67.2651164, 45.3195698 ], [ -67.2650884, 45.3195723 ], [ -67.2650079, 45.3195598 ], [ -67.2649593, 45.3195516 ], [ -67.2649273, 45.3195437 ], [ -67.2648867, 45.3195066 ], [ -67.2648674, 45.31945 ], [ -67.2648548, 45.319415 ], [ -67.2649129, 45.3193728 ], [ -67.2649929, 45.3193448 ], [ -67.2649973, 45.319343 ], [ -67.2650131, 45.3193357 ], [ -67.2650934, 45.3193257 ], [ -67.2651519, 45.3193177 ], [ -67.2652474, 45.3193058 ], [ -67.2653277, 45.3193034 ], [ -67.2653972, 45.3193011 ], [ -67.2654595, 45.3192832 ], [ -67.2655395, 45.3192588 ], [ -67.2655471, 45.319256 ], [ -67.2656171, 45.3192448 ], [ -67.2656435, 45.3192145 ], [ -67.2656418, 45.3191852 ], [ -67.2655979, 45.3191482 ], [ -67.2655174, 45.3191388 ], [ -67.2654663, 45.3191324 ], [ -67.2652251, 45.3191179 ], [ -67.2652034, 45.3191158 ], [ -67.2650425, 45.3191033 ], [ -67.2650265, 45.3191012 ], [ -67.2648659, 45.3191023 ], [ -67.2648193, 45.3191031 ], [ -67.2646587, 45.3191122 ], [ -67.2646505, 45.3191132 ], [ -67.2644902, 45.3191467 ], [ -67.264487, 45.3191476 ], [ -67.2644098, 45.3191859 ], [ -67.2643423, 45.319243 ], [ -67.2642881, 45.3192889 ], [ -67.2642681, 45.3193209 ], [ -67.2642594, 45.3193394 ], [ -67.264238, 45.319453 ], [ -67.2642308, 45.3194867 ], [ -67.2642375, 45.3196001 ], [ -67.2642406, 45.3196396 ], [ -67.2642547, 45.3196962 ], [ -67.2642574, 45.3197043 ], [ -67.2642639, 45.319761 ], [ -67.2642695, 45.319801 ], [ -67.2643134, 45.3199343 ], [ -67.2643263, 45.3199909 ], [ -67.2643277, 45.3199981 ], [ -67.2643456, 45.320047 ], [ -67.2643476, 45.3200546 ], [ -67.264349, 45.3200623 ], [ -67.2643484, 45.3200672 ], [ -67.2643477, 45.3200663 ], [ -67.2643345, 45.3200304 ], [ -67.2643215, 45.3200125 ], [ -67.2642308, 45.3199051 ], [ -67.2639985, 45.3197088 ], [ -67.2639597, 45.319664 ], [ -67.2639335, 45.3196165 ], [ -67.2638812, 45.3195206 ], [ -67.263829, 45.319431 ], [ -67.2637898, 45.3193683 ], [ -67.2636344, 45.3191893 ], [ -67.2635441, 45.319118 ], [ -67.2635185, 45.3191091 ], [ -67.263403, 45.3190559 ], [ -67.263326, 45.3190178 ], [ -67.2631719, 45.3189405 ], [ -67.2631206, 45.3189229 ], [ -67.263018, 45.3188786 ], [ -67.2629921, 45.3188518 ], [ -67.2629534, 45.318816 ], [ -67.2629404, 45.3187981 ], [ -67.2628506, 45.3187627 ], [ -67.2627992, 45.3187361 ], [ -67.2626838, 45.3186919 ], [ -67.2625557, 45.3186478 ], [ -67.2624402, 45.3185945 ], [ -67.2622866, 45.3185506 ], [ -67.2620953, 45.3185519 ], [ -67.2619934, 45.3185616 ], [ -67.2618535, 45.3185895 ], [ -67.2616622, 45.3185908 ], [ -67.261624, 45.3186 ], [ -67.2614455, 45.3186013 ], [ -67.2613942, 45.3185836 ], [ -67.2612919, 45.3185573 ], [ -67.2612026, 45.3185579 ], [ -67.2608453, 45.3185423 ], [ -67.2607556, 45.3185159 ], [ -67.2607044, 45.3184983 ], [ -67.260602, 45.318472 ], [ -67.2604096, 45.3183923 ], [ -67.2603074, 45.318375 ], [ -67.2602304, 45.3183395 ], [ -67.2601917, 45.3183128 ], [ -67.2601787, 45.3182949 ], [ -67.2601784, 45.3182679 ], [ -67.260186, 45.3182201 ], [ -67.2601937, 45.3181719 ], [ -67.2602019, 45.3181237 ], [ -67.2602266, 45.3180606 ], [ -67.2602232, 45.3178087 ], [ -67.2602097, 45.3177548 ], [ -67.2602354, 45.3177186 ], [ -67.2602978, 45.3176642 ], [ -67.2603103, 45.3176461 ], [ -67.2603608, 45.3176143 ], [ -67.2604121, 45.3175824 ], [ -67.2604492, 45.3175462 ], [ -67.2605253, 45.3175187 ], [ -67.2608824, 45.3175163 ], [ -67.2609208, 45.317525 ], [ -67.2609463, 45.3175249 ], [ -67.2609971, 45.3175065 ], [ -67.2611236, 45.3174337 ], [ -67.2612002, 45.3173882 ], [ -67.2612438, 45.3173654 ], [ -67.2612882, 45.3173426 ], [ -67.2613387, 45.3173063 ], [ -67.2614019, 45.3172654 ], [ -67.2614658, 45.3172244 ], [ -67.2615154, 45.3171701 ], [ -67.2615532, 45.3171339 ], [ -67.2615657, 45.3171158 ], [ -67.2616535, 45.3170072 ], [ -67.261691, 45.316953 ], [ -67.2617292, 45.3168987 ], [ -67.261792, 45.3168263 ], [ -67.2618042, 45.3167903 ], [ -67.2618414, 45.316709 ], [ -67.2618663, 45.3166639 ], [ -67.2618783, 45.3166098 ], [ -67.2618907, 45.3165827 ], [ -67.261893, 45.3164693 ], [ -67.2618936, 45.3164239 ], [ -67.2618949, 45.3163784 ], [ -67.2618988, 45.3162408 ], [ -67.2618853, 45.3161869 ], [ -67.2617294, 45.315972 ], [ -67.2617159, 45.3159181 ], [ -67.2617028, 45.3158912 ], [ -67.2616489, 45.3156756 ], [ -67.2616225, 45.3156128 ], [ -67.2616176, 45.3152529 ], [ -67.2616299, 45.3152168 ], [ -67.2616671, 45.3151356 ], [ -67.2617046, 45.3150813 ], [ -67.2617677, 45.3150359 ], [ -67.2618057, 45.3150177 ], [ -67.2618311, 45.3150085 ], [ -67.2621754, 45.3150062 ], [ -67.2622521, 45.3150147 ], [ -67.2623929, 45.3150587 ], [ -67.2624698, 45.3150852 ], [ -67.2627402, 45.3152723 ], [ -67.2627787, 45.31529 ], [ -67.2628043, 45.3152989 ], [ -67.2630741, 45.31545 ], [ -67.2630998, 45.3154588 ], [ -67.2631769, 45.3155033 ], [ -67.2632537, 45.3155208 ], [ -67.2633303, 45.3155293 ], [ -67.2634834, 45.3155372 ], [ -67.2635601, 45.3155457 ], [ -67.2636198, 45.3155813 ], [ -67.2636796, 45.3156173 ], [ -67.2637401, 45.3156525 ], [ -67.2637953, 45.3156795 ], [ -67.2638511, 45.3157057 ], [ -67.2639069, 45.3157323 ], [ -67.2639452, 45.3157321 ], [ -67.2640173, 45.3157329 ], [ -67.2640893, 45.3157342 ], [ -67.2641614, 45.3157346 ], [ -67.2642335, 45.3157355 ], [ -67.2643789, 45.3157381 ], [ -67.2643916, 45.315738 ], [ -67.264451, 45.3157403 ], [ -67.2645103, 45.3157435 ], [ -67.2645703, 45.3157458 ], [ -67.2646214, 45.3157549 ], [ -67.2646727, 45.3157721 ], [ -67.2647369, 45.3158036 ], [ -67.264801, 45.3158343 ], [ -67.2649169, 45.3159144 ], [ -67.2649683, 45.315946 ], [ -67.2650198, 45.3159767 ], [ -67.2650924, 45.3160185 ], [ -67.265165, 45.3160594 ], [ -67.2652383, 45.3161012 ], [ -67.2652639, 45.3161101 ], [ -67.2653144, 45.3161192 ], [ -67.2653903, 45.3160737 ], [ -67.2654278, 45.316019 ], [ -67.265466, 45.3159652 ], [ -67.2655035, 45.3159109 ], [ -67.2655286, 45.3158824 ], [ -67.2655537, 45.3158535 ], [ -67.265587, 45.3158154 ], [ -67.2656203, 45.315777 ], [ -67.2656542, 45.3157389 ], [ -67.2657173, 45.3156935 ], [ -67.2657554, 45.3156753 ], [ -67.2658226, 45.315651 ], [ -67.2658905, 45.3156267 ], [ -67.2659584, 45.3156015 ], [ -67.2660094, 45.3156016 ], [ -67.2660604, 45.3156012 ], [ -67.2660986, 45.315592 ], [ -67.2661749, 45.3155825 ], [ -67.2662515, 45.3155846 ], [ -67.2664046, 45.3155899 ], [ -67.2665067, 45.3155982 ], [ -67.2665705, 45.3155996 ], [ -67.2666343, 45.3156018 ], [ -67.2667619, 45.3156055 ], [ -67.2668806, 45.3156101 ], [ -67.2669406, 45.3156133 ], [ -67.2671319, 45.3156187 ], [ -67.2671957, 45.3156201 ], [ -67.2672468, 45.3156247 ], [ -67.2672979, 45.3156288 ], [ -67.2673616, 45.3156284 ], [ -67.2674287, 45.3156396 ], [ -67.2674977, 45.3156513 ], [ -67.2675661, 45.315663 ], [ -67.2676109, 45.3156762 ], [ -67.2676551, 45.3156894 ], [ -67.2677134, 45.315707 ], [ -67.267771, 45.3157246 ], [ -67.2679244, 45.3157505 ], [ -67.2680012, 45.315768 ], [ -67.2680523, 45.3157767 ], [ -67.2681284, 45.3157941 ], [ -67.2682058, 45.3158116 ], [ -67.2682826, 45.3158291 ], [ -67.2686141, 45.3158268 ], [ -67.2686652, 45.315831 ], [ -67.2687156, 45.3158351 ], [ -67.268754, 45.3158439 ], [ -67.2690473, 45.3158419 ], [ -67.2691245, 45.3158441 ], [ -67.2692004, 45.3158467 ], [ -67.2692776, 45.3158493 ], [ -67.2693287, 45.315858 ], [ -67.2694056, 45.3158844 ], [ -67.2694821, 45.3159289 ], [ -67.2695215, 45.3159646 ], [ -67.2695475, 45.3160004 ], [ -67.2695601, 45.3160364 ], [ -67.2695804, 45.3160767 ], [ -67.2696001, 45.316162 ], [ -67.2696033, 45.3162124 ], [ -67.2696072, 45.3162628 ], [ -67.2696098, 45.3163131 ], [ -67.2696163, 45.3164139 ], [ -67.2696039, 45.316441 ], [ -67.2696066, 45.3166389 ], [ -67.2696589, 45.3167375 ], [ -67.2696889, 45.3167823 ], [ -67.2697501, 45.3168719 ], [ -67.2697761, 45.3169077 ], [ -67.2698147, 45.3169344 ], [ -67.2698792, 45.316988 ], [ -67.2699306, 45.3170146 ], [ -67.2700076, 45.3170501 ], [ -67.2701359, 45.3171122 ], [ -67.2702902, 45.3172011 ], [ -67.2703287, 45.3172188 ], [ -67.2706106, 45.3173159 ], [ -67.2706489, 45.3173156 ], [ -67.270751, 45.3173239 ], [ -67.2708781, 45.3172934 ], [ -67.2709417, 45.3172776 ], [ -67.271043, 45.317223 ], [ -67.2711699, 45.3171771 ], [ -67.2712464, 45.3171766 ], [ -67.2712849, 45.3171943 ], [ -67.2713065, 45.3172329 ], [ -67.271328, 45.3172719 ], [ -67.2713502, 45.3173108 ], [ -67.2714279, 45.3173913 ], [ -67.2714664, 45.317409 ], [ -67.2715176, 45.3174267 ], [ -67.2715559, 45.3174264 ], [ -67.271658, 45.3174347 ], [ -67.2717607, 45.317479 ], [ -67.271825, 45.3175236 ], [ -67.2719153, 45.3175949 ], [ -67.2720058, 45.3176843 ], [ -67.2720441, 45.317684 ], [ -67.2720822, 45.3176748 ], [ -67.2721457, 45.3176563 ], [ -67.2721711, 45.3176472 ], [ -67.2721962, 45.31762 ], [ -67.272234, 45.3175838 ], [ -67.2723346, 45.3174841 ], [ -67.2723848, 45.3174208 ], [ -67.2724218, 45.3173305 ], [ -67.2724211, 45.3172765 ], [ -67.2723948, 45.3172227 ], [ -67.2723428, 45.3171511 ], [ -67.2723036, 45.3170794 ], [ -67.2721225, 45.3168917 ], [ -67.272045, 45.3168202 ], [ -67.2720446, 45.3167932 ], [ -67.2720315, 45.3167663 ], [ -67.2720308, 45.3167213 ], [ -67.2720177, 45.3166944 ], [ -67.2720167, 45.3166225 ], [ -67.2720415, 45.3165683 ], [ -67.272066, 45.3164962 ], [ -67.2720908, 45.316442 ], [ -67.2721028, 45.3163879 ], [ -67.2721152, 45.3163609 ], [ -67.2721153, 45.3163222 ], [ -67.2721141, 45.316283 ], [ -67.2721136, 45.3162439 ], [ -67.2721266, 45.3162168 ], [ -67.2721245, 45.3160639 ], [ -67.2721114, 45.316037 ], [ -67.2720854, 45.3160011 ], [ -67.272046, 45.3159204 ], [ -67.2720193, 45.3158801 ], [ -67.2719939, 45.3158398 ], [ -67.2719809, 45.3158219 ], [ -67.271951, 45.3157834 ], [ -67.27189, 45.3157055 ], [ -67.2718768, 45.3156696 ], [ -67.2719402, 45.3156422 ], [ -67.2718892, 45.3156426 ], [ -67.2718505, 45.3156158 ], [ -67.2718375, 45.3155979 ], [ -67.2718499, 45.3155708 ], [ -67.2718493, 45.3155259 ], [ -67.2718358, 45.315472 ], [ -67.2718478, 45.3154179 ], [ -67.2718856, 45.3153816 ], [ -67.2719101, 45.3153095 ], [ -67.271897, 45.3152826 ], [ -67.2718965, 45.3152466 ], [ -67.2718834, 45.3152197 ], [ -67.2719076, 45.3151296 ], [ -67.2719201, 45.3151115 ], [ -67.2719455, 45.3151023 ], [ -67.2719583, 45.3151022 ], [ -67.2720079, 45.3150029 ], [ -67.272108, 45.3148583 ], [ -67.2721456, 45.314813 ], [ -67.2722461, 45.3147043 ], [ -67.2722839, 45.3146681 ], [ -67.2723178, 45.3146296 ], [ -67.2723511, 45.3145912 ], [ -67.2723843, 45.3145531 ], [ -67.2724346, 45.3144961 ], [ -67.2725225, 45.3143965 ], [ -67.2725979, 45.3143177 ], [ -67.2726356, 45.3142788 ], [ -67.2727111, 45.3142063 ], [ -67.2727992, 45.3141157 ], [ -67.2728833, 45.3140189 ], [ -67.2729247, 45.3139709 ], [ -67.2729367, 45.3139168 ], [ -67.2729737, 45.3138266 ], [ -67.2730323, 45.3137299 ], [ -67.273061, 45.313682 ], [ -67.2732037, 45.3134831 ], [ -67.2732737, 45.3133836 ], [ -67.2733115, 45.3133474 ], [ -67.273463, 45.3132384 ], [ -67.273501, 45.3132201 ], [ -67.2736022, 45.3131564 ], [ -67.2737292, 45.3131196 ], [ -67.2738436, 45.3130918 ], [ -67.2738689, 45.3130826 ], [ -67.2739198, 45.3130733 ], [ -67.2739452, 45.3130641 ], [ -67.2739961, 45.3130548 ], [ -67.2740215, 45.3130456 ], [ -67.274034, 45.3130275 ], [ -67.2740719, 45.3130003 ], [ -67.2740969, 45.3129641 ], [ -67.2741091, 45.312928 ], [ -67.2741423, 45.3128378 ], [ -67.2741583, 45.3127927 ], [ -67.2742833, 45.3126119 ], [ -67.2743212, 45.3125846 ], [ -67.2743337, 45.3125666 ], [ -67.2743448, 45.3124495 ], [ -67.2743052, 45.3123508 ], [ -67.2742922, 45.3123329 ], [ -67.2742654, 45.3122341 ], [ -67.2742134, 45.3121625 ], [ -67.2741656, 45.3121237 ], [ -67.2741186, 45.3120849 ], [ -67.2740715, 45.3120465 ], [ -67.2740586, 45.3120376 ], [ -67.2740327, 45.3120108 ], [ -67.2739041, 45.3119307 ], [ -67.2738654, 45.3118949 ], [ -67.2737494, 45.3118057 ], [ -67.2737364, 45.3117878 ], [ -67.2736976, 45.3117521 ], [ -67.2736326, 45.3116626 ], [ -67.2736195, 45.3116357 ], [ -67.273619, 45.3115997 ], [ -67.2735668, 45.3115101 ], [ -67.273528, 45.3114743 ], [ -67.2733739, 45.3113944 ], [ -67.2732837, 45.311323 ], [ -67.2732197, 45.3113055 ], [ -67.2731813, 45.3112968 ], [ -67.2730155, 45.3112979 ], [ -67.2729648, 45.3113162 ], [ -67.2729523, 45.3113343 ], [ -67.2729018, 45.3113706 ], [ -67.2728767, 45.3114068 ], [ -67.272877, 45.3114248 ], [ -67.272852, 45.311461 ], [ -67.2728151, 45.3115602 ], [ -67.2727562, 45.3116389 ], [ -67.2727274, 45.3116778 ], [ -67.2727023, 45.3117049 ], [ -67.2726517, 45.3117323 ], [ -67.2726263, 45.3117414 ], [ -67.2722694, 45.3117529 ], [ -67.272231, 45.3117441 ], [ -67.272129, 45.3117448 ], [ -67.2720265, 45.3117095 ], [ -67.2719749, 45.3116676 ], [ -67.2718718, 45.3115846 ], [ -67.2716529, 45.3114332 ], [ -67.2713449, 45.3112913 ], [ -67.2712761, 45.3112495 ], [ -67.2712073, 45.3112081 ], [ -67.2711392, 45.3111667 ], [ -67.2710878, 45.3111401 ], [ -67.2710622, 45.3111313 ], [ -67.2709852, 45.3110958 ], [ -67.2707684, 45.3110973 ], [ -67.2707309, 45.3111065 ], [ -67.270692, 45.3111068 ], [ -67.2706666, 45.311116 ], [ -67.2705402, 45.3111978 ], [ -67.2704645, 45.3112523 ], [ -67.2703124, 45.3113253 ], [ -67.2701989, 45.3114161 ], [ -67.2701483, 45.3114434 ], [ -67.2700853, 45.3114978 ], [ -67.2700475, 45.3115341 ], [ -67.2700476, 45.3115431 ], [ -67.2700099, 45.3115793 ], [ -67.2699724, 45.3116336 ], [ -67.2698968, 45.3117061 ], [ -67.2698718, 45.3117422 ], [ -67.2698469, 45.3117847 ], [ -67.269797, 45.3118687 ], [ -67.2697717, 45.3118779 ], [ -67.2695804, 45.3118792 ], [ -67.269542, 45.3118705 ], [ -67.2694654, 45.311862 ], [ -67.269427, 45.3118532 ], [ -67.2693883, 45.3118175 ], [ -67.2693978, 45.3115835 ], [ -67.2694103, 45.3115654 ], [ -67.2693971, 45.3115295 ], [ -67.269396, 45.3114485 ], [ -67.2693307, 45.311341 ], [ -67.2692659, 45.3112605 ], [ -67.2691752, 45.3111531 ], [ -67.2691362, 45.3110994 ], [ -67.2690459, 45.311028 ], [ -67.2689953, 45.3110104 ], [ -67.2689434, 45.3109927 ], [ -67.2688669, 45.3109933 ], [ -67.2688163, 45.3109756 ], [ -67.2687644, 45.3109535 ], [ -67.268713, 45.3109313 ], [ -67.2686627, 45.3109362 ], [ -67.2686112, 45.310941 ], [ -67.2685347, 45.3109415 ], [ -67.268459, 45.31096 ], [ -67.2683953, 45.3110055 ], [ -67.2683321, 45.3110509 ], [ -67.2682941, 45.3110691 ], [ -67.2682687, 45.3110783 ], [ -67.2681929, 45.3110833 ], [ -67.2681158, 45.3110883 ], [ -67.2680777, 45.3110976 ], [ -67.2679247, 45.3110986 ], [ -67.2677718, 45.3111087 ], [ -67.2677211, 45.311127 ], [ -67.2676518, 45.3111455 ], [ -67.2675813, 45.311164 ], [ -67.2675432, 45.3111732 ], [ -67.2674801, 45.3111781 ], [ -67.2674164, 45.3111831 ], [ -67.2673558, 45.3111803 ], [ -67.2672971, 45.3111776 ], [ -67.2672371, 45.3111753 ], [ -67.2671351, 45.311176 ], [ -67.267059, 45.3111585 ], [ -67.2670069, 45.3111274 ], [ -67.2669555, 45.3110962 ], [ -67.266917, 45.3110785 ], [ -67.2668137, 45.3109802 ], [ -67.2667753, 45.3109265 ], [ -67.2667363, 45.3108728 ], [ -67.266697, 45.310792 ], [ -67.2666785, 45.310744 ], [ -67.2666612, 45.310696 ], [ -67.2666434, 45.3106484 ], [ -67.266631, 45.3106305 ], [ -67.2665918, 45.3105588 ], [ -67.2665308, 45.3104809 ], [ -67.2665009, 45.3104425 ], [ -67.2664363, 45.3103799 ], [ -67.2663843, 45.3103038 ], [ -67.2663192, 45.3102097 ], [ -67.2663065, 45.3102098 ], [ -67.2662936, 45.3102005 ], [ -67.2662682, 45.3102101 ], [ -67.26623, 45.3102103 ], [ -67.2661274, 45.3101661 ], [ -67.2660372, 45.3101037 ], [ -67.265934, 45.3100144 ], [ -67.2659084, 45.3100056 ], [ -67.2658446, 45.3100056 ], [ -67.2658063, 45.3099973 ], [ -67.2657678, 45.3099795 ], [ -67.2657419, 45.3099523 ], [ -67.2657159, 45.3099165 ], [ -67.2656894, 45.3098446 ], [ -67.2656634, 45.3098093 ], [ -67.2656242, 45.3097376 ], [ -67.2655972, 45.3096298 ], [ -67.2655833, 45.3095399 ], [ -67.2655701, 45.309513 ], [ -67.2655693, 45.3094496 ], [ -67.2655562, 45.3094226 ], [ -67.2655556, 45.3093777 ], [ -67.2655198, 45.3093262 ], [ -67.265484, 45.3092751 ], [ -67.2654125, 45.3091721 ], [ -67.2652964, 45.3090739 ], [ -67.265245, 45.3090468 ], [ -67.2652127, 45.3090156 ], [ -67.2651804, 45.3089847 ], [ -67.265129, 45.3089577 ], [ -67.2650903, 45.3089224 ], [ -67.2650515, 45.3088821 ], [ -67.2650127, 45.3088415 ], [ -67.2649997, 45.3088236 ], [ -67.2649738, 45.3087967 ], [ -67.2649351, 45.3087615 ], [ -67.2648964, 45.3087257 ], [ -67.264862, 45.3086805 ], [ -67.2648276, 45.3086358 ], [ -67.2647925, 45.3085915 ], [ -67.2647753, 45.3085434 ], [ -67.2647574, 45.3084954 ], [ -67.2647396, 45.3084479 ], [ -67.2647006, 45.3083941 ], [ -67.2646873, 45.3083582 ], [ -67.2646486, 45.3083221 ], [ -67.2646353, 45.3082808 ], [ -67.2646086, 45.3081964 ], [ -67.2646017, 45.3081519 ], [ -67.2645947, 45.3081065 ], [ -67.2645812, 45.308053 ], [ -67.2645677, 45.3079991 ], [ -67.2645546, 45.3079718 ], [ -67.2645516, 45.3077558 ], [ -67.264564, 45.3077288 ], [ -67.2645889, 45.3076841 ], [ -67.2645882, 45.3076301 ], [ -67.2645751, 45.3076032 ], [ -67.2645611, 45.3075133 ], [ -67.264548, 45.3074864 ], [ -67.2645603, 45.3074544 ], [ -67.2645726, 45.3074232 ], [ -67.2645706, 45.3072703 ], [ -67.2645534, 45.307225 ], [ -67.2645355, 45.3071805 ], [ -67.2645177, 45.3071357 ], [ -67.2644917, 45.3070999 ], [ -67.2644534, 45.3070907 ], [ -67.264415, 45.3070824 ], [ -67.264364, 45.3070823 ], [ -67.264313, 45.3070831 ], [ -67.2643, 45.3070652 ], [ -67.2642869, 45.3070383 ], [ -67.2642468, 45.3069036 ], [ -67.2642208, 45.3068677 ], [ -67.2641815, 45.306787 ], [ -67.2641682, 45.3067507 ], [ -67.2641422, 45.3067149 ], [ -67.2641354, 45.3066794 ], [ -67.2641285, 45.306643 ], [ -67.2641017, 45.3065442 ], [ -67.2640948, 45.3065087 ], [ -67.2640879, 45.3064727 ], [ -67.2640482, 45.306365 ], [ -67.2640222, 45.3063243 ], [ -67.2639961, 45.3062844 ], [ -67.2639932, 45.3060685 ], [ -67.264005, 45.3059964 ], [ -67.2640675, 45.305906 ], [ -67.2641593, 45.3058154 ], [ -67.2642059, 45.3057701 ], [ -67.2642559, 45.3056978 ], [ -67.2642551, 45.3056348 ], [ -67.2642664, 45.3055267 ], [ -67.2642784, 45.3054727 ], [ -67.2642909, 45.3054546 ], [ -67.2643285, 45.3054094 ], [ -67.264379, 45.305373 ], [ -67.2644419, 45.3053096 ], [ -67.2645177, 45.3052551 ], [ -67.2645424, 45.305201 ], [ -67.264555, 45.3051829 ], [ -67.2645548, 45.3051739 ], [ -67.264592, 45.3050926 ], [ -67.2646165, 45.3050205 ], [ -67.2646285, 45.3049664 ], [ -67.2646409, 45.3049394 ], [ -67.2646394, 45.3048314 ], [ -67.2646642, 45.3047772 ], [ -67.2647145, 45.3047229 ], [ -67.2648029, 45.3046593 ], [ -67.2648789, 45.3046228 ], [ -67.2649416, 45.3045504 ], [ -67.2649794, 45.3045142 ], [ -67.2650799, 45.3044055 ], [ -67.2651049, 45.3043693 ], [ -67.2651427, 45.3043304 ], [ -67.2652181, 45.3042516 ], [ -67.2652556, 45.3041974 ], [ -67.2652676, 45.3041433 ], [ -67.2652159, 45.3040897 ], [ -67.2651771, 45.3040539 ], [ -67.2651387, 45.3040362 ], [ -67.2651257, 45.3040183 ], [ -67.2651382, 45.3040002 ], [ -67.2651762, 45.303982 ], [ -67.2652772, 45.3039093 ], [ -67.2653273, 45.303846 ], [ -67.2654267, 45.3036563 ], [ -67.2655148, 45.3035658 ], [ -67.2655143, 45.3035298 ], [ -67.265539, 45.3034756 ], [ -67.2656024, 45.3034482 ], [ -67.2656528, 45.3034029 ], [ -67.2656654, 45.3033938 ], [ -67.2657413, 45.3033483 ], [ -67.2658548, 45.3032575 ], [ -67.2659559, 45.3031849 ], [ -67.2659939, 45.3031666 ], [ -67.2660316, 45.3031304 ], [ -67.2660441, 45.3031123 ], [ -67.2661196, 45.3030398 ], [ -67.2661446, 45.3030036 ], [ -67.2663834, 45.3027501 ], [ -67.2664587, 45.3026596 ], [ -67.2665215, 45.3025872 ], [ -67.2666097, 45.3025146 ], [ -67.2666563, 45.302472 ], [ -67.2667483, 45.3023877 ], [ -67.2667734, 45.3023605 ], [ -67.2668245, 45.3023692 ], [ -67.2668626, 45.3023599 ], [ -67.2669264, 45.3023595 ], [ -67.2669518, 45.3023503 ], [ -67.2669898, 45.3023321 ], [ -67.2670656, 45.3022865 ], [ -67.2671663, 45.3021869 ], [ -67.2672417, 45.3021054 ], [ -67.2673806, 45.3020055 ], [ -67.2674057, 45.3019783 ], [ -67.2674688, 45.3019329 ], [ -67.2675068, 45.3019146 ], [ -67.2675576, 45.3018963 ], [ -67.2676589, 45.3018506 ], [ -67.2677097, 45.3018323 ], [ -67.2678361, 45.3017531 ], [ -67.2678993, 45.301714 ], [ -67.26795, 45.3016867 ], [ -67.2680261, 45.3016592 ], [ -67.2681653, 45.3015862 ], [ -67.268178, 45.3015772 ], [ -67.2682033, 45.301568 ], [ -67.2683047, 45.3015223 ], [ -67.2683555, 45.301504 ], [ -67.2686218, 45.3014032 ], [ -67.2687105, 45.3013576 ], [ -67.2688115, 45.3012849 ], [ -67.2688744, 45.3012215 ], [ -67.268949, 45.301086 ], [ -67.2689735, 45.3010139 ], [ -67.2689817, 45.3009598 ], [ -67.2689968, 45.3008518 ], [ -67.2689956, 45.3007618 ], [ -67.2688526, 45.3005648 ], [ -67.2687754, 45.3005113 ], [ -67.2687108, 45.3004488 ], [ -67.2686206, 45.3003774 ], [ -67.2685692, 45.3003508 ], [ -67.2685305, 45.3003151 ], [ -67.2684785, 45.3002434 ], [ -67.2684648, 45.3001715 ], [ -67.2684637, 45.3000906 ], [ -67.2684376, 45.3000458 ], [ -67.2684021, 45.2999677 ], [ -67.268385, 45.2999291 ], [ -67.2683717, 45.2998932 ], [ -67.2683714, 45.2998662 ], [ -67.2684336, 45.2997578 ], [ -67.2684586, 45.2997217 ], [ -67.2685035, 45.2996449 ], [ -67.2685253, 45.299607 ], [ -67.2685583, 45.29955 ], [ -67.2685582, 45.2995411 ], [ -67.2685832, 45.2995049 ], [ -67.2686822, 45.2992883 ], [ -67.2686947, 45.2992702 ], [ -67.2687694, 45.2991347 ], [ -67.2687974, 45.2989474 ], [ -67.2688044, 45.298901 ], [ -67.2688034, 45.2988286 ], [ -67.2688281, 45.2987654 ], [ -67.2688658, 45.2987292 ], [ -67.2689408, 45.2986207 ], [ -67.2689786, 45.2985844 ], [ -67.2690165, 45.2985572 ], [ -67.2690704, 45.2985388 ], [ -67.2691243, 45.2985209 ], [ -67.2691776, 45.2985021 ], [ -67.2692576, 45.298475 ], [ -67.2693212, 45.2984651 ], [ -67.2693848, 45.2984557 ], [ -67.2694102, 45.2984465 ], [ -67.2694739, 45.2984461 ], [ -67.2695438, 45.2984258 ], [ -67.2696136, 45.2984051 ], [ -67.2696834, 45.2983839 ], [ -67.2697533, 45.2983632 ], [ -67.2698041, 45.2983543 ], [ -67.269855, 45.2983445 ], [ -67.2699314, 45.298335 ], [ -67.2699822, 45.2983261 ], [ -67.2700523, 45.2983211 ], [ -67.2701223, 45.2983157 ], [ -67.2701924, 45.2983107 ], [ -67.2702625, 45.2983062 ], [ -67.2704023, 45.2982782 ], [ -67.2705292, 45.2982324 ], [ -67.2706054, 45.2982134 ], [ -67.2706817, 45.2981954 ], [ -67.2707324, 45.298177 ], [ -67.2707451, 45.2981769 ], [ -67.2707959, 45.2981586 ], [ -67.2708721, 45.2981351 ], [ -67.2709483, 45.2981126 ], [ -67.271037, 45.298076 ], [ -67.2710883, 45.2980486 ], [ -67.2711256, 45.2980304 ], [ -67.2711793, 45.2979918 ], [ -67.2712336, 45.2979532 ], [ -67.271286, 45.297915 ], [ -67.2713655, 45.2978578 ], [ -67.2713906, 45.2978306 ], [ -67.2714285, 45.2978034 ], [ -67.2714536, 45.2977762 ], [ -67.271517, 45.2977515 ], [ -67.2715811, 45.2977272 ], [ -67.2716445, 45.2977029 ], [ -67.2717585, 45.2976481 ], [ -67.271802, 45.2976119 ], [ -67.2718461, 45.2975756 ], [ -67.2718715, 45.2975214 ], [ -67.2718956, 45.2974672 ], [ -67.2719085, 45.2974312 ], [ -67.2719201, 45.2973951 ], [ -67.2719291, 45.2973527 ], [ -67.2719368, 45.2973109 ], [ -67.2719439, 45.297269 ], [ -67.2719566, 45.2972207 ], [ -67.2719687, 45.2971725 ], [ -67.2719808, 45.2971247 ], [ -67.2720049, 45.2970706 ], [ -67.2720348, 45.2970191 ], [ -67.2720634, 45.2969681 ], [ -67.2720927, 45.296917 ], [ -67.2721302, 45.2968628 ], [ -67.2721481, 45.2968222 ], [ -67.2721673, 45.2967815 ], [ -67.2722043, 45.2967363 ], [ -67.2722555, 45.2967045 ], [ -67.2723054, 45.2966726 ], [ -67.2723167, 45.2965196 ], [ -67.2723499, 45.2964294 ], [ -67.2723652, 45.2963843 ], [ -67.2724022, 45.2962941 ], [ -67.2724147, 45.296276 ], [ -67.2724402, 45.2962308 ], [ -67.2724397, 45.2961948 ], [ -67.2724522, 45.2961767 ], [ -67.272438, 45.2960689 ], [ -67.2724495, 45.2959788 ], [ -67.2724619, 45.2959517 ], [ -67.2724608, 45.2958708 ], [ -67.2725354, 45.2957353 ], [ -67.27256, 45.2956721 ], [ -67.2725714, 45.2956181 ], [ -67.2725713, 45.2955641 ], [ -67.2725669, 45.2952402 ], [ -67.2725405, 45.2951774 ], [ -67.2725401, 45.2951504 ], [ -67.2725271, 45.2951325 ], [ -67.2724502, 45.295097 ], [ -67.2724491, 45.295016 ], [ -67.2724989, 45.2949347 ], [ -67.2725363, 45.2948715 ], [ -67.2725486, 45.2948354 ], [ -67.2725329, 45.2946196 ], [ -67.2725065, 45.2945568 ], [ -67.2725061, 45.2945298 ], [ -67.2724671, 45.294476 ], [ -67.2724667, 45.2944401 ], [ -67.2724515, 45.2944019 ], [ -67.2724369, 45.2943638 ], [ -67.2724006, 45.2942695 ], [ -67.2723871, 45.2942157 ], [ -67.2723865, 45.2941707 ], [ -67.2724234, 45.2940714 ], [ -67.2724357, 45.2940444 ], [ -67.2724355, 45.2940264 ], [ -67.272448, 45.2940083 ], [ -67.2724469, 45.2939273 ], [ -67.2724205, 45.2938645 ], [ -67.272407, 45.2938106 ], [ -67.2723674, 45.2937119 ], [ -67.2723282, 45.2936402 ], [ -67.2722375, 45.2935328 ], [ -67.2721985, 45.2934791 ], [ -67.272147, 45.2934435 ], [ -67.2720867, 45.2934137 ], [ -67.272027, 45.293384 ], [ -67.2719673, 45.2933547 ], [ -67.2718772, 45.2932924 ], [ -67.2718514, 45.2932655 ], [ -67.2717869, 45.293212 ], [ -67.2717479, 45.2931583 ], [ -67.2717347, 45.2931224 ], [ -67.2717307, 45.2928345 ], [ -67.2717176, 45.2928076 ], [ -67.2717043, 45.2927627 ], [ -67.2717027, 45.2926507 ], [ -67.2717025, 45.2926367 ], [ -67.2716764, 45.2925919 ], [ -67.2716631, 45.292547 ], [ -67.2716274, 45.2924573 ], [ -67.2716102, 45.2924124 ], [ -67.2715708, 45.2923227 ], [ -67.2715448, 45.2922869 ], [ -67.2715097, 45.292239 ], [ -67.2714753, 45.2921911 ], [ -67.2714408, 45.2921436 ], [ -67.2714015, 45.2920629 ], [ -67.2713885, 45.292045 ], [ -67.2713884, 45.292036 ], [ -67.2713757, 45.2920451 ], [ -67.2712363, 45.2921 ], [ -67.2711605, 45.2921545 ], [ -67.2711225, 45.2921728 ], [ -67.2710592, 45.2922002 ], [ -67.2710209, 45.2922005 ], [ -67.2709311, 45.2921561 ], [ -67.270854, 45.2921116 ], [ -67.2707986, 45.2920702 ], [ -67.2707426, 45.2920287 ], [ -67.2706866, 45.2919868 ], [ -67.2706609, 45.291978 ], [ -67.2706223, 45.2919512 ], [ -67.2705192, 45.2918683 ], [ -67.2704677, 45.2918263 ], [ -67.2704418, 45.2917995 ], [ -67.2703517, 45.2917371 ], [ -67.270288, 45.2916912 ], [ -67.2702234, 45.2916287 ], [ -67.2701974, 45.2915929 ], [ -67.2701709, 45.2915211 ], [ -67.2701579, 45.2915032 ], [ -67.2701323, 45.2914943 ], [ -67.2700939, 45.2914856 ], [ -67.2699537, 45.2914865 ], [ -67.2698769, 45.2914601 ], [ -67.2697741, 45.2913978 ], [ -67.269646, 45.2913537 ], [ -67.2695561, 45.2913093 ], [ -67.2695173, 45.2912632 ], [ -67.2695107, 45.2912466 ], [ -67.2695041, 45.2912314 ], [ -67.2694909, 45.2912018 ], [ -67.2694829, 45.2911766 ], [ -67.2694751, 45.2911614 ], [ -67.2694673, 45.2911506 ], [ -67.2694492, 45.2911301 ], [ -67.2694388, 45.2911202 ], [ -67.2694272, 45.2911113 ], [ -67.2694125, 45.2911047 ], [ -67.2693372, 45.2910499 ], [ -67.2692088, 45.2909877 ], [ -67.2691061, 45.2909345 ], [ -67.2690674, 45.2908987 ], [ -67.2689382, 45.2907736 ], [ -67.2688473, 45.2906483 ], [ -67.2688077, 45.2905496 ], [ -67.2688062, 45.2904416 ], [ -67.2687651, 45.2902349 ], [ -67.2687512, 45.2901451 ], [ -67.2687379, 45.2901092 ], [ -67.2686976, 45.2900928 ], [ -67.2685847, 45.2900922 ], [ -67.26847, 45.290093 ], [ -67.2683683, 45.2901117 ], [ -67.2682921, 45.2901302 ], [ -67.2681906, 45.2901669 ], [ -67.2681147, 45.2902124 ], [ -67.268077, 45.2902486 ], [ -67.2680145, 45.290339 ], [ -67.2679517, 45.2904114 ], [ -67.2679016, 45.2904748 ], [ -67.2678638, 45.290511 ], [ -67.2678391, 45.2905652 ], [ -67.2677517, 45.2907007 ], [ -67.2677026, 45.290836 ], [ -67.2676805, 45.2910881 ], [ -67.2676175, 45.2911425 ], [ -67.2675415, 45.291179 ], [ -67.2674656, 45.2912245 ], [ -67.2673895, 45.291252 ], [ -67.2672379, 45.2913521 ], [ -67.2671873, 45.2913794 ], [ -67.266959, 45.2914619 ], [ -67.2668698, 45.2914625 ], [ -67.2668316, 45.2914718 ], [ -67.26636, 45.291475 ], [ -67.2662833, 45.2914575 ], [ -67.2662577, 45.2914487 ], [ -67.2661553, 45.2914224 ], [ -67.2660785, 45.2913959 ], [ -67.2659877, 45.2912796 ], [ -67.2658719, 45.2911994 ], [ -67.2658331, 45.2911636 ], [ -67.2658075, 45.2911548 ], [ -67.2657177, 45.2911104 ], [ -67.2656533, 45.2910659 ], [ -67.2655635, 45.2910215 ], [ -67.2654863, 45.290968 ], [ -67.2653577, 45.2908879 ], [ -67.2652936, 45.2908614 ], [ -67.2651783, 45.2908171 ], [ -67.2651269, 45.2907905 ], [ -67.2650628, 45.2907639 ], [ -67.2650372, 45.2907551 ], [ -67.2648704, 45.2906753 ], [ -67.2648193, 45.2906666 ], [ -67.2647424, 45.2906311 ], [ -67.2646911, 45.2906135 ], [ -67.2645757, 45.2905603 ], [ -67.2645246, 45.2905516 ], [ -67.264499, 45.2905428 ], [ -67.2644735, 45.290543 ], [ -67.2644224, 45.2905343 ], [ -67.2643198, 45.29049 ], [ -67.2642942, 45.2904812 ], [ -67.2642043, 45.2904368 ], [ -67.2639994, 45.2903662 ], [ -67.2638843, 45.29034 ], [ -67.2638204, 45.2903224 ], [ -67.2637177, 45.2902692 ], [ -67.2635125, 45.2901806 ], [ -67.2633588, 45.2901276 ], [ -67.2632045, 45.2900297 ], [ -67.2630636, 45.2899766 ], [ -67.263025, 45.2899499 ], [ -67.2629087, 45.2898337 ], [ -67.2628567, 45.2897621 ], [ -67.2628427, 45.2896722 ], [ -67.2628295, 45.2896363 ], [ -67.2627904, 45.2895736 ], [ -67.2627515, 45.2895199 ], [ -67.2626996, 45.2894572 ], [ -67.2626733, 45.2893944 ], [ -67.2626716, 45.2892685 ], [ -67.2626836, 45.2892144 ], [ -67.2627083, 45.2891602 ], [ -67.2627711, 45.2890878 ], [ -67.2628341, 45.2890334 ], [ -67.2628717, 45.2889882 ], [ -67.2629333, 45.2888258 ], [ -67.2629313, 45.2886818 ], [ -67.2629433, 45.2886278 ], [ -67.262968, 45.2885646 ], [ -67.2629928, 45.2885195 ], [ -67.2630178, 45.2884833 ], [ -67.2630424, 45.2884112 ], [ -67.2630795, 45.2883299 ], [ -67.263092, 45.2883118 ], [ -67.2631278, 45.2881316 ], [ -67.2631649, 45.2880504 ], [ -67.263177, 45.2879963 ], [ -67.2631893, 45.2879693 ], [ -67.2631875, 45.2878343 ], [ -67.2631485, 45.2877806 ], [ -67.2631098, 45.2877449 ], [ -67.2630966, 45.287709 ], [ -67.2630826, 45.2876191 ], [ -67.2630557, 45.2875113 ], [ -67.2630426, 45.2874844 ], [ -67.2630412, 45.2873854 ], [ -67.263052, 45.2872414 ], [ -67.2630902, 45.2871534 ], [ -67.263139, 45.2870788 ], [ -67.2632022, 45.2870334 ], [ -67.2632273, 45.2870062 ], [ -67.2633785, 45.2868792 ], [ -67.2634791, 45.2867796 ], [ -67.2635549, 45.2867251 ], [ -67.2636304, 45.2866526 ], [ -67.2636554, 45.2866164 ], [ -67.2636807, 45.2866073 ], [ -67.2637186, 45.28658 ], [ -67.2637566, 45.2865618 ], [ -67.263883, 45.2864799 ], [ -67.2640728, 45.2863797 ], [ -67.2642243, 45.2862707 ], [ -67.2643001, 45.2862252 ], [ -67.2643253, 45.286198 ], [ -67.2644133, 45.2861074 ], [ -67.2645259, 45.2859537 ], [ -67.2645509, 45.2859175 ], [ -67.2646136, 45.2858451 ], [ -67.2646509, 45.2857729 ], [ -67.2646754, 45.2857008 ], [ -67.2646782, 45.2856243 ], [ -67.2646797, 45.2855478 ], [ -67.2646835, 45.2853588 ], [ -67.2646959, 45.2853317 ], [ -67.2647082, 45.2852956 ], [ -67.2647709, 45.2852232 ], [ -67.2647834, 45.2852051 ], [ -67.2648211, 45.2851689 ], [ -67.2648709, 45.2850786 ], [ -67.2649459, 45.2849701 ], [ -67.2650835, 45.2847802 ], [ -67.2651332, 45.2846809 ], [ -67.2651572, 45.2845728 ], [ -67.2651818, 45.2845096 ], [ -67.2652192, 45.2844464 ], [ -67.2652317, 45.2844283 ], [ -67.2653063, 45.2842928 ], [ -67.2653188, 45.2842747 ], [ -67.2653801, 45.2840944 ], [ -67.265455, 45.2839769 ], [ -67.2656189, 45.2838408 ], [ -67.265644, 45.2838136 ], [ -67.2657071, 45.2837682 ], [ -67.2657196, 45.2837501 ], [ -67.265732, 45.2837231 ], [ -67.2657298, 45.2835611 ], [ -67.2657671, 45.2834979 ], [ -67.2657916, 45.2834257 ], [ -67.2658058, 45.2833379 ], [ -67.2658152, 45.2832816 ], [ -67.2658772, 45.2831552 ], [ -67.2659399, 45.2830828 ], [ -67.2660285, 45.2830372 ], [ -67.2660793, 45.2830189 ], [ -67.2661171, 45.2829916 ], [ -67.2661421, 45.2829555 ], [ -67.2663304, 45.2827382 ], [ -67.2665063, 45.2825571 ], [ -67.266594, 45.2824395 ], [ -67.2667328, 45.2823396 ], [ -67.2668335, 45.2822489 ], [ -67.266871, 45.2821947 ], [ -67.2669089, 45.2821675 ], [ -67.2669719, 45.282113 ], [ -67.266997, 45.2820859 ], [ -67.267098, 45.2820132 ], [ -67.2671866, 45.2819676 ], [ -67.2672372, 45.2819403 ], [ -67.2674271, 45.281849 ], [ -67.2674522, 45.2818218 ], [ -67.26749, 45.2817856 ], [ -67.2674921, 45.2817826 ], [ -67.2675025, 45.2817675 ], [ -67.2675079, 45.2817633 ], [ -67.2676664, 45.2816404 ], [ -67.2678689, 45.2815311 ], [ -67.267894, 45.2815039 ], [ -67.2679316, 45.2814587 ], [ -67.2679566, 45.2814225 ], [ -67.2679811, 45.2813504 ], [ -67.2680061, 45.2813142 ], [ -67.2680439, 45.281278 ], [ -67.2681068, 45.2812235 ], [ -67.2682079, 45.2811599 ], [ -67.2682579, 45.2810875 ], [ -67.268254, 45.2807996 ], [ -67.2682665, 45.2807816 ], [ -67.2683171, 45.2807542 ], [ -67.2683933, 45.2807357 ], [ -67.2684185, 45.2807085 ], [ -67.2684556, 45.2806273 ], [ -67.2685183, 45.2805549 ], [ -67.2686315, 45.2804462 ], [ -67.2686692, 45.2804009 ], [ -67.2686817, 45.2803828 ], [ -67.2687695, 45.2802833 ], [ -67.2687945, 45.2802471 ], [ -67.2688575, 45.2801927 ], [ -67.268908, 45.2801563 ], [ -67.2689331, 45.2801292 ], [ -67.2690214, 45.2800656 ], [ -67.2690339, 45.2800475 ], [ -67.2691727, 45.2799386 ], [ -67.269236, 45.2799112 ], [ -67.2693121, 45.2798837 ], [ -67.2693503, 45.2798834 ], [ -67.2693884, 45.2798741 ], [ -67.2696561, 45.2798723 ], [ -67.2697579, 45.2798626 ], [ -67.2698339, 45.2798261 ], [ -67.2698845, 45.2797988 ], [ -67.2699474, 45.2797444 ], [ -67.2700234, 45.2797078 ], [ -67.27015, 45.279644 ], [ -67.2702131, 45.2795986 ], [ -67.2702256, 45.2795805 ], [ -67.2702246, 45.2795085 ], [ -67.2702361, 45.2794185 ], [ -67.2702484, 45.2793824 ], [ -67.2702737, 45.2793732 ], [ -67.2703119, 45.279364 ], [ -67.2704517, 45.279336 ], [ -67.2705785, 45.2792902 ], [ -67.2706162, 45.2792539 ], [ -67.2706287, 45.2792358 ], [ -67.2706265, 45.2790739 ], [ -67.2706519, 45.2790647 ], [ -67.27069, 45.2790555 ], [ -67.2708811, 45.2790542 ], [ -67.2709192, 45.2790449 ], [ -67.271109, 45.2789446 ], [ -67.2711853, 45.2789261 ], [ -67.2713381, 45.2789161 ], [ -67.271886, 45.2789123 ], [ -67.2720388, 45.2789023 ], [ -67.2720772, 45.278911 ], [ -67.2721411, 45.2789286 ], [ -67.2721668, 45.2789374 ], [ -67.2722946, 45.2789635 ], [ -67.2723585, 45.2789811 ], [ -67.2724481, 45.2790075 ], [ -67.2725249, 45.2790339 ], [ -67.2727051, 45.2791587 ], [ -67.2727692, 45.2791852 ], [ -67.2728842, 45.2792114 ], [ -67.2730117, 45.2792106 ], [ -67.2731137, 45.2792189 ], [ -67.2733053, 45.2792445 ], [ -67.2734333, 45.2792887 ], [ -67.2734978, 45.2793422 ], [ -67.2735497, 45.2794138 ], [ -67.2735504, 45.2794588 ], [ -67.2735486, 45.2794692 ], [ -67.2737692, 45.2797556 ], [ -67.2738137, 45.2797631 ] ] ] } },
{ "type": "Feature", "properties": { "name": "Saint George", "osm_type": "way", "id": 642324147, "boundary": null, "County": "Charlotte", "State": "New Brunswick", "long_name": "new_brunswick_charlotte_county_saint_george", "wikipedia": null, "name:en": null }, "geometry": { "type": "Polygon", "coordinates": [ [ [ -66.8243286, 45.121449 ], [ -66.8245359, 45.1214917 ], [ -66.8247061, 45.1211362 ], [ -66.8243954, 45.1210654 ], [ -66.8243237, 45.1210476 ], [ -66.8240511, 45.1212577 ], [ -66.8239781, 45.1213695 ], [ -66.8243286, 45.121449 ] ] ] } },
{ "type": "Feature", "properties": { "name": "Saint George Parish", "osm_type": "relation", "id": 9674317, "boundary": "administrative", "County": "Charlotte", "State": "New Brunswick", "long_name": "new_brunswick_charlotte_county_saint_george_parish", "wikipedia": null, "name:en": "Saint George Parish" }, "geometry": { "type": "Polygon", "coordinates": [ [ [ -66.938144, 45.0662353 ], [ -66.9176699, 45.0530789 ], [ -66.9129184, 45.049998 ], [ -66.8997579, 45.0395371 ], [ -66.8941228, 45.0349933 ], [ -66.8860357, 45.0286276 ], [ -66.8602997, 45.008159 ], [ -66.861283, 45.0002127 ], [ -66.8612922, 45.0001384 ], [ -66.8606425, 44.999973 ], [ -66.8585048, 44.9995739 ], [ -66.8574232, 44.9994074 ], [ -66.8563255, 44.9993083 ], [ -66.8541225, 44.9991786 ], [ -66.8521407, 44.9991721 ], [ -66.8503917, 44.9992636 ], [ -66.849519, 44.9993309 ], [ -66.8489877, 44.9993851 ], [ -66.848175, 44.9994872 ], [ -66.8477448, 44.9994097 ], [ -66.8463049, 44.9992113 ], [ -66.8453939, 44.9991242 ], [ -66.8449356, 44.9990864 ], [ -66.8441527, 44.999032 ], [ -66.8434672, 44.9989974 ], [ -66.8420992, 44.9989549 ], [ -66.8414146, 44.9989467 ], [ -66.8406204, 44.9989524 ], [ -66.8395534, 44.998992 ], [ -66.837427, 44.9991349 ], [ -66.8352882, 44.9994114 ], [ -66.8331554, 44.9998237 ], [ -66.8310822, 45.000366 ], [ -66.8290826, 45.0010347 ], [ -66.8276857, 45.0015803 ], [ -66.8268609, 45.0019522 ], [ -66.8263964, 45.0021719 ], [ -66.8254484, 45.0024594 ], [ -66.8246513, 45.0027146 ], [ -66.8230826, 45.003264 ], [ -66.8213369, 45.0040045 ], [ -66.8194549, 45.0049557 ], [ -66.8184874, 45.0054968 ], [ -66.8179036, 45.0058578 ], [ -66.8172151, 45.0063175 ], [ -66.8158903, 45.0072707 ], [ -66.8155992, 45.0074892 ], [ -66.8150141, 45.0077666 ], [ -66.8134686, 45.0085606 ], [ -66.8120151, 45.0094325 ], [ -66.811813, 45.0095735 ], [ -66.8153117, 45.0269172 ], [ -66.8161018, 45.0308332 ], [ -66.8182378, 45.0381823 ], [ -66.8204078, 45.0456476 ], [ -66.8205209, 45.0460367 ], [ -66.8223122, 45.0540006 ], [ -66.8001067, 45.0724795 ], [ -66.790867, 45.079703 ], [ -66.7985918, 45.0929138 ], [ -66.7867556, 45.1007414 ], [ -66.7726597, 45.1100464 ], [ -66.7725068, 45.1099388 ], [ -66.7709936, 45.1113749 ], [ -66.7653856, 45.120683 ], [ -66.7655014, 45.1209886 ], [ -66.7653878, 45.1211599 ], [ -66.7655279, 45.1211267 ], [ -66.7651905, 45.1251553 ], [ -66.7654202, 45.1253437 ], [ -66.7659933, 45.1255943 ], [ -66.7660191, 45.1256752 ], [ -66.765576, 45.1260452 ], [ -66.7655375, 45.1259643 ], [ -66.7651301, 45.1258303 ], [ -66.7676304, 45.1299811 ], [ -66.7709732, 45.1354801 ], [ -66.7742, 45.140735 ], [ -66.7727995, 45.141655 ], [ -66.7718768, 45.1428507 ], [ -66.7699242, 45.1430777 ], [ -66.7680932, 45.1431935 ], [ -66.7679873, 45.1432002 ], [ -66.7679725, 45.1436299 ], [ -66.7679981, 45.1436478 ], [ -66.7680887, 45.1450625 ], [ -66.7682077, 45.1472392 ], [ -66.7682763, 45.1482873 ], [ -66.7682835, 45.1484713 ], [ -66.7683726, 45.1498301 ], [ -66.7684139, 45.1505004 ], [ -66.7685035, 45.1519668 ], [ -66.7685171, 45.1521467 ], [ -66.7686753, 45.1546657 ], [ -66.7690063, 45.1600815 ], [ -66.7690269, 45.1603963 ], [ -66.7690411, 45.1607112 ], [ -66.7690687, 45.16117 ], [ -66.7691028, 45.1616513 ], [ -66.7691305, 45.1621327 ], [ -66.7693443, 45.1656277 ], [ -66.7694377, 45.1669475 ], [ -66.7694616, 45.167283 ], [ -66.7695939, 45.1691538 ], [ -66.7697153, 45.1708743 ], [ -66.7698729, 45.1730995 ], [ -66.7698899, 45.1733419 ], [ -66.7699725, 45.1749078 ], [ -66.7701563, 45.1783804 ], [ -66.7704638, 45.1841472 ], [ -66.7705344, 45.1855957 ], [ -66.7705345, 45.1856137 ], [ -66.7711058, 45.1959596 ], [ -66.7717839, 45.2084706 ], [ -66.7721636, 45.2149504 ], [ -66.7735448, 45.2385155 ], [ -66.77361, 45.2396256 ], [ -66.7738006, 45.2428707 ], [ -66.773846, 45.2436443 ], [ -66.7738481, 45.2436722 ], [ -66.7739234, 45.2449564 ], [ -66.7740258, 45.2467017 ], [ -66.7742182, 45.2499922 ], [ -66.7748902, 45.2636358 ], [ -66.7752236, 45.2706754 ], [ -66.7752291, 45.2707782 ], [ -66.7754932, 45.2762893 ], [ -66.7762535, 45.2917566 ], [ -66.7768069, 45.3027109 ], [ -66.7774735, 45.3129733 ], [ -66.7775597, 45.3129915 ], [ -66.7784023, 45.334836 ], [ -66.7789308, 45.3459746 ], [ -66.7803128, 45.3750851 ], [ -66.7812309, 45.3911515 ], [ -66.7824889, 45.4167377 ], [ -66.7841637, 45.4500317 ], [ -66.7849821, 45.460906 ], [ -66.7850029, 45.4610868 ], [ -66.7859938, 45.4718034 ], [ -66.7882337, 45.5018521 ], [ -66.792744, 45.501875 ], [ -66.7999662, 45.501948 ], [ -66.8090142, 45.5020375 ], [ -66.8108236, 45.5020555 ], [ -66.8417503, 45.5023573 ], [ -66.8419973, 45.5023597 ], [ -66.8442372, 45.5023813 ], [ -66.8464285, 45.5024021 ], [ -66.8476455, 45.5024136 ], [ -66.8490556, 45.5024273 ], [ -66.8506321, 45.5024422 ], [ -66.8519392, 45.5024548 ], [ -66.8521612, 45.5024568 ], [ -66.8523659, 45.5024589 ], [ -66.8530077, 45.502465 ], [ -66.862457, 45.5025548 ], [ -66.8639222, 45.5025686 ], [ -66.864189, 45.5025713 ], [ -66.8703196, 45.5026288 ], [ -66.8705544, 45.5026307 ], [ -66.8973799, 45.5028785 ], [ -66.9002212, 45.5028978 ], [ -66.903602, 45.5029195 ], [ -66.9036141, 45.5029199 ], [ -66.9038892, 45.5029217 ], [ -66.9039404, 45.5029219 ], [ -66.9046551, 45.5029266 ], [ -66.912302, 45.5029759 ], [ -66.920862, 45.5030304 ], [ -66.9222254, 45.5030392 ], [ -66.9238761, 45.5030493 ], [ -66.936272, 45.503127 ], [ -66.9359662, 45.5000373 ], [ -66.9359444, 45.5000279 ], [ -66.931481, 45.4500343 ], [ -66.9301885, 45.4331141 ], [ -66.9301738, 45.4328532 ], [ -66.9289529, 45.4167456 ], [ -66.9289643, 45.4167339 ], [ -66.928799, 45.4145809 ], [ -66.9283968, 45.4093399 ], [ -66.9281552, 45.4061286 ], [ -66.928141, 45.4059487 ], [ -66.9278715, 45.4024226 ], [ -66.9277999, 45.4014152 ], [ -66.9277293, 45.4005246 ], [ -66.9276582, 45.3995802 ], [ -66.927573, 45.3984204 ], [ -66.9274018, 45.39609 ], [ -66.9269194, 45.3897579 ], [ -66.9269053, 45.389578 ], [ -66.926822, 45.3873035 ], [ -66.9257801, 45.3750707 ], [ -66.9230534, 45.3391826 ], [ -66.9226012, 45.3334573 ], [ -66.920194, 45.3016873 ], [ -66.9202157, 45.3007514 ], [ -66.9162715, 45.2540047 ], [ -66.9160926, 45.2500823 ], [ -66.9142726, 45.2314585 ], [ -66.9135829, 45.224475 ], [ -66.9132301, 45.2207991 ], [ -66.9132211, 45.22071 ], [ -66.9120086, 45.2083503 ], [ -66.9113734, 45.2017096 ], [ -66.9096932, 45.1841431 ], [ -66.9095693, 45.1828389 ], [ -66.909362, 45.1805723 ], [ -66.9090046, 45.1769025 ], [ -66.9089769, 45.1765877 ], [ -66.9089496, 45.1763268 ], [ -66.9088945, 45.1757516 ], [ -66.9084462, 45.1708976 ], [ -66.9080681, 45.1667506 ], [ -66.9073225, 45.1589501 ], [ -66.9069801, 45.1555502 ], [ -66.9069119, 45.1549116 ], [ -66.9059247, 45.1448463 ], [ -66.905456, 45.140128 ], [ -66.9052813, 45.1383698 ], [ -66.9050893, 45.136418 ], [ -66.9048699, 45.1341783 ], [ -66.9048559, 45.1339984 ], [ -66.9048034, 45.1335026 ], [ -66.9136672, 45.1204114 ], [ -66.9259645, 45.1022443 ], [ -66.9323758, 45.083041 ], [ -66.9360106, 45.0732637 ], [ -66.938144, 45.0662353 ] ] ] } },
{ "type": "Feature", "properties": { "name": "Saint James Parish", "osm_type": "relation", "id": 9689947, "boundary": "administrative", "County": "Charlotte", "State": "New Brunswick", "long_name": "new_brunswick_charlotte_county_saint_james_parish", "wikipedia": null, "name:en": "Saint James Parish" }, "geometry": { "type": "Polygon", "coordinates": [ [ [ -67.5037187, 45.4867218 ], [ -67.502877, 45.4858299 ], [ -67.5026589, 45.4838428 ], [ -67.5014928, 45.4827197 ], [ -67.5009524, 45.4789566 ], [ -67.4992837, 45.4770221 ], [ -67.4970226, 45.4759193 ], [ -67.4949497, 45.4728535 ], [ -67.4926984, 45.4710881 ], [ -67.4908985, 45.4704441 ], [ -67.4905054, 45.4701963 ], [ -67.4903229, 45.4693853 ], [ -67.4874434, 45.4678583 ], [ -67.4872307, 45.4677455 ], [ -67.4866836, 45.4666695 ], [ -67.4863373, 45.4659883 ], [ -67.486294, 45.464749 ], [ -67.485194, 45.4638899 ], [ -67.483657, 45.4620875 ], [ -67.4821084, 45.459413 ], [ -67.4825009, 45.4571155 ], [ -67.4849502, 45.4563617 ], [ -67.4851184, 45.4557059 ], [ -67.485222, 45.4553021 ], [ -67.4851408, 45.4542279 ], [ -67.4851133, 45.453863 ], [ -67.4850312, 45.4527768 ], [ -67.484239, 45.4512444 ], [ -67.483966, 45.4494201 ], [ -67.4831734, 45.4492598 ], [ -67.4822889, 45.4481096 ], [ -67.4779026, 45.4464462 ], [ -67.4764714, 45.4433396 ], [ -67.4775881, 45.4416401 ], [ -67.479838, 45.4414308 ], [ -67.4803936, 45.4409534 ], [ -67.4799827, 45.4394456 ], [ -67.4781404, 45.4368854 ], [ -67.4789418, 45.4357421 ], [ -67.4785068, 45.4343602 ], [ -67.4774306, 45.4328244 ], [ -67.4771189, 45.431403 ], [ -67.4775237, 45.4305462 ], [ -67.4754322, 45.4288409 ], [ -67.474367, 45.4262005 ], [ -67.4741143, 45.4251084 ], [ -67.4726794, 45.423239 ], [ -67.4702306, 45.4226935 ], [ -67.4681952, 45.4227948 ], [ -67.4668113, 45.4224756 ], [ -67.4657415, 45.422608 ], [ -67.4639447, 45.4224235 ], [ -67.4623932, 45.4226151 ], [ -67.4612448, 45.4222468 ], [ -67.4603942, 45.4212043 ], [ -67.4602459, 45.4204599 ], [ -67.4611318, 45.4193251 ], [ -67.4593834, 45.4174434 ], [ -67.4591445, 45.4157999 ], [ -67.4578801, 45.4146488 ], [ -67.4564208, 45.4144277 ], [ -67.4562675, 45.41345 ], [ -67.4527295, 45.4096951 ], [ -67.4506547, 45.4091326 ], [ -67.4468929, 45.4067721 ], [ -67.4451878, 45.4051232 ], [ -67.4423838, 45.4029363 ], [ -67.4400822, 45.4011708 ], [ -67.4384635, 45.3990573 ], [ -67.4324059, 45.3947998 ], [ -67.4297077, 45.391955 ], [ -67.4276429, 45.3910343 ], [ -67.4268015, 45.3897755 ], [ -67.4263312, 45.3855277 ], [ -67.4250069, 45.3836672 ], [ -67.4240929, 45.3820607 ], [ -67.4227378, 45.3812365 ], [ -67.423075, 45.3799871 ], [ -67.4228228, 45.3793054 ], [ -67.419237, 45.3771226 ], [ -67.4196482, 45.3754699 ], [ -67.4211328, 45.3735902 ], [ -67.422757, 45.373017 ], [ -67.4253728, 45.3729901 ], [ -67.4267518, 45.3736996 ], [ -67.4277424, 45.3729261 ], [ -67.4301674, 45.3716373 ], [ -67.4304328, 45.3712023 ], [ -67.4323355, 45.368083 ], [ -67.4321469, 45.3670514 ], [ -67.4345281, 45.3649831 ], [ -67.4336569, 45.3634787 ], [ -67.4335532, 45.3608381 ], [ -67.4330281, 45.3604248 ], [ -67.4317109, 45.3605389 ], [ -67.4309736, 45.3601331 ], [ -67.4301969, 45.3595475 ], [ -67.4253519, 45.3574339 ], [ -67.4254549, 45.3566061 ], [ -67.4272288, 45.355309 ], [ -67.4285705, 45.3547726 ], [ -67.428755, 45.3539354 ], [ -67.4285405, 45.3534954 ], [ -67.4282077, 45.3526046 ], [ -67.4286494, 45.3517288 ], [ -67.4306592, 45.3510791 ], [ -67.4314553, 45.3497822 ], [ -67.4304535, 45.3479211 ], [ -67.4289309, 45.34575 ], [ -67.4288692, 45.3451669 ], [ -67.4288481, 45.3443598 ], [ -67.4312243, 45.3410922 ], [ -67.4346191, 45.3400776 ], [ -67.4364214, 45.3388425 ], [ -67.4406042, 45.3360575 ], [ -67.4414762, 45.3351748 ], [ -67.4420337, 45.3339445 ], [ -67.4418498, 45.3324707 ], [ -67.4436014, 45.3308894 ], [ -67.4464713, 45.3299527 ], [ -67.4479745, 45.3296919 ], [ -67.4507839, 45.3292036 ], [ -67.4520314, 45.3282956 ], [ -67.4554551, 45.3271626 ], [ -67.4569081, 45.3252762 ], [ -67.456274, 45.3235363 ], [ -67.4554492, 45.3223974 ], [ -67.4529669, 45.3204389 ], [ -67.452109, 45.3192914 ], [ -67.4518373, 45.3177027 ], [ -67.4534651, 45.3137123 ], [ -67.4578626, 45.3096125 ], [ -67.4592242, 45.3057031 ], [ -67.4587387, 45.3043856 ], [ -67.4597434, 45.3031922 ], [ -67.4603058, 45.3000395 ], [ -67.4628003, 45.2993478 ], [ -67.465822, 45.2998215 ], [ -67.4675143, 45.2991984 ], [ -67.4680826, 45.2989876 ], [ -67.4687016, 45.2973955 ], [ -67.4659573, 45.2969062 ], [ -67.4661151, 45.2938808 ], [ -67.467409, 45.2934314 ], [ -67.4708149, 45.2933312 ], [ -67.4721025, 45.2922271 ], [ -67.4747123, 45.2916987 ], [ -67.4761082, 45.2886554 ], [ -67.4779319, 45.288336 ], [ -67.4812123, 45.2911197 ], [ -67.4850791, 45.2911745 ], [ -67.4863939, 45.2899123 ], [ -67.4858713, 45.2870374 ], [ -67.489663, 45.2821559 ], [ -67.4890437, 45.2805965 ], [ -67.4871049, 45.2802043 ], [ -67.4835036, 45.2794756 ], [ -67.4820287, 45.2753873 ], [ -67.4790766, 45.2752342 ], [ -67.4788013, 45.2752466 ], [ -67.4773299, 45.2759085 ], [ -67.4764207, 45.2754179 ], [ -67.4771574, 45.2738935 ], [ -67.4757734, 45.2713232 ], [ -67.4759911, 45.2705085 ], [ -67.4761539, 45.2699177 ], [ -67.47643, 45.2690769 ], [ -67.4752521, 45.2658914 ], [ -67.475245, 45.2658521 ], [ -67.474783, 45.2632984 ], [ -67.471811, 45.2616573 ], [ -67.4714898, 45.260729 ], [ -67.4731112, 45.2586578 ], [ -67.4711523, 45.2551929 ], [ -67.4689502, 45.2533001 ], [ -67.4685171, 45.2506744 ], [ -67.4668048, 45.2496 ], [ -67.4641968, 45.245137 ], [ -67.4619119, 45.2427236 ], [ -67.4600793, 45.242023 ], [ -67.4556399, 45.2419138 ], [ -67.4538465, 45.2412556 ], [ -67.4491862, 45.2366063 ], [ -67.4473549, 45.2331472 ], [ -67.4422794, 45.2290921 ], [ -67.4404377, 45.2277472 ], [ -67.4393012, 45.2261481 ], [ -67.4393123, 45.2247912 ], [ -67.436988, 45.2227584 ], [ -67.4372896, 45.2199302 ], [ -67.4353285, 45.2161164 ], [ -67.4309185, 45.2092106 ], [ -67.4307323, 45.2061666 ], [ -67.427966, 45.2018122 ], [ -67.4287193, 45.1996895 ], [ -67.4292644, 45.1934861 ], [ -67.4268702, 45.1915367 ], [ -67.4181133, 45.1900179 ], [ -67.415842, 45.1875037 ], [ -67.4152263, 45.1868221 ], [ -67.4133624, 45.1854313 ], [ -67.4114749, 45.1825642 ], [ -67.4065556, 45.1788889 ], [ -67.406079, 45.1787941 ], [ -67.4048227, 45.1795426 ], [ -67.4002981, 45.1822228 ], [ -67.3820385, 45.1935423 ], [ -67.3820258, 45.1935424 ], [ -67.3608331, 45.2066796 ], [ -67.3579932, 45.2084383 ], [ -67.3494042, 45.2137026 ], [ -67.3483615, 45.2143336 ], [ -67.3363607, 45.2217226 ], [ -67.3343351, 45.2229694 ], [ -67.3364791, 45.2247221 ], [ -67.3442775, 45.231125 ], [ -67.3443034, 45.2311518 ], [ -67.3442906, 45.2311519 ], [ -67.3446771, 45.2323008 ], [ -67.3459406, 45.2359265 ], [ -67.3467264, 45.2382151 ], [ -67.3471524, 45.2394441 ], [ -67.3475779, 45.2406827 ], [ -67.3479374, 45.2417237 ], [ -67.3480169, 45.2419301 ], [ -67.3484297, 45.2431237 ], [ -67.3488958, 45.2444699 ], [ -67.3493085, 45.2456545 ], [ -67.3498943, 45.2473777 ], [ -67.3501468, 45.2480777 ], [ -67.3506265, 45.2494777 ], [ -67.3524186, 45.2492123 ], [ -67.3547192, 45.2488804 ], [ -67.3549734, 45.2488425 ], [ -67.3559647, 45.2520927 ], [ -67.3565547, 45.2540318 ], [ -67.3577328, 45.257829 ], [ -67.3579067, 45.258384 ], [ -67.358616, 45.2606476 ], [ -67.3597547, 45.2643016 ], [ -67.3598946, 45.264745 ], [ -67.3602367, 45.2658275 ], [ -67.3610136, 45.2683593 ], [ -67.3414678, 45.2709899 ], [ -67.3385953, 45.2713962 ], [ -67.3148134, 45.2752981 ], [ -67.2978609, 45.2780793 ], [ -67.2962453, 45.2783443 ], [ -67.2951523, 45.2785236 ], [ -67.2807289, 45.2808898 ], [ -67.2744642, 45.2819175 ], [ -67.2698842, 45.2826688 ], [ -67.265814, 45.2833365 ], [ -67.2658058, 45.2833379 ], [ -67.2657916, 45.2834257 ], [ -67.2657671, 45.2834979 ], [ -67.2657298, 45.2835611 ], [ -67.265732, 45.2837231 ], [ -67.2657196, 45.2837501 ], [ -67.2657071, 45.2837682 ], [ -67.265644, 45.2838136 ], [ -67.2656189, 45.2838408 ], [ -67.265455, 45.2839769 ], [ -67.2653801, 45.2840944 ], [ -67.2653188, 45.2842747 ], [ -67.2653063, 45.2842928 ], [ -67.2652317, 45.2844283 ], [ -67.2652192, 45.2844464 ], [ -67.2651818, 45.2845096 ], [ -67.2651572, 45.2845728 ], [ -67.2651332, 45.2846809 ], [ -67.2650835, 45.2847802 ], [ -67.2649459, 45.2849701 ], [ -67.2648709, 45.2850786 ], [ -67.2648211, 45.2851689 ], [ -67.2647834, 45.2852051 ], [ -67.2647709, 45.2852232 ], [ -67.2647082, 45.2852956 ], [ -67.2646959, 45.2853317 ], [ -67.2646835, 45.2853588 ], [ -67.2646797, 45.2855478 ], [ -67.2646782, 45.2856243 ], [ -67.2646754, 45.2857008 ], [ -67.2646509, 45.2857729 ], [ -67.2646136, 45.2858451 ], [ -67.2645509, 45.2859175 ], [ -67.2645259, 45.2859537 ], [ -67.2644133, 45.2861074 ], [ -67.2643253, 45.286198 ], [ -67.2643001, 45.2862252 ], [ -67.2642243, 45.2862707 ], [ -67.2640728, 45.2863797 ], [ -67.263883, 45.2864799 ], [ -67.2637566, 45.2865618 ], [ -67.2637186, 45.28658 ], [ -67.2636807, 45.2866073 ], [ -67.2636554, 45.2866164 ], [ -67.2636304, 45.2866526 ], [ -67.2635549, 45.2867251 ], [ -67.2634791, 45.2867796 ], [ -67.2633785, 45.2868792 ], [ -67.2632273, 45.2870062 ], [ -67.2632022, 45.2870334 ], [ -67.263139, 45.2870788 ], [ -67.2630902, 45.2871534 ], [ -67.263052, 45.2872414 ], [ -67.2630412, 45.2873854 ], [ -67.2630426, 45.2874844 ], [ -67.2630557, 45.2875113 ], [ -67.2630826, 45.2876191 ], [ -67.2630966, 45.287709 ], [ -67.2631098, 45.2877449 ], [ -67.2631485, 45.2877806 ], [ -67.2631875, 45.2878343 ], [ -67.2631893, 45.2879693 ], [ -67.263177, 45.2879963 ], [ -67.2631649, 45.2880504 ], [ -67.2631278, 45.2881316 ], [ -67.263092, 45.2883118 ], [ -67.2630795, 45.2883299 ], [ -67.2630424, 45.2884112 ], [ -67.2630178, 45.2884833 ], [ -67.2629928, 45.2885195 ], [ -67.262968, 45.2885646 ], [ -67.2629433, 45.2886278 ], [ -67.2629313, 45.2886818 ], [ -67.2629333, 45.2888258 ], [ -67.2628717, 45.2889882 ], [ -67.2628341, 45.2890334 ], [ -67.2627711, 45.2890878 ], [ -67.2627083, 45.2891602 ], [ -67.2626836, 45.2892144 ], [ -67.2626716, 45.2892685 ], [ -67.2626733, 45.2893944 ], [ -67.2626996, 45.2894572 ], [ -67.2627515, 45.2895199 ], [ -67.2627904, 45.2895736 ], [ -67.2628295, 45.2896363 ], [ -67.2628427, 45.2896722 ], [ -67.2628567, 45.2897621 ], [ -67.2629087, 45.2898337 ], [ -67.263025, 45.2899499 ], [ -67.2630636, 45.2899766 ], [ -67.2632045, 45.2900297 ], [ -67.2633588, 45.2901276 ], [ -67.2635125, 45.2901806 ], [ -67.2637177, 45.2902692 ], [ -67.2638204, 45.2903224 ], [ -67.2638843, 45.29034 ], [ -67.2639994, 45.2903662 ], [ -67.2642043, 45.2904368 ], [ -67.2642942, 45.2904812 ], [ -67.2643198, 45.29049 ], [ -67.2644224, 45.2905343 ], [ -67.2644735, 45.290543 ], [ -67.264499, 45.2905428 ], [ -67.2645246, 45.2905516 ], [ -67.2645757, 45.2905603 ], [ -67.2646911, 45.2906135 ], [ -67.2647424, 45.2906311 ], [ -67.2648193, 45.2906666 ], [ -67.2648704, 45.2906753 ], [ -67.2650372, 45.2907551 ], [ -67.2650628, 45.2907639 ], [ -67.2651269, 45.2907905 ], [ -67.2651783, 45.2908171 ], [ -67.2652936, 45.2908614 ], [ -67.2653577, 45.2908879 ], [ -67.2654863, 45.290968 ], [ -67.2655635, 45.2910215 ], [ -67.2656533, 45.2910659 ], [ -67.2657177, 45.2911104 ], [ -67.2658075, 45.2911548 ], [ -67.2658331, 45.2911636 ], [ -67.2658719, 45.2911994 ], [ -67.2659877, 45.2912796 ], [ -67.2660785, 45.2913959 ], [ -67.2661553, 45.2914224 ], [ -67.2662577, 45.2914487 ], [ -67.2662833, 45.2914575 ], [ -67.26636, 45.291475 ], [ -67.2668316, 45.2914718 ], [ -67.2668698, 45.2914625 ], [ -67.266959, 45.2914619 ], [ -67.2671873, 45.2913794 ], [ -67.2672379, 45.2913521 ], [ -67.2673895, 45.291252 ], [ -67.2674656, 45.2912245 ], [ -67.2675415, 45.291179 ], [ -67.2676175, 45.2911425 ], [ -67.2676805, 45.2910881 ], [ -67.2677026, 45.290836 ], [ -67.2677517, 45.2907007 ], [ -67.2678391, 45.2905652 ], [ -67.2678638, 45.290511 ], [ -67.2679016, 45.2904748 ], [ -67.2679517, 45.2904114 ], [ -67.2680145, 45.290339 ], [ -67.268077, 45.2902486 ], [ -67.2681147, 45.2902124 ], [ -67.2681906, 45.2901669 ], [ -67.2682921, 45.2901302 ], [ -67.2683683, 45.2901117 ], [ -67.26847, 45.290093 ], [ -67.2685847, 45.2900922 ], [ -67.2686976, 45.2900928 ], [ -67.2687379, 45.2901092 ], [ -67.2687512, 45.2901451 ], [ -67.2687651, 45.2902349 ], [ -67.2688062, 45.2904416 ], [ -67.2688077, 45.2905496 ], [ -67.2688473, 45.2906483 ], [ -67.2689382, 45.2907736 ], [ -67.2690674, 45.2908987 ], [ -67.2691061, 45.2909345 ], [ -67.2692088, 45.2909877 ], [ -67.2693372, 45.2910499 ], [ -67.2694125, 45.2911047 ], [ -67.2694272, 45.2911113 ], [ -67.2694388, 45.2911202 ], [ -67.2694492, 45.2911301 ], [ -67.2694673, 45.2911506 ], [ -67.2694751, 45.2911614 ], [ -67.2694829, 45.2911766 ], [ -67.2694909, 45.2912018 ], [ -67.2695041, 45.2912314 ], [ -67.2695107, 45.2912466 ], [ -67.2695173, 45.2912632 ], [ -67.2695561, 45.2913093 ], [ -67.269646, 45.2913537 ], [ -67.2697741, 45.2913978 ], [ -67.2698769, 45.2914601 ], [ -67.2699537, 45.2914865 ], [ -67.2700939, 45.2914856 ], [ -67.2701323, 45.2914943 ], [ -67.2701579, 45.2915032 ], [ -67.2701709, 45.2915211 ], [ -67.2701974, 45.2915929 ], [ -67.2702234, 45.2916287 ], [ -67.270288, 45.2916912 ], [ -67.2703517, 45.2917371 ], [ -67.2704418, 45.2917995 ], [ -67.2704677, 45.2918263 ], [ -67.2705192, 45.2918683 ], [ -67.2706223, 45.2919512 ], [ -67.2706609, 45.291978 ], [ -67.2706866, 45.2919868 ], [ -67.2707426, 45.2920287 ], [ -67.2707986, 45.2920702 ], [ -67.270854, 45.2921116 ], [ -67.2709311, 45.2921561 ], [ -67.2710209, 45.2922005 ], [ -67.2710592, 45.2922002 ], [ -67.2711225, 45.2921728 ], [ -67.2711605, 45.2921545 ], [ -67.2712363, 45.2921 ], [ -67.2713757, 45.2920451 ], [ -67.2713884, 45.292036 ], [ -67.2713885, 45.292045 ], [ -67.2714015, 45.2920629 ], [ -67.2714408, 45.2921436 ], [ -67.2714753, 45.2921911 ], [ -67.2715097, 45.292239 ], [ -67.2715448, 45.2922869 ], [ -67.2715708, 45.2923227 ], [ -67.2716102, 45.2924124 ], [ -67.2716274, 45.2924573 ], [ -67.2716631, 45.292547 ], [ -67.2716764, 45.2925919 ], [ -67.2717025, 45.2926367 ], [ -67.2717027, 45.2926507 ], [ -67.2717043, 45.2927627 ], [ -67.2717176, 45.2928076 ], [ -67.2717307, 45.2928345 ], [ -67.2717347, 45.2931224 ], [ -67.2717479, 45.2931583 ], [ -67.2717869, 45.293212 ], [ -67.2718514, 45.2932655 ], [ -67.2718772, 45.2932924 ], [ -67.2719673, 45.2933547 ], [ -67.272027, 45.293384 ], [ -67.2720867, 45.2934137 ], [ -67.272147, 45.2934435 ], [ -67.2721985, 45.2934791 ], [ -67.2722375, 45.2935328 ], [ -67.2723282, 45.2936402 ], [ -67.2723674, 45.2937119 ], [ -67.272407, 45.2938106 ], [ -67.2724205, 45.2938645 ], [ -67.2724469, 45.2939273 ], [ -67.272448, 45.2940083 ], [ -67.2724355, 45.2940264 ], [ -67.2724357, 45.2940444 ], [ -67.2724234, 45.2940714 ], [ -67.2723865, 45.2941707 ], [ -67.2723871, 45.2942157 ], [ -67.2724006, 45.2942695 ], [ -67.2724369, 45.2943638 ], [ -67.2724515, 45.2944019 ], [ -67.2724667, 45.2944401 ], [ -67.2724671, 45.294476 ], [ -67.2725061, 45.2945298 ], [ -67.2725065, 45.2945568 ], [ -67.2725329, 45.2946196 ], [ -67.2725486, 45.2948354 ], [ -67.2725363, 45.2948715 ], [ -67.2724989, 45.2949347 ], [ -67.2724491, 45.295016 ], [ -67.2724502, 45.295097 ], [ -67.2725271, 45.2951325 ], [ -67.2725401, 45.2951504 ], [ -67.2725405, 45.2951774 ], [ -67.2725669, 45.2952402 ], [ -67.2725713, 45.2955641 ], [ -67.2725714, 45.2956181 ], [ -67.27256, 45.2956721 ], [ -67.2725354, 45.2957353 ], [ -67.2724608, 45.2958708 ], [ -67.2724619, 45.2959517 ], [ -67.2724495, 45.2959788 ], [ -67.272438, 45.2960689 ], [ -67.2724522, 45.2961767 ], [ -67.2724397, 45.2961948 ], [ -67.2724402, 45.2962308 ], [ -67.2724147, 45.296276 ], [ -67.2724022, 45.2962941 ], [ -67.2723652, 45.2963843 ], [ -67.2723499, 45.2964294 ], [ -67.2723167, 45.2965196 ], [ -67.2723054, 45.2966726 ], [ -67.2722555, 45.2967045 ], [ -67.2722043, 45.2967363 ], [ -67.2721673, 45.2967815 ], [ -67.2721481, 45.2968222 ], [ -67.2721302, 45.2968628 ], [ -67.2720927, 45.296917 ], [ -67.2720634, 45.2969681 ], [ -67.2720348, 45.2970191 ], [ -67.2720049, 45.2970706 ], [ -67.2719808, 45.2971247 ], [ -67.2719687, 45.2971725 ], [ -67.2719566, 45.2972207 ], [ -67.2719439, 45.297269 ], [ -67.2719368, 45.2973109 ], [ -67.2719291, 45.2973527 ], [ -67.2719201, 45.2973951 ], [ -67.2719085, 45.2974312 ], [ -67.2718956, 45.2974672 ], [ -67.2718715, 45.2975214 ], [ -67.2718461, 45.2975756 ], [ -67.271802, 45.2976119 ], [ -67.2717585, 45.2976481 ], [ -67.2716445, 45.2977029 ], [ -67.2715811, 45.2977272 ], [ -67.271517, 45.2977515 ], [ -67.2714536, 45.2977762 ], [ -67.2714285, 45.2978034 ], [ -67.2713906, 45.2978306 ], [ -67.2713655, 45.2978578 ], [ -67.271286, 45.297915 ], [ -67.2712336, 45.2979532 ], [ -67.2711793, 45.2979918 ], [ -67.2711256, 45.2980304 ], [ -67.2710883, 45.2980486 ], [ -67.271037, 45.298076 ], [ -67.2709483, 45.2981126 ], [ -67.2708721, 45.2981351 ], [ -67.2707959, 45.2981586 ], [ -67.2707451, 45.2981769 ], [ -67.2707324, 45.298177 ], [ -67.2706817, 45.2981954 ], [ -67.2706054, 45.2982134 ], [ -67.2705292, 45.2982324 ], [ -67.2704023, 45.2982782 ], [ -67.2702625, 45.2983062 ], [ -67.2701924, 45.2983107 ], [ -67.2701223, 45.2983157 ], [ -67.2700523, 45.2983211 ], [ -67.2699822, 45.2983261 ], [ -67.2699314, 45.298335 ], [ -67.269855, 45.2983445 ], [ -67.2698041, 45.2983543 ], [ -67.2697533, 45.2983632 ], [ -67.2696834, 45.2983839 ], [ -67.2696136, 45.2984051 ], [ -67.2695438, 45.2984258 ], [ -67.2694739, 45.2984461 ], [ -67.2694102, 45.2984465 ], [ -67.2693848, 45.2984557 ], [ -67.2693212, 45.2984651 ], [ -67.2692576, 45.298475 ], [ -67.2691776, 45.2985021 ], [ -67.2691243, 45.2985209 ], [ -67.2690704, 45.2985388 ], [ -67.2690165, 45.2985572 ], [ -67.2689786, 45.2985844 ], [ -67.2689408, 45.2986207 ], [ -67.2688658, 45.2987292 ], [ -67.2688281, 45.2987654 ], [ -67.2688034, 45.2988286 ], [ -67.2688044, 45.298901 ], [ -67.2687974, 45.2989474 ], [ -67.2687694, 45.2991347 ], [ -67.2686947, 45.2992702 ], [ -67.2686822, 45.2992883 ], [ -67.2685832, 45.2995049 ], [ -67.2685582, 45.2995411 ], [ -67.2685583, 45.29955 ], [ -67.2685253, 45.299607 ], [ -67.2685035, 45.2996449 ], [ -67.2684586, 45.2997217 ], [ -67.2684336, 45.2997578 ], [ -67.2683714, 45.2998662 ], [ -67.2683717, 45.2998932 ], [ -67.268385, 45.2999291 ], [ -67.2684021, 45.2999677 ], [ -67.2684376, 45.3000458 ], [ -67.2684637, 45.3000906 ], [ -67.2684648, 45.3001715 ], [ -67.2684785, 45.3002434 ], [ -67.2685305, 45.3003151 ], [ -67.2685692, 45.3003508 ], [ -67.2686206, 45.3003774 ], [ -67.2687108, 45.3004488 ], [ -67.2687754, 45.3005113 ], [ -67.2688526, 45.3005648 ], [ -67.2689956, 45.3007618 ], [ -67.2689968, 45.3008518 ], [ -67.2689817, 45.3009598 ], [ -67.2689735, 45.3010139 ], [ -67.268949, 45.301086 ], [ -67.2688744, 45.3012215 ], [ -67.2688115, 45.3012849 ], [ -67.2687105, 45.3013576 ], [ -67.2686218, 45.3014032 ], [ -67.2683555, 45.301504 ], [ -67.2683047, 45.3015223 ], [ -67.2682033, 45.301568 ], [ -67.268178, 45.3015772 ], [ -67.2681653, 45.3015862 ], [ -67.2680261, 45.3016592 ], [ -67.26795, 45.3016867 ], [ -67.2678993, 45.301714 ], [ -67.2678361, 45.3017531 ], [ -67.2677097, 45.3018323 ], [ -67.2676589, 45.3018506 ], [ -67.2675576, 45.3018963 ], [ -67.2675068, 45.3019146 ], [ -67.2674688, 45.3019329 ], [ -67.2674057, 45.3019783 ], [ -67.2673806, 45.3020055 ], [ -67.2672417, 45.3021054 ], [ -67.2671663, 45.3021869 ], [ -67.2670656, 45.3022865 ], [ -67.2669898, 45.3023321 ], [ -67.2669518, 45.3023503 ], [ -67.2669264, 45.3023595 ], [ -67.2668626, 45.3023599 ], [ -67.2668245, 45.3023692 ], [ -67.2667734, 45.3023605 ], [ -67.2667483, 45.3023877 ], [ -67.2666563, 45.302472 ], [ -67.2666097, 45.3025146 ], [ -67.2665215, 45.3025872 ], [ -67.2664587, 45.3026596 ], [ -67.2663834, 45.3027501 ], [ -67.2661446, 45.3030036 ], [ -67.2661196, 45.3030398 ], [ -67.2660441, 45.3031123 ], [ -67.2660316, 45.3031304 ], [ -67.2659939, 45.3031666 ], [ -67.2659559, 45.3031849 ], [ -67.2658548, 45.3032575 ], [ -67.2657413, 45.3033483 ], [ -67.2656654, 45.3033938 ], [ -67.2656528, 45.3034029 ], [ -67.2656024, 45.3034482 ], [ -67.265539, 45.3034756 ], [ -67.2655143, 45.3035298 ], [ -67.2655148, 45.3035658 ], [ -67.2654267, 45.3036563 ], [ -67.2653273, 45.303846 ], [ -67.2652772, 45.3039093 ], [ -67.2651762, 45.303982 ], [ -67.2651382, 45.3040002 ], [ -67.2651257, 45.3040183 ], [ -67.2651387, 45.3040362 ], [ -67.2651771, 45.3040539 ], [ -67.2652159, 45.3040897 ], [ -67.2652676, 45.3041433 ], [ -67.2652556, 45.3041974 ], [ -67.2652181, 45.3042516 ], [ -67.2651427, 45.3043304 ], [ -67.2651049, 45.3043693 ], [ -67.2650799, 45.3044055 ], [ -67.2649794, 45.3045142 ], [ -67.2649416, 45.3045504 ], [ -67.2648789, 45.3046228 ], [ -67.2648029, 45.3046593 ], [ -67.2647145, 45.3047229 ], [ -67.2646642, 45.3047772 ], [ -67.2646394, 45.3048314 ], [ -67.2646409, 45.3049394 ], [ -67.2646285, 45.3049664 ], [ -67.2646165, 45.3050205 ], [ -67.264592, 45.3050926 ], [ -67.2645548, 45.3051739 ], [ -67.264555, 45.3051829 ], [ -67.2645424, 45.305201 ], [ -67.2645177, 45.3052551 ], [ -67.2644419, 45.3053096 ], [ -67.264379, 45.305373 ], [ -67.2643285, 45.3054094 ], [ -67.2642909, 45.3054546 ], [ -67.2642784, 45.3054727 ], [ -67.2642664, 45.3055267 ], [ -67.2642551, 45.3056348 ], [ -67.2642559, 45.3056978 ], [ -67.2642059, 45.3057701 ], [ -67.2641593, 45.3058154 ], [ -67.2640675, 45.305906 ], [ -67.264005, 45.3059964 ], [ -67.2639932, 45.3060685 ], [ -67.2639961, 45.3062844 ], [ -67.2640222, 45.3063243 ], [ -67.2640482, 45.306365 ], [ -67.2640879, 45.3064727 ], [ -67.2640948, 45.3065087 ], [ -67.2641017, 45.3065442 ], [ -67.2641285, 45.306643 ], [ -67.2641354, 45.3066794 ], [ -67.2641422, 45.3067149 ], [ -67.2641682, 45.3067507 ], [ -67.2641815, 45.306787 ], [ -67.2642208, 45.3068677 ], [ -67.2642468, 45.3069036 ], [ -67.2642869, 45.3070383 ], [ -67.2643, 45.3070652 ], [ -67.264313, 45.3070831 ], [ -67.264364, 45.3070823 ], [ -67.264415, 45.3070824 ], [ -67.2644534, 45.3070907 ], [ -67.2644917, 45.3070999 ], [ -67.2645177, 45.3071357 ], [ -67.2645355, 45.3071805 ], [ -67.2645534, 45.307225 ], [ -67.2645706, 45.3072703 ], [ -67.2645726, 45.3074232 ], [ -67.2645603, 45.3074544 ], [ -67.264548, 45.3074864 ], [ -67.2645611, 45.3075133 ], [ -67.2645751, 45.3076032 ], [ -67.2645882, 45.3076301 ], [ -67.2645889, 45.3076841 ], [ -67.264564, 45.3077288 ], [ -67.2645516, 45.3077558 ], [ -67.2645546, 45.3079718 ], [ -67.2645677, 45.3079991 ], [ -67.2645812, 45.308053 ], [ -67.2645947, 45.3081065 ], [ -67.2646017, 45.3081519 ], [ -67.2646086, 45.3081964 ], [ -67.2646353, 45.3082808 ], [ -67.2646486, 45.3083221 ], [ -67.2646873, 45.3083582 ], [ -67.2647006, 45.3083941 ], [ -67.2647396, 45.3084479 ], [ -67.2647574, 45.3084954 ], [ -67.2647753, 45.3085434 ], [ -67.2647925, 45.3085915 ], [ -67.2648276, 45.3086358 ], [ -67.264862, 45.3086805 ], [ -67.2648964, 45.3087257 ], [ -67.2649351, 45.3087615 ], [ -67.2649738, 45.3087967 ], [ -67.2649997, 45.3088236 ], [ -67.2650127, 45.3088415 ], [ -67.2650515, 45.3088821 ], [ -67.2650903, 45.3089224 ], [ -67.265129, 45.3089577 ], [ -67.2651804, 45.3089847 ], [ -67.2652127, 45.3090156 ], [ -67.265245, 45.3090468 ], [ -67.2652964, 45.3090739 ], [ -67.2654125, 45.3091721 ], [ -67.265484, 45.3092751 ], [ -67.2655198, 45.3093262 ], [ -67.2655556, 45.3093777 ], [ -67.2655562, 45.3094226 ], [ -67.2655693, 45.3094496 ], [ -67.2655701, 45.309513 ], [ -67.2655833, 45.3095399 ], [ -67.2655972, 45.3096298 ], [ -67.2656242, 45.3097376 ], [ -67.2656634, 45.3098093 ], [ -67.2656894, 45.3098446 ], [ -67.2657159, 45.3099165 ], [ -67.2657419, 45.3099523 ], [ -67.2657678, 45.3099795 ], [ -67.2658063, 45.3099973 ], [ -67.2658446, 45.3100056 ], [ -67.2659084, 45.3100056 ], [ -67.265934, 45.3100144 ], [ -67.2660372, 45.3101037 ], [ -67.2661274, 45.3101661 ], [ -67.26623, 45.3102103 ], [ -67.2662682, 45.3102101 ], [ -67.2662936, 45.3102005 ], [ -67.2663065, 45.3102098 ], [ -67.2663192, 45.3102097 ], [ -67.2663843, 45.3103038 ], [ -67.2664363, 45.3103799 ], [ -67.2665009, 45.3104425 ], [ -67.2665308, 45.3104809 ], [ -67.2665918, 45.3105588 ], [ -67.266631, 45.3106305 ], [ -67.2666434, 45.3106484 ], [ -67.2666612, 45.310696 ], [ -67.2666785, 45.310744 ], [ -67.266697, 45.310792 ], [ -67.2667363, 45.3108728 ], [ -67.2667753, 45.3109265 ], [ -67.2668137, 45.3109802 ], [ -67.266917, 45.3110785 ], [ -67.2669555, 45.3110962 ], [ -67.2670069, 45.3111274 ], [ -67.267059, 45.3111585 ], [ -67.2671351, 45.311176 ], [ -67.2672371, 45.3111753 ], [ -67.2672971, 45.3111776 ], [ -67.2673558, 45.3111803 ], [ -67.2674164, 45.3111831 ], [ -67.2674801, 45.3111781 ], [ -67.2675432, 45.3111732 ], [ -67.2675813, 45.311164 ], [ -67.2676518, 45.3111455 ], [ -67.2677211, 45.311127 ], [ -67.2677718, 45.3111087 ], [ -67.2679247, 45.3110986 ], [ -67.2680777, 45.3110976 ], [ -67.2681158, 45.3110883 ], [ -67.2681929, 45.3110833 ], [ -67.2682687, 45.3110783 ], [ -67.2682941, 45.3110691 ], [ -67.2683321, 45.3110509 ], [ -67.2683953, 45.3110055 ], [ -67.268459, 45.31096 ], [ -67.2685347, 45.3109415 ], [ -67.2686112, 45.310941 ], [ -67.2686627, 45.3109362 ], [ -67.268713, 45.3109313 ], [ -67.2687644, 45.3109535 ], [ -67.2688163, 45.3109756 ], [ -67.2688669, 45.3109933 ], [ -67.2689434, 45.3109927 ], [ -67.2689953, 45.3110104 ], [ -67.2690459, 45.311028 ], [ -67.2691362, 45.3110994 ], [ -67.2691752, 45.3111531 ], [ -67.2692659, 45.3112605 ], [ -67.2693307, 45.311341 ], [ -67.269396, 45.3114485 ], [ -67.2693971, 45.3115295 ], [ -67.2694103, 45.3115654 ], [ -67.2693978, 45.3115835 ], [ -67.2693883, 45.3118175 ], [ -67.269427, 45.3118532 ], [ -67.2694654, 45.311862 ], [ -67.269542, 45.3118705 ], [ -67.2695804, 45.3118792 ], [ -67.2697717, 45.3118779 ], [ -67.269797, 45.3118687 ], [ -67.2698469, 45.3117847 ], [ -67.2698718, 45.3117422 ], [ -67.2698968, 45.3117061 ], [ -67.2699724, 45.3116336 ], [ -67.2700099, 45.3115793 ], [ -67.2700476, 45.3115431 ], [ -67.2700475, 45.3115341 ], [ -67.2700853, 45.3114978 ], [ -67.2701483, 45.3114434 ], [ -67.2701989, 45.3114161 ], [ -67.2703124, 45.3113253 ], [ -67.2704645, 45.3112523 ], [ -67.2705402, 45.3111978 ], [ -67.2706666, 45.311116 ], [ -67.270692, 45.3111068 ], [ -67.2707309, 45.3111065 ], [ -67.2707684, 45.3110973 ], [ -67.2709852, 45.3110958 ], [ -67.2710622, 45.3111313 ], [ -67.2710878, 45.3111401 ], [ -67.2711392, 45.3111667 ], [ -67.2712073, 45.3112081 ], [ -67.2712761, 45.3112495 ], [ -67.2713449, 45.3112913 ], [ -67.2716529, 45.3114332 ], [ -67.2718718, 45.3115846 ], [ -67.2719749, 45.3116676 ], [ -67.2720265, 45.3117095 ], [ -67.272129, 45.3117448 ], [ -67.272231, 45.3117441 ], [ -67.2722694, 45.3117529 ], [ -67.2726263, 45.3117414 ], [ -67.2726517, 45.3117323 ], [ -67.2727023, 45.3117049 ], [ -67.2727274, 45.3116778 ], [ -67.2727562, 45.3116389 ], [ -67.2728151, 45.3115602 ], [ -67.272852, 45.311461 ], [ -67.272877, 45.3114248 ], [ -67.2728767, 45.3114068 ], [ -67.2729018, 45.3113706 ], [ -67.2729523, 45.3113343 ], [ -67.2729648, 45.3113162 ], [ -67.2730155, 45.3112979 ], [ -67.2731813, 45.3112968 ], [ -67.2732197, 45.3113055 ], [ -67.2732837, 45.311323 ], [ -67.2733739, 45.3113944 ], [ -67.273528, 45.3114743 ], [ -67.2735668, 45.3115101 ], [ -67.273619, 45.3115997 ], [ -67.2736195, 45.3116357 ], [ -67.2736326, 45.3116626 ], [ -67.2736976, 45.3117521 ], [ -67.2737364, 45.3117878 ], [ -67.2737494, 45.3118057 ], [ -67.2738654, 45.3118949 ], [ -67.2739041, 45.3119307 ], [ -67.2740327, 45.3120108 ], [ -67.2740586, 45.3120376 ], [ -67.2740715, 45.3120465 ], [ -67.2741186, 45.3120849 ], [ -67.2741656, 45.3121237 ], [ -67.2742134, 45.3121625 ], [ -67.2742654, 45.3122341 ], [ -67.2742922, 45.3123329 ], [ -67.2743052, 45.3123508 ], [ -67.2743448, 45.3124495 ], [ -67.2743337, 45.3125666 ], [ -67.2743212, 45.3125846 ], [ -67.2742833, 45.3126119 ], [ -67.2741583, 45.3127927 ], [ -67.2741423, 45.3128378 ], [ -67.2741091, 45.312928 ], [ -67.2740969, 45.3129641 ], [ -67.2740719, 45.3130003 ], [ -67.274034, 45.3130275 ], [ -67.2740215, 45.3130456 ], [ -67.2739961, 45.3130548 ], [ -67.2739452, 45.3130641 ], [ -67.2739198, 45.3130733 ], [ -67.2738689, 45.3130826 ], [ -67.2738436, 45.3130918 ], [ -67.2737292, 45.3131196 ], [ -67.2736022, 45.3131564 ], [ -67.273501, 45.3132201 ], [ -67.273463, 45.3132384 ], [ -67.2733115, 45.3133474 ], [ -67.2732737, 45.3133836 ], [ -67.2732037, 45.3134831 ], [ -67.273061, 45.313682 ], [ -67.2730323, 45.3137299 ], [ -67.2729737, 45.3138266 ], [ -67.2729367, 45.3139168 ], [ -67.2729247, 45.3139709 ], [ -67.2728833, 45.3140189 ], [ -67.2727992, 45.3141157 ], [ -67.2727111, 45.3142063 ], [ -67.2726356, 45.3142788 ], [ -67.2725979, 45.3143177 ], [ -67.2725225, 45.3143965 ], [ -67.2724346, 45.3144961 ], [ -67.2723843, 45.3145531 ], [ -67.2723511, 45.3145912 ], [ -67.2723178, 45.3146296 ], [ -67.2722839, 45.3146681 ], [ -67.2722461, 45.3147043 ], [ -67.2721456, 45.314813 ], [ -67.272108, 45.3148583 ], [ -67.2720079, 45.3150029 ], [ -67.2719583, 45.3151022 ], [ -67.2719455, 45.3151023 ], [ -67.2719201, 45.3151115 ], [ -67.2719076, 45.3151296 ], [ -67.2718834, 45.3152197 ], [ -67.2718965, 45.3152466 ], [ -67.271897, 45.3152826 ], [ -67.2719101, 45.3153095 ], [ -67.2718856, 45.3153816 ], [ -67.2718478, 45.3154179 ], [ -67.2718358, 45.315472 ], [ -67.2718493, 45.3155259 ], [ -67.2718499, 45.3155708 ], [ -67.2718375, 45.3155979 ], [ -67.2718505, 45.3156158 ], [ -67.2718892, 45.3156426 ], [ -67.2719402, 45.3156422 ], [ -67.2718768, 45.3156696 ], [ -67.27189, 45.3157055 ], [ -67.271951, 45.3157834 ], [ -67.2719809, 45.3158219 ], [ -67.2719939, 45.3158398 ], [ -67.2720193, 45.3158801 ], [ -67.272046, 45.3159204 ], [ -67.2720854, 45.3160011 ], [ -67.2721114, 45.316037 ], [ -67.2721245, 45.3160639 ], [ -67.2721266, 45.3162168 ], [ -67.2721136, 45.3162439 ], [ -67.2721141, 45.316283 ], [ -67.2721153, 45.3163222 ], [ -67.2721152, 45.3163609 ], [ -67.2721028, 45.3163879 ], [ -67.2720908, 45.316442 ], [ -67.272066, 45.3164962 ], [ -67.2720415, 45.3165683 ], [ -67.2720167, 45.3166225 ], [ -67.2720177, 45.3166944 ], [ -67.2720308, 45.3167213 ], [ -67.2720315, 45.3167663 ], [ -67.2720446, 45.3167932 ], [ -67.272045, 45.3168202 ], [ -67.2721225, 45.3168917 ], [ -67.2723036, 45.3170794 ], [ -67.2723428, 45.3171511 ], [ -67.2723948, 45.3172227 ], [ -67.2724211, 45.3172765 ], [ -67.2724218, 45.3173305 ], [ -67.2723848, 45.3174208 ], [ -67.2723346, 45.3174841 ], [ -67.272234, 45.3175838 ], [ -67.2721962, 45.31762 ], [ -67.2721711, 45.3176472 ], [ -67.2721457, 45.3176563 ], [ -67.2720822, 45.3176748 ], [ -67.2720441, 45.317684 ], [ -67.2720058, 45.3176843 ], [ -67.2719153, 45.3175949 ], [ -67.271825, 45.3175236 ], [ -67.2717607, 45.317479 ], [ -67.271658, 45.3174347 ], [ -67.2715559, 45.3174264 ], [ -67.2715176, 45.3174267 ], [ -67.2714664, 45.317409 ], [ -67.2714279, 45.3173913 ], [ -67.2713502, 45.3173108 ], [ -67.271328, 45.3172719 ], [ -67.2713065, 45.3172329 ], [ -67.2712849, 45.3171943 ], [ -67.2712464, 45.3171766 ], [ -67.2711699, 45.3171771 ], [ -67.271043, 45.317223 ], [ -67.2709417, 45.3172776 ], [ -67.2708781, 45.3172934 ], [ -67.270751, 45.3173239 ], [ -67.2706489, 45.3173156 ], [ -67.2706106, 45.3173159 ], [ -67.2703287, 45.3172188 ], [ -67.2702902, 45.3172011 ], [ -67.2701359, 45.3171122 ], [ -67.2700076, 45.3170501 ], [ -67.2699306, 45.3170146 ], [ -67.2698792, 45.316988 ], [ -67.2698147, 45.3169344 ], [ -67.2697761, 45.3169077 ], [ -67.2697501, 45.3168719 ], [ -67.2696889, 45.3167823 ], [ -67.2696589, 45.3167375 ], [ -67.2696066, 45.3166389 ], [ -67.2696039, 45.316441 ], [ -67.2696163, 45.3164139 ], [ -67.2696098, 45.3163131 ], [ -67.2696072, 45.3162628 ], [ -67.2696033, 45.3162124 ], [ -67.2696001, 45.316162 ], [ -67.2695804, 45.3160767 ], [ -67.2695601, 45.3160364 ], [ -67.2695475, 45.3160004 ], [ -67.2695215, 45.3159646 ], [ -67.2694821, 45.3159289 ], [ -67.2694056, 45.3158844 ], [ -67.2693287, 45.315858 ], [ -67.2692776, 45.3158493 ], [ -67.2692004, 45.3158467 ], [ -67.2691245, 45.3158441 ], [ -67.2690473, 45.3158419 ], [ -67.268754, 45.3158439 ], [ -67.2687156, 45.3158351 ], [ -67.2686652, 45.315831 ], [ -67.2686141, 45.3158268 ], [ -67.2682826, 45.3158291 ], [ -67.2682058, 45.3158116 ], [ -67.2681284, 45.3157941 ], [ -67.2680523, 45.3157767 ], [ -67.2680012, 45.315768 ], [ -67.2679244, 45.3157505 ], [ -67.267771, 45.3157246 ], [ -67.2677134, 45.315707 ], [ -67.2676551, 45.3156894 ], [ -67.2676109, 45.3156762 ], [ -67.2675661, 45.315663 ], [ -67.2674977, 45.3156513 ], [ -67.2674287, 45.3156396 ], [ -67.2673616, 45.3156284 ], [ -67.2672979, 45.3156288 ], [ -67.2672468, 45.3156247 ], [ -67.2671957, 45.3156201 ], [ -67.2671319, 45.3156187 ], [ -67.2669406, 45.3156133 ], [ -67.2668806, 45.3156101 ], [ -67.2667619, 45.3156055 ], [ -67.2666343, 45.3156018 ], [ -67.2665705, 45.3155996 ], [ -67.2665067, 45.3155982 ], [ -67.2664046, 45.3155899 ], [ -67.2662515, 45.3155846 ], [ -67.2661749, 45.3155825 ], [ -67.2660986, 45.315592 ], [ -67.2660604, 45.3156012 ], [ -67.2660094, 45.3156016 ], [ -67.2659584, 45.3156015 ], [ -67.2658905, 45.3156267 ], [ -67.2658226, 45.315651 ], [ -67.2657554, 45.3156753 ], [ -67.2657173, 45.3156935 ], [ -67.2656542, 45.3157389 ], [ -67.2656203, 45.315777 ], [ -67.265587, 45.3158154 ], [ -67.2655537, 45.3158535 ], [ -67.2655286, 45.3158824 ], [ -67.2655035, 45.3159109 ], [ -67.265466, 45.3159652 ], [ -67.2654278, 45.316019 ], [ -67.2653903, 45.3160737 ], [ -67.2653144, 45.3161192 ], [ -67.2652639, 45.3161101 ], [ -67.2652383, 45.3161012 ], [ -67.265165, 45.3160594 ], [ -67.2650924, 45.3160185 ], [ -67.2650198, 45.3159767 ], [ -67.2649683, 45.315946 ], [ -67.2649169, 45.3159144 ], [ -67.264801, 45.3158343 ], [ -67.2647369, 45.3158036 ], [ -67.2646727, 45.3157721 ], [ -67.2646214, 45.3157549 ], [ -67.2645703, 45.3157458 ], [ -67.2645103, 45.3157435 ], [ -67.264451, 45.3157403 ], [ -67.2643916, 45.315738 ], [ -67.2643789, 45.3157381 ], [ -67.2642335, 45.3157355 ], [ -67.2641614, 45.3157346 ], [ -67.2640893, 45.3157342 ], [ -67.2640173, 45.3157329 ], [ -67.2639452, 45.3157321 ], [ -67.2639069, 45.3157323 ], [ -67.2638511, 45.3157057 ], [ -67.2637953, 45.3156795 ], [ -67.2637401, 45.3156525 ], [ -67.2636796, 45.3156173 ], [ -67.2636198, 45.3155813 ], [ -67.2635601, 45.3155457 ], [ -67.2634834, 45.3155372 ], [ -67.2633303, 45.3155293 ], [ -67.2632537, 45.3155208 ], [ -67.2631769, 45.3155033 ], [ -67.2630998, 45.3154588 ], [ -67.2630741, 45.31545 ], [ -67.2628043, 45.3152989 ], [ -67.2627787, 45.31529 ], [ -67.2627402, 45.3152723 ], [ -67.2624698, 45.3150852 ], [ -67.2623929, 45.3150587 ], [ -67.2622521, 45.3150147 ], [ -67.2621754, 45.3150062 ], [ -67.2618311, 45.3150085 ], [ -67.2618057, 45.3150177 ], [ -67.2617677, 45.3150359 ], [ -67.2617046, 45.3150813 ], [ -67.2616671, 45.3151356 ], [ -67.2616299, 45.3152168 ], [ -67.2616176, 45.3152529 ], [ -67.2616225, 45.3156128 ], [ -67.2616489, 45.3156756 ], [ -67.2617028, 45.3158912 ], [ -67.2617159, 45.3159181 ], [ -67.2617294, 45.315972 ], [ -67.2618853, 45.3161869 ], [ -67.2618988, 45.3162408 ], [ -67.2618949, 45.3163784 ], [ -67.2618936, 45.3164239 ], [ -67.261893, 45.3164693 ], [ -67.2618907, 45.3165827 ], [ -67.2618783, 45.3166098 ], [ -67.2618663, 45.3166639 ], [ -67.2618414, 45.316709 ], [ -67.2618042, 45.3167903 ], [ -67.261792, 45.3168263 ], [ -67.2617292, 45.3168987 ], [ -67.261691, 45.316953 ], [ -67.2616535, 45.3170072 ], [ -67.2615657, 45.3171158 ], [ -67.2615532, 45.3171339 ], [ -67.2615154, 45.3171701 ], [ -67.2614658, 45.3172244 ], [ -67.2614019, 45.3172654 ], [ -67.2613387, 45.3173063 ], [ -67.2612882, 45.3173426 ], [ -67.2612438, 45.3173654 ], [ -67.2612002, 45.3173882 ], [ -67.2611236, 45.3174337 ], [ -67.2609971, 45.3175065 ], [ -67.2609463, 45.3175249 ], [ -67.2609208, 45.317525 ], [ -67.2608824, 45.3175163 ], [ -67.2605253, 45.3175187 ], [ -67.2604492, 45.3175462 ], [ -67.2604121, 45.3175824 ], [ -67.2603608, 45.3176143 ], [ -67.2603103, 45.3176461 ], [ -67.2602978, 45.3176642 ], [ -67.2602354, 45.3177186 ], [ -67.2602097, 45.3177548 ], [ -67.2602232, 45.3178087 ], [ -67.2602266, 45.3180606 ], [ -67.2602019, 45.3181237 ], [ -67.2601937, 45.3181719 ], [ -67.260186, 45.3182201 ], [ -67.2601784, 45.3182679 ], [ -67.2601787, 45.3182949 ], [ -67.2601917, 45.3183128 ], [ -67.2602304, 45.3183395 ], [ -67.2603074, 45.318375 ], [ -67.2604096, 45.3183923 ], [ -67.260602, 45.318472 ], [ -67.2607044, 45.3184983 ], [ -67.2607556, 45.3185159 ], [ -67.2608453, 45.3185423 ], [ -67.2612026, 45.3185579 ], [ -67.2612919, 45.3185573 ], [ -67.2613942, 45.3185836 ], [ -67.2614455, 45.3186013 ], [ -67.261624, 45.3186 ], [ -67.2616622, 45.3185908 ], [ -67.2618535, 45.3185895 ], [ -67.2619934, 45.3185616 ], [ -67.2620953, 45.3185519 ], [ -67.2622866, 45.3185506 ], [ -67.2624402, 45.3185945 ], [ -67.2625557, 45.3186478 ], [ -67.2626838, 45.3186919 ], [ -67.2627992, 45.3187361 ], [ -67.2628506, 45.3187627 ], [ -67.2629404, 45.3187981 ], [ -67.2629534, 45.318816 ], [ -67.2629921, 45.3188518 ], [ -67.263018, 45.3188786 ], [ -67.2631206, 45.3189229 ], [ -67.2631719, 45.3189405 ], [ -67.263326, 45.3190178 ], [ -67.263403, 45.3190559 ], [ -67.2635185, 45.3191091 ], [ -67.2635441, 45.319118 ], [ -67.2636344, 45.3191893 ], [ -67.2637898, 45.3193683 ], [ -67.263829, 45.319431 ], [ -67.2638812, 45.3195206 ], [ -67.2639335, 45.3196165 ], [ -67.2639597, 45.319664 ], [ -67.2639985, 45.3197088 ], [ -67.2642308, 45.3199051 ], [ -67.2643215, 45.3200125 ], [ -67.2643345, 45.3200304 ], [ -67.2643477, 45.3200663 ], [ -67.2643484, 45.3200672 ], [ -67.264349, 45.3200623 ], [ -67.2643476, 45.3200546 ], [ -67.2643456, 45.320047 ], [ -67.2643277, 45.3199981 ], [ -67.2643263, 45.3199909 ], [ -67.2643134, 45.3199343 ], [ -67.2642695, 45.319801 ], [ -67.2642639, 45.319761 ], [ -67.2642574, 45.3197043 ], [ -67.2642547, 45.3196962 ], [ -67.2642406, 45.3196396 ], [ -67.2642375, 45.3196001 ], [ -67.2642308, 45.3194867 ], [ -67.264238, 45.319453 ], [ -67.2642594, 45.3193394 ], [ -67.2642681, 45.3193209 ], [ -67.2642881, 45.3192889 ], [ -67.2643423, 45.319243 ], [ -67.2644098, 45.3191859 ], [ -67.264487, 45.3191476 ], [ -67.2644902, 45.3191467 ], [ -67.2646505, 45.3191132 ], [ -67.2646587, 45.3191122 ], [ -67.2648193, 45.3191031 ], [ -67.2648659, 45.3191023 ], [ -67.2650265, 45.3191012 ], [ -67.2650425, 45.3191033 ], [ -67.2652034, 45.3191158 ], [ -67.2652251, 45.3191179 ], [ -67.2654663, 45.3191324 ], [ -67.2655174, 45.3191388 ], [ -67.2655979, 45.3191482 ], [ -67.2656418, 45.3191852 ], [ -67.2656435, 45.3192145 ], [ -67.2656171, 45.3192448 ], [ -67.2655471, 45.319256 ], [ -67.2655395, 45.3192588 ], [ -67.2654595, 45.3192832 ], [ -67.2653972, 45.3193011 ], [ -67.2653277, 45.3193034 ], [ -67.2652474, 45.3193058 ], [ -67.2651519, 45.3193177 ], [ -67.2650934, 45.3193257 ], [ -67.2650131, 45.3193357 ], [ -67.2649973, 45.319343 ], [ -67.2649929, 45.3193448 ], [ -67.2649129, 45.3193728 ], [ -67.2648548, 45.319415 ], [ -67.2648674, 45.31945 ], [ -67.2648867, 45.3195066 ], [ -67.2649273, 45.3195437 ], [ -67.2649593, 45.3195516 ], [ -67.2650079, 45.3195598 ], [ -67.2650884, 45.3195723 ], [ -67.2651164, 45.3195698 ], [ -67.2651967, 45.3195643 ], [ -67.2651999, 45.3195634 ], [ -67.2653601, 45.3195299 ], [ -67.2653678, 45.3195267 ], [ -67.2654476, 45.3194934 ], [ -67.2654761, 45.3194779 ], [ -67.2655559, 45.3194359 ], [ -67.2656189, 45.3194247 ], [ -67.2656826, 45.3194229 ], [ -67.2657306, 45.3194298 ], [ -67.2658111, 45.319441 ], [ -67.2658315, 45.3194467 ], [ -67.2659928, 45.3194852 ], [ -67.2660605, 45.3194946 ], [ -67.266141, 45.3195053 ], [ -67.2662008, 45.3195413 ], [ -67.2662259, 45.3195569 ], [ -67.2663069, 45.3196059 ], [ -67.2663566, 45.3196492 ], [ -67.266413, 45.3197622 ], [ -67.2664272, 45.3197805 ], [ -67.2664688, 45.3198369 ], [ -67.2664747, 45.3198445 ], [ -67.2665175, 45.3199009 ], [ -67.2665607, 45.3199335 ], [ -67.2666348, 45.3199896 ], [ -67.2666388, 45.3200054 ], [ -67.2666667, 45.320038 ], [ -67.2666919, 45.3200599 ], [ -67.2667545, 45.3201162 ], [ -67.2667766, 45.3201457 ], [ -67.2668175, 45.3202021 ], [ -67.2668313, 45.3202304 ], [ -67.2669101, 45.3203999 ], [ -67.266915, 45.3204268 ], [ -67.2669169, 45.3204304 ], [ -67.266944, 45.3205436 ], [ -67.2669569, 45.3206002 ], [ -67.266971, 45.3206568 ], [ -67.2669797, 45.3206819 ], [ -67.2669976, 45.3207385 ], [ -67.2670144, 45.3207951 ], [ -67.2670664, 45.3209648 ], [ -67.2670737, 45.3209868 ], [ -67.26712, 45.3211565 ], [ -67.2671228, 45.3211718 ], [ -67.2671312, 45.3212284 ], [ -67.2671433, 45.3212702 ], [ -67.2672025, 45.3214965 ], [ -67.267213, 45.3215226 ], [ -67.2672785, 45.3216922 ], [ -67.2672892, 45.3217317 ], [ -67.267304, 45.3217883 ], [ -67.2673066, 45.3217928 ], [ -67.2673592, 45.3219058 ], [ -67.2673761, 45.3219286 ], [ -67.2674158, 45.321985 ], [ -67.2674203, 45.3219931 ], [ -67.2674479, 45.3220482 ], [ -67.2674513, 45.3220676 ], [ -67.2674516, 45.3220865 ], [ -67.2674492, 45.3221018 ], [ -67.2674531, 45.3221031 ], [ -67.2675218, 45.3221355 ], [ -67.2675898, 45.3221679 ], [ -67.2676539, 45.3221944 ], [ -67.2677656, 45.3222476 ], [ -67.2678208, 45.3222743 ], [ -67.2679489, 45.3223094 ], [ -67.2680093, 45.3223423 ], [ -67.2681288, 45.3224071 ], [ -67.2681544, 45.322416 ], [ -67.268257, 45.3224603 ], [ -67.2684365, 45.322522 ], [ -67.2685005, 45.3225396 ], [ -67.2686281, 45.3225477 ], [ -67.2687048, 45.3225562 ], [ -67.2688961, 45.3225549 ], [ -67.2690242, 45.322599 ], [ -67.2690627, 45.3226167 ], [ -67.2691656, 45.322679 ], [ -67.269294, 45.3227411 ], [ -67.2693453, 45.3227588 ], [ -67.2694865, 45.3228298 ], [ -67.2695637, 45.3228743 ], [ -67.2696922, 45.3229454 ], [ -67.2697691, 45.3229718 ], [ -67.2698714, 45.3229891 ], [ -67.2700256, 45.3230781 ], [ -67.2700641, 45.3230958 ], [ -67.2701028, 45.3231225 ], [ -67.2702054, 45.3231668 ], [ -67.2703848, 45.3232286 ], [ -67.270487, 45.3232369 ], [ -67.2705252, 45.3232366 ], [ -67.2706533, 45.3232718 ], [ -67.2707693, 45.3233609 ], [ -67.270808, 45.3233967 ], [ -67.2709116, 45.3235039 ], [ -67.2709903, 45.3236654 ], [ -67.2710029, 45.3237013 ], [ -67.2710233, 45.3237461 ], [ -67.2710424, 45.323791 ], [ -67.2710685, 45.3238358 ], [ -67.2710908, 45.3238779 ], [ -67.271134, 45.3239613 ], [ -67.2711435, 45.3240035 ], [ -67.2711613, 45.3240871 ], [ -67.2711622, 45.3241591 ], [ -67.2711845, 45.3242039 ], [ -67.2712279, 45.3242936 ], [ -67.2712281, 45.3243116 ], [ -67.2712411, 45.3243295 ], [ -67.2712507, 45.3243744 ], [ -67.2712685, 45.3244643 ], [ -67.2712695, 45.3245363 ], [ -67.2712957, 45.3245901 ], [ -67.2713345, 45.3246258 ], [ -67.2714116, 45.3246702 ], [ -67.2714501, 45.324688 ], [ -67.2716046, 45.3247949 ], [ -67.2716693, 45.3248574 ], [ -67.2717338, 45.324911 ], [ -67.2717729, 45.3249737 ], [ -67.2717864, 45.3250276 ], [ -67.2717994, 45.3250455 ], [ -67.2718773, 45.325144 ], [ -67.2719933, 45.3252331 ], [ -67.2720584, 45.3253317 ], [ -67.2721109, 45.3254393 ], [ -67.2721888, 45.3255377 ], [ -67.2722277, 45.3255825 ], [ -67.2723048, 45.3256269 ], [ -67.2724202, 45.3256711 ], [ -67.2725358, 45.3257243 ], [ -67.272651, 45.3257595 ], [ -67.2727277, 45.325768 ], [ -67.2728809, 45.325776 ], [ -67.2730338, 45.3257659 ], [ -67.2730721, 45.3257656 ], [ -67.27318, 45.3257289 ], [ -67.2733133, 45.325683 ], [ -67.273453, 45.3256371 ], [ -67.2734912, 45.3256368 ], [ -67.2735168, 45.3256456 ], [ -67.2736316, 45.3256448 ], [ -67.2736573, 45.3256537 ], [ -67.2736959, 45.3256809 ], [ -67.2737218, 45.3257072 ], [ -67.2737348, 45.3257251 ], [ -67.2737255, 45.3259771 ], [ -67.273726, 45.3260131 ], [ -67.2737137, 45.3260451 ], [ -67.2737013, 45.3260763 ], [ -67.2736893, 45.3261303 ], [ -67.2735391, 45.3263383 ], [ -67.273514, 45.3263655 ], [ -67.2734257, 45.3264381 ], [ -67.2734132, 45.3264562 ], [ -67.2733124, 45.3265468 ], [ -67.2732241, 45.3266194 ], [ -67.2731775, 45.326662 ], [ -67.2730855, 45.3267463 ], [ -67.2730606, 45.3267915 ], [ -67.2730235, 45.3268727 ], [ -67.2729985, 45.3269089 ], [ -67.2729667, 45.3269631 ], [ -67.2729362, 45.3270173 ], [ -67.2728611, 45.3271258 ], [ -67.2728364, 45.3271799 ], [ -67.2728365, 45.3272339 ], [ -67.2728379, 45.3272879 ], [ -67.2728255, 45.327315 ], [ -67.2728223, 45.32736 ], [ -67.2728197, 45.327405 ], [ -67.2728178, 45.32745 ], [ -67.2728146, 45.327495 ], [ -67.2728156, 45.327522 ], [ -67.272778, 45.3275762 ], [ -67.2727144, 45.3276307 ], [ -67.2726637, 45.327658 ], [ -67.2726002, 45.3276764 ], [ -67.2725491, 45.3276678 ], [ -67.2725235, 45.327668 ], [ -67.2723806, 45.3276617 ], [ -67.2723098, 45.3276586 ], [ -67.2722383, 45.3276555 ], [ -67.2721662, 45.3276524 ], [ -67.272001, 45.3276535 ], [ -67.2718602, 45.3276185 ], [ -67.2717573, 45.3275562 ], [ -67.2716706, 45.3274668 ], [ -67.2716279, 45.3274221 ], [ -67.2716017, 45.3273683 ], [ -67.2715749, 45.3272785 ], [ -67.2715339, 45.3270808 ], [ -67.2715209, 45.3270629 ], [ -67.2715074, 45.327009 ], [ -67.2714809, 45.3269372 ], [ -67.2714674, 45.3268833 ], [ -67.2714413, 45.3268385 ], [ -67.2714019, 45.3267578 ], [ -67.2713982, 45.3264879 ], [ -67.2714106, 45.3264608 ], [ -67.2714089, 45.3263349 ], [ -67.2713693, 45.3262362 ], [ -67.2712914, 45.3261377 ], [ -67.2712395, 45.3260751 ], [ -67.271175, 45.3260215 ], [ -67.2710206, 45.3259236 ], [ -67.2709948, 45.3259058 ], [ -67.2709436, 45.3258882 ], [ -67.2707512, 45.3258085 ], [ -67.270649, 45.3258002 ], [ -67.2704194, 45.3258017 ], [ -67.2703813, 45.325811 ], [ -67.2702793, 45.3258117 ], [ -67.2702539, 45.3258209 ], [ -67.2700011, 45.3259936 ], [ -67.2699632, 45.3260208 ], [ -67.2698872, 45.3260573 ], [ -67.2698108, 45.3260668 ], [ -67.2696831, 45.3260587 ], [ -67.269428, 45.3260604 ], [ -67.2693897, 45.3260517 ], [ -67.2692365, 45.3260437 ], [ -67.2692109, 45.3260349 ], [ -67.2691078, 45.3259636 ], [ -67.2690693, 45.3259459 ], [ -67.2690307, 45.3259192 ], [ -67.2689659, 45.3258476 ], [ -67.2689263, 45.3257489 ], [ -67.2688993, 45.3256411 ], [ -67.2688861, 45.3256052 ], [ -67.2688731, 45.3255873 ], [ -67.268872, 45.3255064 ], [ -67.2688589, 45.3254795 ], [ -67.2688451, 45.3254076 ], [ -67.2688319, 45.3253717 ], [ -67.2688179, 45.3252818 ], [ -67.2688164, 45.3251738 ], [ -67.2688288, 45.3251467 ], [ -67.2688282, 45.3251017 ], [ -67.2688321, 45.3249641 ], [ -67.2688333, 45.3249186 ], [ -67.268834, 45.3248732 ], [ -67.2688363, 45.3247598 ], [ -67.2688228, 45.3247059 ], [ -67.2687965, 45.3246521 ], [ -67.2687584, 45.3246163 ], [ -67.2687454, 45.3245984 ], [ -67.2687189, 45.3245716 ], [ -67.2686384, 45.3245159 ], [ -67.2685586, 45.3244602 ], [ -67.2683976, 45.3243489 ], [ -67.2681281, 45.3242247 ], [ -67.2681024, 45.3242159 ], [ -67.2679998, 45.3241716 ], [ -67.2679229, 45.3241451 ], [ -67.2678459, 45.3241124 ], [ -67.267692, 45.3240477 ], [ -67.2676022, 45.3240123 ], [ -67.2675508, 45.3239857 ], [ -67.2674996, 45.323968 ], [ -67.2674612, 45.3239593 ], [ -67.2673464, 45.3239601 ], [ -67.267308, 45.3239513 ], [ -67.2671804, 45.3239432 ], [ -67.2670688, 45.3239017 ], [ -67.2670137, 45.3238814 ], [ -67.2669623, 45.3238547 ], [ -67.2668597, 45.3238104 ], [ -67.2667315, 45.3237663 ], [ -67.2666931, 45.3237576 ], [ -67.2665655, 45.3237494 ], [ -67.2664888, 45.323741 ], [ -67.2663351, 45.323688 ], [ -67.2662067, 45.3236259 ], [ -67.2661683, 45.3236172 ], [ -67.2660918, 45.3236177 ], [ -67.2660155, 45.3236362 ], [ -67.2659517, 45.3236366 ], [ -67.2658248, 45.3236825 ], [ -67.2656854, 45.3237464 ], [ -67.2656472, 45.3237557 ], [ -67.2651498, 45.323759 ], [ -67.2648703, 45.3238419 ], [ -67.2647684, 45.3238516 ], [ -67.2646026, 45.3238527 ], [ -67.2644755, 45.3238806 ], [ -67.2644247, 45.3238989 ], [ -67.2643865, 45.3239082 ], [ -67.263928, 45.3239562 ], [ -67.2638774, 45.3239836 ], [ -67.263852, 45.3239927 ], [ -67.2635101, 45.324175 ], [ -67.2633459, 45.3242931 ], [ -67.2632578, 45.3243837 ], [ -67.2631949, 45.3244471 ], [ -67.263157, 45.3244743 ], [ -67.2631322, 45.3245285 ], [ -67.2631207, 45.3246185 ], [ -67.2631212, 45.3246545 ], [ -67.2630711, 45.3247268 ], [ -67.2630334, 45.3247631 ], [ -67.2629576, 45.3248176 ], [ -67.2629073, 45.3248719 ], [ -67.2628695, 45.3249082 ], [ -67.2627811, 45.3249717 ], [ -67.2627303, 45.3249901 ], [ -67.2626794, 45.3249994 ], [ -67.2626668, 45.3250085 ], [ -67.2625398, 45.3250544 ], [ -67.2624007, 45.3251363 ], [ -67.2622491, 45.3252453 ], [ -67.2621736, 45.3253268 ], [ -67.2621526, 45.3253719 ], [ -67.2621117, 45.3254621 ], [ -67.2620992, 45.3254802 ], [ -67.2620619, 45.3255525 ], [ -67.2620154, 45.3256068 ], [ -67.2619238, 45.3257154 ], [ -67.261886, 45.3257516 ], [ -67.2618476, 45.3257878 ], [ -67.261696, 45.3258968 ], [ -67.2616709, 45.325924 ], [ -67.2615572, 45.3260058 ], [ -67.2614565, 45.3261054 ], [ -67.2614193, 45.3261866 ], [ -67.2614071, 45.3262227 ], [ -67.2613824, 45.3262859 ], [ -67.2613072, 45.3263853 ], [ -67.2612947, 45.3264034 ], [ -67.2612574, 45.3264757 ], [ -67.2612449, 45.3264937 ], [ -67.2612248, 45.3265197 ], [ -67.2611822, 45.3265751 ], [ -67.2611194, 45.3266476 ], [ -67.2610816, 45.3266838 ], [ -67.2609948, 45.3268643 ], [ -67.2609823, 45.3268824 ], [ -67.2609578, 45.3269546 ], [ -67.2609495, 45.3270028 ], [ -67.2609418, 45.327051 ], [ -67.2609342, 45.3270987 ], [ -67.2609376, 45.3273506 ], [ -67.2609507, 45.3273775 ], [ -67.2609558, 45.3274198 ], [ -67.2609608, 45.3274611 ], [ -67.2609652, 45.3275034 ], [ -67.2609784, 45.3275393 ], [ -67.2609835, 45.3275815 ], [ -67.2609885, 45.3276234 ], [ -67.2609929, 45.3276652 ], [ -67.2610064, 45.3277191 ], [ -67.2610194, 45.3277365 ], [ -67.2610372, 45.3277818 ], [ -67.261055, 45.3278267 ], [ -67.2610722, 45.3278711 ], [ -67.2610918, 45.3279029 ], [ -67.2611113, 45.3279343 ], [ -67.2611637, 45.3280329 ], [ -67.2611904, 45.3281227 ], [ -67.2612, 45.3281708 ], [ -67.2612089, 45.3282184 ], [ -67.2612179, 45.3282665 ], [ -67.26127, 45.3283471 ], [ -67.2612832, 45.328383 ], [ -67.2612964, 45.3284144 ], [ -67.2613096, 45.3284454 ], [ -67.261355, 45.3284995 ], [ -67.2614003, 45.3285532 ], [ -67.2614527, 45.3286518 ], [ -67.2614658, 45.3286783 ], [ -67.2614788, 45.3286962 ], [ -67.2614973, 45.3287469 ], [ -67.2615159, 45.3287967 ], [ -67.2615344, 45.328847 ], [ -67.261553, 45.3288977 ], [ -67.2615715, 45.3289475 ], [ -67.2615785, 45.3289929 ], [ -67.2615855, 45.3290374 ], [ -67.2615989, 45.3290913 ], [ -67.2616121, 45.3291182 ], [ -67.2616256, 45.3291721 ], [ -67.2616517, 45.3292205 ], [ -67.2616779, 45.329268 ], [ -67.261704, 45.329316 ], [ -67.2617429, 45.3293607 ], [ -67.2617818, 45.329405 ], [ -67.2618077, 45.3294318 ], [ -67.2619237, 45.329521 ], [ -67.2620008, 45.3295655 ], [ -67.2620521, 45.3295831 ], [ -67.2621159, 45.3295872 ], [ -67.2621798, 45.3295917 ], [ -67.2622308, 45.3295954 ], [ -67.2622819, 45.3295996 ], [ -67.2623616, 45.3295995 ], [ -67.2624413, 45.3295985 ], [ -67.2625211, 45.3295984 ], [ -67.2626008, 45.3295974 ], [ -67.2626392, 45.3296066 ], [ -67.2627074, 45.3296057 ], [ -67.2627757, 45.3296057 ], [ -67.2628433, 45.3296048 ], [ -67.2628816, 45.3296135 ], [ -67.2629199, 45.3296137 ], [ -67.2629841, 45.3296398 ], [ -67.2630357, 45.3296894 ], [ -67.2630874, 45.3297381 ], [ -67.2631134, 45.3297739 ], [ -67.2631394, 45.3298102 ], [ -67.2631656, 45.329855 ], [ -67.2631667, 45.3299355 ], [ -67.2631798, 45.3299624 ], [ -67.2631804, 45.3300074 ], [ -67.263206, 45.3300612 ], [ -67.2632329, 45.3301155 ], [ -67.2632455, 45.3301514 ], [ -67.2632585, 45.3301693 ], [ -67.2632845, 45.3302096 ], [ -67.2633112, 45.3302495 ], [ -67.2633242, 45.3302674 ], [ -67.2633626, 45.3303211 ], [ -67.2634016, 45.3303748 ], [ -67.2634406, 45.330429 ], [ -67.2634711, 45.3304711 ], [ -67.2635017, 45.3305123 ], [ -67.2635316, 45.3305539 ], [ -67.2636014, 45.3306677 ], [ -67.2636359, 45.3307242 ], [ -67.2636618, 45.330751 ], [ -67.2637262, 45.3307915 ], [ -67.2637905, 45.3308311 ], [ -67.2638161, 45.3308399 ], [ -67.2638549, 45.3308761 ], [ -67.2638935, 45.3309024 ], [ -67.2639962, 45.3309467 ], [ -67.2640349, 45.3309824 ], [ -67.2640737, 45.3310186 ], [ -67.2640743, 45.3310631 ], [ -67.2641006, 45.3311259 ], [ -67.2641011, 45.3311619 ], [ -67.2641272, 45.3312009 ], [ -67.2641532, 45.3312403 ], [ -67.2641792, 45.3312784 ], [ -67.2641925, 45.3313143 ], [ -67.2641931, 45.3313597 ], [ -67.2641744, 45.3313909 ], [ -67.2641557, 45.3314225 ], [ -67.2641224, 45.3315073 ], [ -67.2641064, 45.3315488 ], [ -67.2640692, 45.33163 ], [ -67.2639937, 45.3317025 ], [ -67.2639431, 45.3317389 ], [ -67.2638671, 45.3317754 ], [ -67.2638288, 45.3317756 ], [ -67.2637775, 45.331758 ], [ -67.2637172, 45.3317314 ], [ -67.2635979, 45.3316782 ], [ -67.263521, 45.3316517 ], [ -67.2634056, 45.3316075 ], [ -67.2632771, 45.3315454 ], [ -67.2631745, 45.3315011 ], [ -67.2631234, 45.3314924 ], [ -67.263085, 45.3314837 ], [ -67.2629702, 45.3314845 ], [ -67.2629102, 45.3314817 ], [ -67.2628508, 45.331479 ], [ -67.2627915, 45.3314767 ], [ -67.262396, 45.3314794 ], [ -67.2623707, 45.3314885 ], [ -67.2623204, 45.3315429 ], [ -67.2623205, 45.3315519 ], [ -67.2623076, 45.3315429 ], [ -67.2621796, 45.3315141 ], [ -67.2621157, 45.3314992 ], [ -67.2619881, 45.3315001 ], [ -67.261937, 45.3314915 ], [ -67.2618988, 45.3315007 ], [ -67.2616957, 45.3315741 ], [ -67.2615943, 45.3316197 ], [ -67.2611647, 45.3319286 ], [ -67.2610764, 45.3320011 ], [ -67.2609756, 45.3320918 ], [ -67.2608485, 45.3321286 ], [ -67.2608102, 45.3321289 ], [ -67.260504, 45.332122 ], [ -67.2604024, 45.3321586 ], [ -67.2603266, 45.3322131 ], [ -67.2602511, 45.3322856 ], [ -67.2602224, 45.3323335 ], [ -67.2601637, 45.3324302 ], [ -67.2601641, 45.3324572 ], [ -67.2601389, 45.3324843 ], [ -67.259878, 45.332999 ], [ -67.2598526, 45.3330081 ], [ -67.2597892, 45.3330355 ], [ -67.2596496, 45.3330905 ], [ -67.2608522, 45.3362226 ], [ -67.262267, 45.3399382 ], [ -67.2631273, 45.3422179 ], [ -67.2632531, 45.3425453 ], [ -67.2637754, 45.3439047 ], [ -67.2640136, 45.3445334 ], [ -67.2632716, 45.3446619 ], [ -67.2442425, 45.3479575 ], [ -67.2488246, 45.3624588 ], [ -67.2318217, 45.3654688 ], [ -67.2285131, 45.3660548 ], [ -67.229548, 45.3692257 ], [ -67.2307933, 45.3730597 ], [ -67.2309356, 45.3734988 ], [ -67.2311822, 45.3742553 ], [ -67.2314242, 45.3749978 ], [ -67.2316917, 45.3759319 ], [ -67.2317451, 45.3761115 ], [ -67.2319406, 45.3767064 ], [ -67.2319485, 45.3767306 ], [ -67.2325374, 45.3785196 ], [ -67.2325507, 45.3785591 ], [ -67.2330745, 45.3801519 ], [ -67.2315924, 45.3804126 ], [ -67.218845, 45.3826547 ], [ -67.2121168, 45.3838241 ], [ -67.1669626, 45.3916713 ], [ -67.1661728, 45.3918085 ], [ -67.1559863, 45.3935929 ], [ -67.1529728, 45.3941205 ], [ -67.1552752, 45.401601 ], [ -67.155703, 45.4029699 ], [ -67.1600112, 45.4167519 ], [ -67.1641928, 45.4300888 ], [ -67.1642025, 45.4300963 ], [ -67.1646372, 45.4314958 ], [ -67.1650388, 45.4327323 ], [ -67.1650338, 45.4327427 ], [ -67.1662201, 45.4364851 ], [ -67.1662227, 45.4364923 ], [ -67.1663322, 45.4368344 ], [ -67.1731924, 45.4584179 ], [ -67.1738484, 45.4604992 ], [ -67.1739149, 45.4607148 ], [ -67.1866895, 45.5000714 ], [ -67.188178, 45.505194 ], [ -67.2174217, 45.5054056 ], [ -67.2262509, 45.5054816 ], [ -67.2265983, 45.5054852 ], [ -67.2274564, 45.5054927 ], [ -67.2325326, 45.5055361 ], [ -67.2501359, 45.5056849 ], [ -67.2505122, 45.5056878 ], [ -67.2505256, 45.5056877 ], [ -67.2513255, 45.5056946 ], [ -67.2520754, 45.5057 ], [ -67.2533961, 45.5057092 ], [ -67.2537672, 45.5057117 ], [ -67.2539119, 45.5057129 ], [ -67.25429, 45.5057154 ], [ -67.2627217, 45.5057736 ], [ -67.2746689, 45.505855 ], [ -67.2748154, 45.5058553 ], [ -67.275017, 45.5058566 ], [ -67.2754572, 45.5058595 ], [ -67.2763326, 45.5058661 ], [ -67.2765661, 45.5058672 ], [ -67.2773052, 45.5058729 ], [ -67.2809973, 45.5058979 ], [ -67.2814855, 45.5059008 ], [ -67.2814926, 45.5059012 ], [ -67.2818195, 45.505903 ], [ -67.287606, 45.5059421 ], [ -67.2896178, 45.5059555 ], [ -67.2918503, 45.5059705 ], [ -67.2929509, 45.5059781 ], [ -67.2930316, 45.5059789 ], [ -67.2930437, 45.5059788 ], [ -67.2956282, 45.5059962 ], [ -67.315175, 45.506142 ], [ -67.3356877, 45.5062616 ], [ -67.3362815, 45.5062675 ], [ -67.336684, 45.5062718 ], [ -67.4175859, 45.5069711 ], [ -67.417951, 45.5068141 ], [ -67.4164978, 45.5043361 ], [ -67.4162107, 45.5013115 ], [ -67.4180108, 45.5012171 ], [ -67.4228173, 45.5055111 ], [ -67.425226, 45.5049106 ], [ -67.4246815, 45.5040112 ], [ -67.4244741, 45.5036687 ], [ -67.4265614, 45.5022123 ], [ -67.4273384, 45.5009321 ], [ -67.4301105, 45.5010377 ], [ -67.4307928, 45.5013788 ], [ -67.4306155, 45.5030941 ], [ -67.4323985, 45.5038402 ], [ -67.4344725, 45.5034281 ], [ -67.4370722, 45.5051232 ], [ -67.4419265, 45.5052555 ], [ -67.4479982, 45.5098231 ], [ -67.4501453, 45.5102831 ], [ -67.4529602, 45.509269 ], [ -67.4534614, 45.5088646 ], [ -67.4531463, 45.5071364 ], [ -67.4499858, 45.5052198 ], [ -67.4489222, 45.5021431 ], [ -67.4497178, 45.499104 ], [ -67.4515905, 45.4990885 ], [ -67.4538451, 45.5002405 ], [ -67.4605642, 45.5060346 ], [ -67.4607648, 45.5062076 ], [ -67.461972, 45.5069929 ], [ -67.4622584, 45.50805 ], [ -67.4635739, 45.5083741 ], [ -67.4665629, 45.5067454 ], [ -67.4669182, 45.5058096 ], [ -67.4684908, 45.5054085 ], [ -67.4698917, 45.5058268 ], [ -67.4711346, 45.5041899 ], [ -67.4704984, 45.5031008 ], [ -67.4702948, 45.5021322 ], [ -67.4712399, 45.5008681 ], [ -67.4704726, 45.4995345 ], [ -67.4676374, 45.4984089 ], [ -67.4645737, 45.4983305 ], [ -67.4637375, 45.4970728 ], [ -67.467546, 45.4951914 ], [ -67.4713971, 45.4972556 ], [ -67.4733058, 45.4960795 ], [ -67.4741844, 45.4961442 ], [ -67.4763307, 45.4969009 ], [ -67.4775988, 45.4970645 ], [ -67.4795805, 45.49623 ], [ -67.4803314, 45.4947656 ], [ -67.4816956, 45.4938217 ], [ -67.4830554, 45.4941086 ], [ -67.4838341, 45.495422 ], [ -67.4854947, 45.495617 ], [ -67.4862734, 45.4947412 ], [ -67.4892216, 45.4930734 ], [ -67.4881651, 45.491196 ], [ -67.4895365, 45.489171 ], [ -67.4911456, 45.489233 ], [ -67.4951024, 45.4887048 ], [ -67.4971865, 45.4903096 ], [ -67.5000683, 45.4909171 ], [ -67.5010315, 45.4904169 ], [ -67.502983, 45.4899211 ], [ -67.5034611, 45.4895861 ], [ -67.5037187, 45.4867218 ] ] ] } },
{ "type": "Feature", "properties": { "name": "Saint Patrick Parish", "osm_type": "way", "id": 697020748, "boundary": "administrative", "County": "Charlotte", "State": "New Brunswick", "long_name": "new_brunswick_charlotte_county_saint_patrick_parish", "wikipedia": null, "name:en": "Saint Patrick Parish" }, "geometry": { "type": "Polygon", "coordinates": [ [ [ -67.0877705, 45.2212292 ], [ -67.085838, 45.224011 ], [ -67.0852108, 45.224914 ], [ -67.0828274, 45.228377 ], [ -67.0811463, 45.2308195 ], [ -67.0806059, 45.2315942 ], [ -67.0841717, 45.2327745 ], [ -67.0866897, 45.2336702 ], [ -67.0832417, 45.2386431 ], [ -67.0826108, 45.2394593 ], [ -67.0819323, 45.2404161 ], [ -67.0813046, 45.2413011 ], [ -67.0797982, 45.2434328 ], [ -67.077601, 45.2465303 ], [ -67.0741363, 45.2515147 ], [ -67.0859491, 45.2555268 ], [ -67.0904742, 45.2570636 ], [ -67.0883643, 45.2599809 ], [ -67.0919157, 45.261254 ], [ -67.0830808, 45.267364 ], [ -67.0823932, 45.2678399 ], [ -67.0814444, 45.2685016 ], [ -67.0801416, 45.2694351 ], [ -67.079167, 45.2700789 ], [ -67.0791038, 45.2701242 ], [ -67.077345, 45.2713389 ], [ -67.073068, 45.274303 ], [ -67.0707522, 45.2759073 ], [ -67.0824925, 45.2860689 ], [ -67.0885898, 45.2913878 ], [ -67.0883873, 45.291527 ], [ -67.0740457, 45.3014083 ], [ -67.0738306, 45.3015619 ], [ -67.0662575, 45.3067289 ], [ -67.0659895, 45.3067037 ], [ -67.0658196, 45.3064788 ], [ -67.065563, 45.3061389 ], [ -67.0653957, 45.3059774 ], [ -67.0649983, 45.3057729 ], [ -67.0647294, 45.3056568 ], [ -67.0643577, 45.3054611 ], [ -67.0639221, 45.3052559 ], [ -67.0635509, 45.3051138 ], [ -67.0631672, 45.3049987 ], [ -67.0628983, 45.3048831 ], [ -67.0621682, 45.3045448 ], [ -67.062165, 45.3045435 ], [ -67.0400205, 45.3191482 ], [ -67.0396106, 45.3189702 ], [ -67.0206367, 45.322109 ], [ -67.0180003, 45.322517 ], [ -67.0058127, 45.3245786 ], [ -67.0053542, 45.3246527 ], [ -66.9792704, 45.3291481 ], [ -66.9589985, 45.33283 ], [ -66.9524832, 45.3339553 ], [ -66.9522284, 45.3340013 ], [ -66.9267735, 45.3385173 ], [ -66.9265314, 45.3385632 ], [ -66.9230534, 45.3391826 ], [ -66.9226012, 45.3334573 ], [ -66.920194, 45.3016873 ], [ -66.9202157, 45.3007514 ], [ -66.9162715, 45.2540047 ], [ -66.9160926, 45.2500823 ], [ -66.9142726, 45.2314585 ], [ -66.9135829, 45.224475 ], [ -66.9132301, 45.2207991 ], [ -66.9132211, 45.22071 ], [ -66.9120086, 45.2083503 ], [ -66.9113734, 45.2017096 ], [ -66.9096932, 45.1841431 ], [ -66.9095693, 45.1828389 ], [ -66.909362, 45.1805723 ], [ -66.9090046, 45.1769025 ], [ -66.9089769, 45.1765877 ], [ -66.9089496, 45.1763268 ], [ -66.9088945, 45.1757516 ], [ -66.9084462, 45.1708976 ], [ -66.9080681, 45.1667506 ], [ -66.9073225, 45.1589501 ], [ -66.9069801, 45.1555502 ], [ -66.9069119, 45.1549116 ], [ -66.9059247, 45.1448463 ], [ -66.905456, 45.140128 ], [ -66.9052813, 45.1383698 ], [ -66.9050893, 45.136418 ], [ -66.9048699, 45.1341783 ], [ -66.9048559, 45.1339984 ], [ -66.9048034, 45.1335026 ], [ -66.9136672, 45.1204114 ], [ -66.9259645, 45.1022443 ], [ -66.9323758, 45.083041 ], [ -66.9360106, 45.0732637 ], [ -66.938144, 45.0662353 ], [ -66.9815695, 45.0956826 ], [ -67.0134473, 45.1172896 ], [ -67.0196166, 45.1286885 ], [ -67.0299721, 45.1475736 ], [ -67.0436383, 45.1524758 ], [ -67.0487547, 45.1563784 ], [ -67.0495221, 45.156834 ], [ -67.0509292, 45.1576725 ], [ -67.0522212, 45.158449 ], [ -67.0532811, 45.1590858 ], [ -67.0538456, 45.1593948 ], [ -67.0588358, 45.1623935 ], [ -67.0619059, 45.1642412 ], [ -67.0621113, 45.1643661 ], [ -67.0635278, 45.1652115 ], [ -67.063576, 45.1652402 ], [ -67.0665379, 45.1670078 ], [ -67.0726392, 45.1678683 ], [ -67.073689, 45.1710481 ], [ -67.0736892, 45.1710661 ], [ -67.0744636, 45.1734106 ], [ -67.0755798, 45.1768425 ], [ -67.0766566, 45.1801392 ], [ -67.0777863, 45.1836156 ], [ -67.0795075, 45.1889249 ], [ -67.0796389, 45.1893291 ], [ -67.0809397, 45.1933174 ], [ -67.0813996, 45.1947319 ], [ -67.0815182, 45.1950968 ], [ -67.0817545, 45.1958236 ], [ -67.079646, 45.1962124 ], [ -67.0806976, 45.1995361 ], [ -67.0807239, 45.199617 ], [ -67.0809875, 45.2004434 ], [ -67.082239, 45.2014735 ], [ -67.0827662, 45.201379 ], [ -67.0827912, 45.2013879 ], [ -67.082855, 45.2014114 ], [ -67.0829196, 45.2014349 ], [ -67.0829828, 45.2014589 ], [ -67.0830339, 45.2014766 ], [ -67.0830468, 45.2014945 ], [ -67.0830472, 45.2015305 ], [ -67.0830602, 45.2015575 ], [ -67.0830606, 45.2015934 ], [ -67.0830616, 45.2016294 ], [ -67.0830739, 45.2016564 ], [ -67.0830998, 45.2017012 ], [ -67.0831257, 45.2017371 ], [ -67.0831649, 45.2017729 ], [ -67.0832028, 45.2018087 ], [ -67.0833051, 45.2018621 ], [ -67.0833307, 45.201871 ], [ -67.0834496, 45.2019244 ], [ -67.0835097, 45.201951 ], [ -67.0835352, 45.2019599 ], [ -67.0836121, 45.2020045 ], [ -67.0836504, 45.2020223 ], [ -67.0837145, 45.202067 ], [ -67.0837529, 45.2020848 ], [ -67.0838683, 45.2021651 ], [ -67.0839458, 45.2022727 ], [ -67.0839208, 45.2023178 ], [ -67.0838831, 45.202372 ], [ -67.0838073, 45.2024264 ], [ -67.0837946, 45.2024265 ], [ -67.0836937, 45.2025169 ], [ -67.0836185, 45.2026253 ], [ -67.083594, 45.2026614 ], [ -67.0835683, 45.2026976 ], [ -67.0835686, 45.2027245 ], [ -67.0835633, 45.2027696 ], [ -67.0835574, 45.2028146 ], [ -67.0835669, 45.2028663 ], [ -67.0835971, 45.2030213 ], [ -67.0836361, 45.2030931 ], [ -67.0836879, 45.2031828 ], [ -67.0837304, 45.2032334 ], [ -67.0837736, 45.203284 ], [ -67.0838167, 45.2033351 ], [ -67.0839337, 45.2035684 ], [ -67.0839596, 45.2036133 ], [ -67.0839727, 45.2036492 ], [ -67.0840629, 45.2037567 ], [ -67.0841015, 45.2037925 ], [ -67.0841144, 45.2038105 ], [ -67.0841399, 45.2038193 ], [ -67.0841146, 45.2038284 ], [ -67.0841405, 45.2038733 ], [ -67.0841663, 45.2039092 ], [ -67.0841666, 45.2039362 ], [ -67.0841799, 45.2039901 ], [ -67.0842191, 45.2040888 ], [ -67.0842202, 45.2041968 ], [ -67.0842331, 45.2042147 ], [ -67.0842334, 45.2042417 ], [ -67.084221, 45.2042688 ], [ -67.084083, 45.2044675 ], [ -67.0840839, 45.2045484 ], [ -67.0840714, 45.2045755 ], [ -67.0840726, 45.2046925 ], [ -67.0840859, 45.2047464 ], [ -67.0841505, 45.204836 ], [ -67.0841766, 45.2048989 ], [ -67.0842031, 45.2050067 ], [ -67.0842166, 45.2050786 ], [ -67.0842559, 45.2051864 ], [ -67.0842818, 45.2052312 ], [ -67.0842824, 45.2052852 ], [ -67.0842959, 45.2053571 ], [ -67.0842835, 45.2053932 ], [ -67.084271, 45.2054112 ], [ -67.0841589, 45.2056548 ], [ -67.0841213, 45.2057089 ], [ -67.0840707, 45.2057362 ], [ -67.0840203, 45.2057905 ], [ -67.0839953, 45.2058266 ], [ -67.0839831, 45.2058806 ], [ -67.0839711, 45.2059527 ], [ -67.0839463, 45.2060158 ], [ -67.0839467, 45.2060518 ], [ -67.0839343, 45.2060878 ], [ -67.083964, 45.2061295 ], [ -67.0839944, 45.2061712 ], [ -67.0840247, 45.2062133 ], [ -67.0842167, 45.2063203 ], [ -67.0842807, 45.206347 ], [ -67.0844084, 45.2063913 ], [ -67.0845113, 45.2064924 ], [ -67.0845627, 45.2065435 ], [ -67.0845758, 45.2065794 ], [ -67.0846018, 45.2066332 ], [ -67.0846149, 45.2066692 ], [ -67.084693, 45.2068307 ], [ -67.0847322, 45.2069295 ], [ -67.0850371, 45.2068739 ], [ -67.0863666, 45.211105 ], [ -67.0864059, 45.2112127 ], [ -67.087367, 45.214276 ], [ -67.0874328, 45.2144826 ], [ -67.0876617, 45.2144544 ], [ -67.094563, 45.2133926 ], [ -67.0947282, 45.2133647 ], [ -67.0958102, 45.2169851 ], [ -67.0956209, 45.2172641 ], [ -67.0951093, 45.2180033 ], [ -67.091231, 45.2224972 ], [ -67.0877705, 45.2212292 ] ] ] } },
{ "type": "Feature", "properties": { "name": "Saint Stephen Parish", "osm_type": "relation", "id": 9680764, "boundary": "administrative", "County": "Charlotte", "State": "New Brunswick", "long_name": "new_brunswick_charlotte_county_saint_stephen_parish", "wikipedia": null, "name:en": "Saint Stephen Parish" }, "geometry": { "type": "Polygon", "coordinates": [ [ [ -67.406079, 45.1787941 ], [ -67.4005192, 45.1776879 ], [ -67.3983273, 45.173401 ], [ -67.3993358, 45.1689434 ], [ -67.4043257, 45.1669574 ], [ -67.4047676, 45.1667974 ], [ -67.4057795, 45.1629689 ], [ -67.4050269, 45.1600848 ], [ -67.4027015, 45.1596609 ], [ -67.4013589, 45.1587645 ], [ -67.394678, 45.1558953 ], [ -67.3928762, 45.1544136 ], [ -67.3830756, 45.1519962 ], [ -67.3807172, 45.1521642 ], [ -67.3780567, 45.149833 ], [ -67.3725083, 45.1438738 ], [ -67.3706944, 45.142 ], [ -67.3635785, 45.1376609 ], [ -67.356557, 45.1330059 ], [ -67.3575268, 45.1322198 ], [ -67.3534394, 45.1291815 ], [ -67.3491609, 45.1295114 ], [ -67.3459904, 45.1264684 ], [ -67.3427939, 45.1259503 ], [ -67.3408412, 45.1250572 ], [ -67.3360106, 45.1283782 ], [ -67.3305024, 45.1318168 ], [ -67.320819, 45.1313497 ], [ -67.3176972, 45.1380356 ], [ -67.3196962, 45.1411759 ], [ -67.3198531, 45.1418027 ], [ -67.3201058, 45.1423071 ], [ -67.3097722, 45.1436691 ], [ -67.3056855, 45.1448229 ], [ -67.3053675, 45.1449127 ], [ -67.3000785, 45.1461989 ], [ -67.2960203, 45.1479355 ], [ -67.2953978, 45.1486967 ], [ -67.2946921, 45.1497512 ], [ -67.294222, 45.1536464 ], [ -67.2975701, 45.1554937 ], [ -67.3016261, 45.1570062 ], [ -67.3026869, 45.1607225 ], [ -67.3025871, 45.160975 ], [ -67.3025452, 45.1610811 ], [ -67.2993417, 45.1691891 ], [ -67.2968296, 45.1701 ], [ -67.2948035, 45.170526 ], [ -67.2932015, 45.170687 ], [ -67.2914284, 45.1710449 ], [ -67.2914344, 45.1729189 ], [ -67.2911064, 45.1745798 ], [ -67.2935217, 45.1758671 ], [ -67.2940467, 45.1771761 ], [ -67.2907316, 45.1816675 ], [ -67.2912787, 45.1825765 ], [ -67.2916207, 45.1835295 ], [ -67.2915797, 45.1839555 ], [ -67.2912237, 45.1843175 ], [ -67.2912797, 45.1850395 ], [ -67.2909637, 45.1854015 ], [ -67.2909837, 45.1858325 ], [ -67.2901627, 45.1861395 ], [ -67.2909938, 45.1875815 ], [ -67.2897118, 45.1888042 ], [ -67.2870234, 45.1891294 ], [ -67.2857906, 45.1899535 ], [ -67.2851087, 45.1913122 ], [ -67.2833616, 45.1918685 ], [ -67.2822392, 45.1916812 ], [ -67.2790115, 45.1911255 ], [ -67.2746233, 45.1913394 ], [ -67.2720222, 45.1912144 ], [ -67.2692171, 45.1905164 ], [ -67.2622449, 45.187952 ], [ -67.2616331, 45.1875069 ], [ -67.2609582, 45.1870046 ], [ -67.2556273, 45.1910249 ], [ -67.2554008, 45.1911218 ], [ -67.2550505, 45.1912609 ], [ -67.2548044, 45.1914335 ], [ -67.2547489, 45.1914698 ], [ -67.2546858, 45.1915117 ], [ -67.2546845, 45.1915126 ], [ -67.2545546, 45.1915926 ], [ -67.2544272, 45.191678 ], [ -67.2543062, 45.191767 ], [ -67.2543037, 45.1917688 ], [ -67.254063, 45.191945 ], [ -67.2540579, 45.1919486 ], [ -67.2538954, 45.1920703 ], [ -67.2534616, 45.1923647 ], [ -67.2530391, 45.1926474 ], [ -67.2525497, 45.1929746 ], [ -67.2522596, 45.1931691 ], [ -67.2520774, 45.1932926 ], [ -67.2517828, 45.1934881 ], [ -67.2511906, 45.1938789 ], [ -67.2511893, 45.1938798 ], [ -67.2498648, 45.1947632 ], [ -67.2493111, 45.195134 ], [ -67.2493086, 45.1951349 ], [ -67.249224, 45.1951895 ], [ -67.2491434, 45.1952476 ], [ -67.249122, 45.1952653 ], [ -67.2490729, 45.1953056 ], [ -67.2490678, 45.1953093 ], [ -67.2489217, 45.1954245 ], [ -67.2487794, 45.1955388 ], [ -67.2487769, 45.1955406 ], [ -67.2486665, 45.1956565 ], [ -67.2485547, 45.1957666 ], [ -67.2485522, 45.1957693 ], [ -67.2484468, 45.1958843 ], [ -67.2483478, 45.1960019 ], [ -67.2482552, 45.1961204 ], [ -67.2482076, 45.1961801 ], [ -67.2479353, 45.1965193 ], [ -67.247931, 45.1965257 ], [ -67.2475807, 45.1969356 ], [ -67.2474755, 45.1970676 ], [ -67.2473665, 45.197197 ], [ -67.2472512, 45.1973247 ], [ -67.2471395, 45.197446 ], [ -67.2470202, 45.1975646 ], [ -67.246897, 45.1976806 ], [ -67.2464794, 45.1980541 ], [ -67.2460906, 45.1983878 ], [ -67.2458212, 45.1986163 ], [ -67.2456974, 45.1987296 ], [ -67.2455866, 45.1988212 ], [ -67.2454809, 45.1989155 ], [ -67.2453804, 45.1990124 ], [ -67.2452837, 45.1991111 ], [ -67.2446174, 45.1998291 ], [ -67.24369, 45.200845 ], [ -67.244089, 45.2022777 ], [ -67.2447386, 45.2045696 ], [ -67.2447397, 45.2045699 ], [ -67.2454191, 45.2064291 ], [ -67.2454205, 45.2064336 ], [ -67.2456482, 45.2071915 ], [ -67.2456521, 45.207205 ], [ -67.2461069, 45.2087244 ], [ -67.2461096, 45.2087343 ], [ -67.2464094, 45.2097509 ], [ -67.2464094, 45.2097518 ], [ -67.2464987, 45.2100499 ], [ -67.2464987, 45.2100508 ], [ -67.2470872, 45.2120049 ], [ -67.2472043, 45.212391 ], [ -67.2472523, 45.2125499 ], [ -67.2476018, 45.2137802 ], [ -67.2478638, 45.2146088 ], [ -67.2479417, 45.2148766 ], [ -67.249234, 45.2193915 ], [ -67.249716, 45.2209727 ], [ -67.2497807, 45.2211927 ], [ -67.2505508, 45.2238168 ], [ -67.2510648, 45.2256035 ], [ -67.2516783, 45.2277823 ], [ -67.2519523, 45.2287572 ], [ -67.2519844, 45.2288694 ], [ -67.252515, 45.2307555 ], [ -67.2528719, 45.2320213 ], [ -67.2529307, 45.2322247 ], [ -67.2529442, 45.2322831 ], [ -67.2529751, 45.2324076 ], [ -67.2530048, 45.2325315 ], [ -67.2530357, 45.2326546 ], [ -67.253068, 45.2327785 ], [ -67.2530989, 45.2329025 ], [ -67.2531311, 45.2330256 ], [ -67.2531633, 45.2331495 ], [ -67.2531968, 45.2332708 ], [ -67.2532662, 45.2335115 ], [ -67.2533022, 45.2336327 ], [ -67.2533382, 45.233753 ], [ -67.2533767, 45.2338733 ], [ -67.253414, 45.2339928 ], [ -67.2534538, 45.2341131 ], [ -67.2546355, 45.2378199 ], [ -67.2574513, 45.2464947 ], [ -67.257553, 45.2468077 ], [ -67.2577941, 45.2476076 ], [ -67.2585376, 45.2500759 ], [ -67.2616436, 45.2608859 ], [ -67.263188, 45.2624702 ], [ -67.2633303, 45.2626312 ], [ -67.2637183, 45.2630515 ], [ -67.2658514, 45.2653225 ], [ -67.267524, 45.2670671 ], [ -67.2677663, 45.2673203 ], [ -67.2688664, 45.2684684 ], [ -67.2741622, 45.2739938 ], [ -67.2746796, 45.2745486 ], [ -67.274629, 45.2745755 ], [ -67.2745273, 45.2745942 ], [ -67.274413, 45.2746219 ], [ -67.2743876, 45.2746311 ], [ -67.2741838, 45.2746415 ], [ -67.274082, 45.2746512 ], [ -67.2740313, 45.2746696 ], [ -67.274035, 45.2749395 ], [ -67.2740491, 45.2750388 ], [ -67.2740618, 45.2750374 ], [ -67.2741137, 45.2751 ], [ -67.2741915, 45.2751984 ], [ -67.274333, 45.2752964 ], [ -67.2743589, 45.2753233 ], [ -67.2743719, 45.2753412 ], [ -67.2743981, 45.275395 ], [ -67.2744368, 45.2754307 ], [ -67.2744882, 45.2754573 ], [ -67.2745531, 45.2755469 ], [ -67.274554, 45.2756098 ], [ -67.2745671, 45.2756368 ], [ -67.2745695, 45.2758077 ], [ -67.2746214, 45.2758793 ], [ -67.2746985, 45.2759238 ], [ -67.2748525, 45.2760037 ], [ -67.2748784, 45.2760305 ], [ -67.2748914, 45.2760484 ], [ -67.2748929, 45.2761564 ], [ -67.2748681, 45.2762106 ], [ -67.2748058, 45.27631 ], [ -67.2748061, 45.2763369 ], [ -67.2747938, 45.276364 ], [ -67.2747951, 45.276463 ], [ -67.2748082, 45.2764899 ], [ -67.2748101, 45.2766262 ], [ -67.2748232, 45.2766518 ], [ -67.2748753, 45.2767324 ], [ -67.2748759, 45.2767787 ], [ -67.2748903, 45.2768043 ], [ -67.2748944, 45.2771012 ], [ -67.274934, 45.2771999 ], [ -67.2749731, 45.2772626 ], [ -67.2749987, 45.2772714 ], [ -67.2750624, 45.277271 ], [ -67.2752154, 45.2772789 ], [ -67.275241, 45.2772877 ], [ -67.275344, 45.277359 ], [ -67.2753698, 45.2773858 ], [ -67.2754218, 45.2774575 ], [ -67.2754222, 45.2774845 ], [ -67.2754369, 45.2776283 ], [ -67.2754143, 45.2778354 ], [ -67.2754179, 45.2780963 ], [ -67.2754128, 45.2786542 ], [ -67.2753903, 45.2788703 ], [ -67.2754035, 45.2789062 ], [ -67.2754165, 45.2789242 ], [ -67.2754561, 45.2790229 ], [ -67.2754566, 45.2790588 ], [ -67.2754615, 45.2791353 ], [ -67.2754651, 45.2792118 ], [ -67.275474, 45.2794006 ], [ -67.2754623, 45.2794727 ], [ -67.2753998, 45.2795631 ], [ -67.2753368, 45.2796175 ], [ -67.2752741, 45.2796899 ], [ -67.2752236, 45.2797263 ], [ -67.2751103, 45.279826 ], [ -67.2751107, 45.279853 ], [ -67.2750997, 45.2799791 ], [ -67.2750748, 45.2800242 ], [ -67.2750623, 45.2800423 ], [ -67.275048, 45.2800708 ], [ -67.2750369, 45.2800515 ], [ -67.2749857, 45.2800338 ], [ -67.2749473, 45.2800251 ], [ -67.274871, 45.2800346 ], [ -67.2748202, 45.280044 ], [ -67.2747929, 45.2800545 ], [ -67.2745384, 45.2800833 ], [ -67.2745148, 45.2800821 ], [ -67.2744385, 45.2800916 ], [ -67.2743366, 45.2801013 ], [ -67.2742983, 45.2800925 ], [ -67.2742597, 45.2800658 ], [ -67.2741687, 45.2799405 ], [ -67.2741429, 45.2799137 ], [ -67.2740528, 45.2798513 ], [ -67.273886, 45.2797714 ], [ -67.2738349, 45.2797628 ], [ -67.2738203, 45.2797642 ], [ -67.2738137, 45.2797631 ], [ -67.2737692, 45.2797556 ], [ -67.2735486, 45.2794692 ], [ -67.2735504, 45.2794588 ], [ -67.2735497, 45.2794138 ], [ -67.2734978, 45.2793422 ], [ -67.2734333, 45.2792887 ], [ -67.2733053, 45.2792445 ], [ -67.2731137, 45.2792189 ], [ -67.2730117, 45.2792106 ], [ -67.2728842, 45.2792114 ], [ -67.2727692, 45.2791852 ], [ -67.2727051, 45.2791587 ], [ -67.2725249, 45.2790339 ], [ -67.2724481, 45.2790075 ], [ -67.2723585, 45.2789811 ], [ -67.2722946, 45.2789635 ], [ -67.2721668, 45.2789374 ], [ -67.2721411, 45.2789286 ], [ -67.2720772, 45.278911 ], [ -67.2720388, 45.2789023 ], [ -67.271886, 45.2789123 ], [ -67.2713381, 45.2789161 ], [ -67.2711853, 45.2789261 ], [ -67.271109, 45.2789446 ], [ -67.2709192, 45.2790449 ], [ -67.2708811, 45.2790542 ], [ -67.27069, 45.2790555 ], [ -67.2706519, 45.2790647 ], [ -67.2706265, 45.2790739 ], [ -67.2706287, 45.2792358 ], [ -67.2706162, 45.2792539 ], [ -67.2705785, 45.2792902 ], [ -67.2704517, 45.279336 ], [ -67.2703119, 45.279364 ], [ -67.2702737, 45.2793732 ], [ -67.2702484, 45.2793824 ], [ -67.2702361, 45.2794185 ], [ -67.2702246, 45.2795085 ], [ -67.2702256, 45.2795805 ], [ -67.2702131, 45.2795986 ], [ -67.27015, 45.279644 ], [ -67.2700234, 45.2797078 ], [ -67.2699474, 45.2797444 ], [ -67.2698845, 45.2797988 ], [ -67.2698339, 45.2798261 ], [ -67.2697579, 45.2798626 ], [ -67.2696561, 45.2798723 ], [ -67.2693884, 45.2798741 ], [ -67.2693503, 45.2798834 ], [ -67.2693121, 45.2798837 ], [ -67.269236, 45.2799112 ], [ -67.2691727, 45.2799386 ], [ -67.2690339, 45.2800475 ], [ -67.2690214, 45.2800656 ], [ -67.2689331, 45.2801292 ], [ -67.268908, 45.2801563 ], [ -67.2688575, 45.2801927 ], [ -67.2687945, 45.2802471 ], [ -67.2687695, 45.2802833 ], [ -67.2686817, 45.2803828 ], [ -67.2686692, 45.2804009 ], [ -67.2686315, 45.2804462 ], [ -67.2685183, 45.2805549 ], [ -67.2684556, 45.2806273 ], [ -67.2684185, 45.2807085 ], [ -67.2683933, 45.2807357 ], [ -67.2683171, 45.2807542 ], [ -67.2682665, 45.2807816 ], [ -67.268254, 45.2807996 ], [ -67.2682579, 45.2810875 ], [ -67.2682079, 45.2811599 ], [ -67.2681068, 45.2812235 ], [ -67.2680439, 45.281278 ], [ -67.2680061, 45.2813142 ], [ -67.2679811, 45.2813504 ], [ -67.2679566, 45.2814225 ], [ -67.2679316, 45.2814587 ], [ -67.267894, 45.2815039 ], [ -67.2678689, 45.2815311 ], [ -67.2676664, 45.2816404 ], [ -67.2675079, 45.2817633 ], [ -67.2675025, 45.2817675 ], [ -67.2674921, 45.2817826 ], [ -67.26749, 45.2817856 ], [ -67.2674522, 45.2818218 ], [ -67.2674271, 45.281849 ], [ -67.2672372, 45.2819403 ], [ -67.2671866, 45.2819676 ], [ -67.267098, 45.2820132 ], [ -67.266997, 45.2820859 ], [ -67.2669719, 45.282113 ], [ -67.2669089, 45.2821675 ], [ -67.266871, 45.2821947 ], [ -67.2668335, 45.2822489 ], [ -67.2667328, 45.2823396 ], [ -67.266594, 45.2824395 ], [ -67.2665063, 45.2825571 ], [ -67.2663304, 45.2827382 ], [ -67.2661421, 45.2829555 ], [ -67.2661171, 45.2829916 ], [ -67.2660793, 45.2830189 ], [ -67.2660285, 45.2830372 ], [ -67.2659399, 45.2830828 ], [ -67.2658772, 45.2831552 ], [ -67.2658152, 45.2832816 ], [ -67.2658058, 45.2833379 ], [ -67.265814, 45.2833365 ], [ -67.2698842, 45.2826688 ], [ -67.2744642, 45.2819175 ], [ -67.2807289, 45.2808898 ], [ -67.2951523, 45.2785236 ], [ -67.2962453, 45.2783443 ], [ -67.2978609, 45.2780793 ], [ -67.3148134, 45.2752981 ], [ -67.3385953, 45.2713962 ], [ -67.3414678, 45.2709899 ], [ -67.3610136, 45.2683593 ], [ -67.3602367, 45.2658275 ], [ -67.3598946, 45.264745 ], [ -67.3597547, 45.2643016 ], [ -67.358616, 45.2606476 ], [ -67.3579067, 45.258384 ], [ -67.3577328, 45.257829 ], [ -67.3565547, 45.2540318 ], [ -67.3559647, 45.2520927 ], [ -67.3549734, 45.2488425 ], [ -67.3547192, 45.2488804 ], [ -67.3524186, 45.2492123 ], [ -67.3506265, 45.2494777 ], [ -67.3501468, 45.2480777 ], [ -67.3498943, 45.2473777 ], [ -67.3493085, 45.2456545 ], [ -67.3488958, 45.2444699 ], [ -67.3484297, 45.2431237 ], [ -67.3480169, 45.2419301 ], [ -67.3479374, 45.2417237 ], [ -67.3475779, 45.2406827 ], [ -67.3471524, 45.2394441 ], [ -67.3467264, 45.2382151 ], [ -67.3459406, 45.2359265 ], [ -67.3446771, 45.2323008 ], [ -67.3442906, 45.2311519 ], [ -67.3443034, 45.2311518 ], [ -67.3442775, 45.231125 ], [ -67.3364791, 45.2247221 ], [ -67.3343351, 45.2229694 ], [ -67.3363607, 45.2217226 ], [ -67.3483615, 45.2143336 ], [ -67.3494042, 45.2137026 ], [ -67.3579932, 45.2084383 ], [ -67.3608331, 45.2066796 ], [ -67.3820258, 45.1935424 ], [ -67.3820385, 45.1935423 ], [ -67.4002981, 45.1822228 ], [ -67.4048227, 45.1795426 ], [ -67.406079, 45.1787941 ] ] ] } },
{ "type": "Feature", "properties": { "name": "St George", "osm_type": "way", "id": 1453993744, "boundary": "administrative", "County": "Charlotte", "State": "New Brunswick", "long_name": "new_brunswick_charlotte_county_st_george", "wikipedia": null, "name:en": null }, "geometry": { "type": "Polygon", "coordinates": [ [ [ -66.8656283, 45.1430613 ], [ -66.8662097, 45.1447901 ], [ -66.8640176, 45.1448158 ], [ -66.8638215, 45.1461548 ], [ -66.8618413, 45.1466501 ], [ -66.8439015, 45.1469373 ], [ -66.8349789, 45.1470723 ], [ -66.8337209, 45.1433592 ], [ -66.8303009, 45.1438974 ], [ -66.8097709, 45.147488 ], [ -66.8066758, 45.138575 ], [ -66.8055965, 45.1355291 ], [ -66.8054871, 45.1352208 ], [ -66.8053885, 45.1349408 ], [ -66.8052502, 45.1345436 ], [ -66.8027492, 45.1273898 ], [ -66.7984546, 45.1148051 ], [ -66.8041581, 45.1122475 ], [ -66.8091344, 45.1100312 ], [ -66.824396, 45.103149 ], [ -66.8251457, 45.1027518 ], [ -66.8340697, 45.1167618 ], [ -66.8368637, 45.1210126 ], [ -66.8440254, 45.1199939 ], [ -66.8508709, 45.1245001 ], [ -66.8612391, 45.1314505 ], [ -66.8632584, 45.1368702 ], [ -66.862269, 45.137273 ], [ -66.8623013, 45.1377464 ], [ -66.8631484, 45.1387384 ], [ -66.8656283, 45.1430613 ] ] ] } },
{ "type": "Feature", "properties": { "name": "St. Stephen", "osm_type": "way", "id": 1454061538, "boundary": "administrative", "County": "Charlotte", "State": "New Brunswick", "long_name": "new_brunswick_charlotte_county_st._stephen", "wikipedia": null, "name:en": null }, "geometry": { "type": "Polygon", "coordinates": [ [ [ -67.2970798, 45.1477833 ], [ -67.298062, 45.1479936 ], [ -67.3087787, 45.156783 ], [ -67.3093888, 45.1572832 ], [ -67.3095345, 45.1574027 ], [ -67.3177745, 45.164158 ], [ -67.3183817, 45.1650147 ], [ -67.3207589, 45.1666704 ], [ -67.320834, 45.1667158 ], [ -67.3267299, 45.1725566 ], [ -67.3305475, 45.1752961 ], [ -67.3221963, 45.1844941 ], [ -67.3200704, 45.1851273 ], [ -67.318835, 45.186704 ], [ -67.3143086, 45.1880177 ], [ -67.3062047, 45.1966641 ], [ -67.3069975, 45.1966677 ], [ -67.3066737, 45.1987763 ], [ -67.3040637, 45.2005314 ], [ -67.3105923, 45.2055104 ], [ -67.3072634, 45.2076421 ], [ -67.302037, 45.2033001 ], [ -67.3018642, 45.2034046 ], [ -67.2949271, 45.2073083 ], [ -67.2861702, 45.2080079 ], [ -67.2858317, 45.2070018 ], [ -67.2823121, 45.2082976 ], [ -67.2796973, 45.2091727 ], [ -67.2732298, 45.2112425 ], [ -67.2727911, 45.21087 ], [ -67.2727365, 45.2106025 ], [ -67.2728018, 45.2105495 ], [ -67.2752146, 45.2100232 ], [ -67.2763887, 45.2096692 ], [ -67.2800448, 45.2087183 ], [ -67.2798173, 45.2084016 ], [ -67.2773718, 45.2091041 ], [ -67.2715969, 45.2083463 ], [ -67.2694098, 45.2087353 ], [ -67.2694471, 45.207834 ], [ -67.2687541, 45.2075182 ], [ -67.2684504, 45.206994 ], [ -67.2680967, 45.2069678 ], [ -67.2679204, 45.2071752 ], [ -67.2676673, 45.2071093 ], [ -67.2644172, 45.206016 ], [ -67.2666266, 45.2051433 ], [ -67.2663623, 45.2041666 ], [ -67.2634129, 45.2031849 ], [ -67.2623254, 45.2009537 ], [ -67.2612807, 45.1999044 ], [ -67.2594883, 45.204242 ], [ -67.2510379, 45.2011694 ], [ -67.2550505, 45.1912609 ], [ -67.2554008, 45.1911218 ], [ -67.2556273, 45.1910249 ], [ -67.2609582, 45.1870046 ], [ -67.2616331, 45.1875069 ], [ -67.2622449, 45.187952 ], [ -67.2692171, 45.1905164 ], [ -67.2720222, 45.1912144 ], [ -67.2746233, 45.1913394 ], [ -67.2790115, 45.1911255 ], [ -67.2822392, 45.1916812 ], [ -67.2833616, 45.1918685 ], [ -67.2851087, 45.1913122 ], [ -67.2857906, 45.1899535 ], [ -67.2870234, 45.1891294 ], [ -67.2897118, 45.1888042 ], [ -67.2909938, 45.1875815 ], [ -67.2901627, 45.1861395 ], [ -67.2909837, 45.1858325 ], [ -67.2909637, 45.1854015 ], [ -67.2912797, 45.1850395 ], [ -67.2912237, 45.1843175 ], [ -67.2915797, 45.1839555 ], [ -67.2916207, 45.1835295 ], [ -67.2912787, 45.1825765 ], [ -67.2907316, 45.1816675 ], [ -67.2940467, 45.1771761 ], [ -67.2935217, 45.1758671 ], [ -67.2911064, 45.1745798 ], [ -67.2914344, 45.1729189 ], [ -67.2914284, 45.1710449 ], [ -67.2932015, 45.170687 ], [ -67.2948035, 45.170526 ], [ -67.2968296, 45.1701 ], [ -67.2993417, 45.1691891 ], [ -67.3025452, 45.1610811 ], [ -67.3025871, 45.160975 ], [ -67.3026869, 45.1607225 ], [ -67.3016261, 45.1570062 ], [ -67.2975701, 45.1554937 ], [ -67.294222, 45.1536464 ], [ -67.2946921, 45.1497512 ], [ -67.2953978, 45.1486967 ], [ -67.2960203, 45.1479355 ], [ -67.2970798, 45.1477833 ] ] ] } },
{ "type": "Feature", "properties": { "name": "Village of Grand Manan", "osm_type": "relation", "id": 11262091, "boundary": "administrative", "County": "Charlotte", "State": "New Brunswick", "long_name": "new_brunswick_charlotte_county_village_of_grand_manan", "wikipedia": null, "name:en": "Village of Grand Manan" }, "geometry": { "type": "Polygon", "coordinates": [ [ [ -66.7830202, 44.8190131 ], [ -66.7844797, 44.8189437 ], [ -66.7850094, 44.8188474 ], [ -66.7856532, 44.8188529 ], [ -66.78717, 44.819004 ], [ -66.7885314, 44.8190401 ], [ -66.7891905, 44.8190323 ], [ -66.7899167, 44.8190088 ], [ -66.7910703, 44.8189478 ], [ -66.7919769, 44.8188764 ], [ -66.7927727, 44.8187929 ], [ -66.7942914, 44.818565 ], [ -66.7964873, 44.8181336 ], [ -66.7976443, 44.8178631 ], [ -66.7979916, 44.8177684 ], [ -66.7987867, 44.8175292 ], [ -66.8001904, 44.8170661 ], [ -66.8011484, 44.8167141 ], [ -66.8017632, 44.816464 ], [ -66.8028572, 44.815964 ], [ -66.8044931, 44.8151288 ], [ -66.8056611, 44.8144539 ], [ -66.8063955, 44.8139753 ], [ -66.8070054, 44.8135501 ], [ -66.8075663, 44.8131316 ], [ -66.808495, 44.8123548 ], [ -66.8097944, 44.8111341 ], [ -66.8106292, 44.8102445 ], [ -66.8110984, 44.8096737 ], [ -66.8117221, 44.8088113 ], [ -66.8125118, 44.8075578 ], [ -66.813138, 44.806333 ], [ -66.8135764, 44.8060825 ], [ -66.8142918, 44.8056875 ], [ -66.8150161, 44.8052419 ], [ -66.815303, 44.8051333 ], [ -66.8165857, 44.804592 ], [ -66.8176424, 44.8041163 ], [ -66.8182752, 44.8039632 ], [ -66.8188402, 44.8038157 ], [ -66.8194365, 44.8036484 ], [ -66.819838, 44.8035301 ], [ -66.8203301, 44.803378 ], [ -66.8208287, 44.8032147 ], [ -66.8214537, 44.8029946 ], [ -66.8229025, 44.8024588 ], [ -66.8242287, 44.8018925 ], [ -66.825563, 44.8012403 ], [ -66.8266252, 44.8006599 ], [ -66.8275609, 44.8000901 ], [ -66.828423, 44.7995132 ], [ -66.8289618, 44.7991172 ], [ -66.829199, 44.798938 ], [ -66.8299323, 44.7983687 ], [ -66.8309997, 44.7974181 ], [ -66.8322936, 44.796087 ], [ -66.8329146, 44.7955734 ], [ -66.8333413, 44.7953694 ], [ -66.8344348, 44.7947798 ], [ -66.8354611, 44.7941632 ], [ -66.8358971, 44.7938948 ], [ -66.8363074, 44.793635 ], [ -66.8368771, 44.7932581 ], [ -66.8374773, 44.7928334 ], [ -66.8380948, 44.792366 ], [ -66.8389095, 44.7917399 ], [ -66.8398645, 44.7909117 ], [ -66.8412557, 44.7895468 ], [ -66.8421064, 44.7885912 ], [ -66.8425286, 44.7880421 ], [ -66.8427347, 44.7877652 ], [ -66.8430112, 44.7873741 ], [ -66.8438229, 44.7868472 ], [ -66.8441074, 44.7866538 ], [ -66.8445655, 44.7863529 ], [ -66.8449262, 44.7861065 ], [ -66.8452959, 44.7858425 ], [ -66.8456637, 44.7855714 ], [ -66.8460529, 44.7852698 ], [ -66.8467272, 44.7847227 ], [ -66.8470624, 44.784439 ], [ -66.8474815, 44.7840662 ], [ -66.8479099, 44.7836588 ], [ -66.848158, 44.7834085 ], [ -66.8486703, 44.7829055 ], [ -66.849144, 44.7824059 ], [ -66.849933, 44.7815212 ], [ -66.8502825, 44.7811077 ], [ -66.8505971, 44.7807016 ], [ -66.8511114, 44.7799963 ], [ -66.85135, 44.7796515 ], [ -66.8519181, 44.7787433 ], [ -66.8525065, 44.7777119 ], [ -66.8527785, 44.7771892 ], [ -66.8529154, 44.7768969 ], [ -66.8531117, 44.7764562 ], [ -66.853261, 44.7761009 ], [ -66.8533604, 44.7758488 ], [ -66.853566, 44.775293 ], [ -66.8538438, 44.7746279 ], [ -66.8540205, 44.7741685 ], [ -66.8541251, 44.7738649 ], [ -66.8542991, 44.7734217 ], [ -66.8544895, 44.7729757 ], [ -66.8547909, 44.7724309 ], [ -66.8551275, 44.7717906 ], [ -66.8554761, 44.7712221 ], [ -66.8557844, 44.7707884 ], [ -66.8560119, 44.7704468 ], [ -66.8562345, 44.770093 ], [ -66.8565065, 44.7696345 ], [ -66.8566426, 44.7693955 ], [ -66.8569383, 44.7688436 ], [ -66.8571028, 44.7685135 ], [ -66.8572469, 44.7683086 ], [ -66.8578494, 44.7673425 ], [ -66.8584899, 44.7660624 ], [ -66.8586926, 44.7655343 ], [ -66.8589259, 44.7649795 ], [ -66.8591076, 44.7644738 ], [ -66.8593886, 44.7638047 ], [ -66.8595369, 44.7634192 ], [ -66.8599454, 44.7622501 ], [ -66.8608345, 44.7613866 ], [ -66.8612582, 44.760968 ], [ -66.8614816, 44.7607334 ], [ -66.8618412, 44.7603334 ], [ -66.8625303, 44.7595204 ], [ -66.8628599, 44.7591072 ], [ -66.8631886, 44.7586686 ], [ -66.8634538, 44.758294 ], [ -66.8639609, 44.7575341 ], [ -66.8643622, 44.7568642 ], [ -66.8647233, 44.7561844 ], [ -66.8650288, 44.7555822 ], [ -66.8651714, 44.7553109 ], [ -66.8653638, 44.7549172 ], [ -66.8656066, 44.7543806 ], [ -66.8658241, 44.7539503 ], [ -66.8660439, 44.7534743 ], [ -66.8662142, 44.7530678 ], [ -66.866399, 44.7525899 ], [ -66.8666286, 44.7524009 ], [ -66.8674789, 44.7516178 ], [ -66.8688103, 44.7502398 ], [ -66.8690925, 44.7499382 ], [ -66.8695135, 44.7494442 ], [ -66.870001, 44.7489021 ], [ -66.8706036, 44.7484386 ], [ -66.8712441, 44.747924 ], [ -66.8714677, 44.7477299 ], [ -66.8717271, 44.7474971 ], [ -66.8721172, 44.7471346 ], [ -66.8732027, 44.7461476 ], [ -66.8737564, 44.7456042 ], [ -66.8740319, 44.7453107 ], [ -66.8744283, 44.744871 ], [ -66.8749611, 44.7442614 ], [ -66.8753655, 44.7437732 ], [ -66.8756383, 44.7434178 ], [ -66.8759704, 44.7429671 ], [ -66.8761206, 44.742752 ], [ -66.8767818, 44.7417741 ], [ -66.8772201, 44.7410444 ], [ -66.8776263, 44.7402729 ], [ -66.8779612, 44.7396946 ], [ -66.8782743, 44.7392031 ], [ -66.8785445, 44.7387431 ], [ -66.8791809, 44.7378358 ], [ -66.879578, 44.7372112 ], [ -66.879925, 44.7365933 ], [ -66.8801038, 44.736249 ], [ -66.8804447, 44.7355487 ], [ -66.8806545, 44.7351515 ], [ -66.880886, 44.7346724 ], [ -66.88102, 44.7343675 ], [ -66.88154, 44.7339173 ], [ -66.8827935, 44.7326283 ], [ -66.8836375, 44.7316272 ], [ -66.8841298, 44.7309469 ], [ -66.8843655, 44.7306035 ], [ -66.8846598, 44.7301505 ], [ -66.8848294, 44.7298776 ], [ -66.885156, 44.7293277 ], [ -66.8854244, 44.7288445 ], [ -66.8856616, 44.7283651 ], [ -66.8859551, 44.7277161 ], [ -66.8861828, 44.7273856 ], [ -66.8866115, 44.7266898 ], [ -66.8868478, 44.7263723 ], [ -66.887124, 44.7259779 ], [ -66.8874172, 44.7255324 ], [ -66.8878221, 44.7249381 ], [ -66.8884321, 44.7239368 ], [ -66.8886876, 44.7234843 ], [ -66.8891211, 44.7226493 ], [ -66.8893711, 44.7221155 ], [ -66.8896421, 44.7214703 ], [ -66.8899485, 44.7206782 ], [ -66.8900957, 44.720252 ], [ -66.8902221, 44.7198429 ], [ -66.8903176, 44.7195025 ], [ -66.8904363, 44.7190329 ], [ -66.8905809, 44.7182793 ], [ -66.8907167, 44.7172493 ], [ -66.8907441, 44.7170071 ], [ -66.890785, 44.7165175 ], [ -66.8908073, 44.7161075 ], [ -66.8908258, 44.7155345 ], [ -66.8912232, 44.7147705 ], [ -66.8915122, 44.7143105 ], [ -66.8918666, 44.7136843 ], [ -66.8921645, 44.7130951 ], [ -66.8925031, 44.7123164 ], [ -66.8930741, 44.710757 ], [ -66.8933175, 44.7099379 ], [ -66.89338, 44.7096658 ], [ -66.893507, 44.7089174 ], [ -66.8936717, 44.7074235 ], [ -66.8937084, 44.7065567 ], [ -66.8937004, 44.7062636 ], [ -66.8936853, 44.7059014 ], [ -66.893628, 44.70528 ], [ -66.8934535, 44.7040419 ], [ -66.8933362, 44.7034253 ], [ -66.8932785, 44.7031848 ], [ -66.8931761, 44.7028067 ], [ -66.8929896, 44.702182 ], [ -66.8930667, 44.7012047 ], [ -66.8930409, 44.7003518 ], [ -66.8934335, 44.6998663 ], [ -66.8942597, 44.6988029 ], [ -66.8946475, 44.6982616 ], [ -66.8953472, 44.6971973 ], [ -66.8957027, 44.6966016 ], [ -66.8961652, 44.695742 ], [ -66.8966655, 44.6951361 ], [ -66.89728, 44.6942607 ], [ -66.8975706, 44.693817 ], [ -66.8977779, 44.6934767 ], [ -66.8980103, 44.6930677 ], [ -66.8983209, 44.6924855 ], [ -66.8987752, 44.69157 ], [ -66.8991859, 44.6905755 ], [ -66.8993787, 44.6900507 ], [ -66.8999012, 44.6891916 ], [ -66.9002996, 44.6884598 ], [ -66.9004754, 44.6880873 ], [ -66.900673, 44.6876484 ], [ -66.9009113, 44.687044 ], [ -66.9013284, 44.6858246 ], [ -66.9016178, 44.6846241 ], [ -66.9017872, 44.6843117 ], [ -66.9019794, 44.6839324 ], [ -66.9021775, 44.6835113 ], [ -66.9027814, 44.6824715 ], [ -66.902974, 44.6821065 ], [ -66.9032967, 44.6816233 ], [ -66.9034285, 44.6814077 ], [ -66.9039295, 44.6810129 ], [ -66.9041756, 44.6808008 ], [ -66.9045824, 44.6804308 ], [ -66.9053694, 44.6796755 ], [ -66.9057492, 44.6792904 ], [ -66.9060995, 44.6789145 ], [ -66.9066335, 44.678292 ], [ -66.9071051, 44.6778873 ], [ -66.9080478, 44.6770783 ], [ -66.9092995, 44.675789 ], [ -66.9098862, 44.6751247 ], [ -66.9104277, 44.6743661 ], [ -66.9109441, 44.6735493 ], [ -66.9114046, 44.6730565 ], [ -66.9123688, 44.6718254 ], [ -66.9132873, 44.6704006 ], [ -66.9140281, 44.6689247 ], [ -66.914586, 44.6674078 ], [ -66.9147546, 44.6667514 ], [ -66.9150459, 44.6662329 ], [ -66.9154851, 44.6653087 ], [ -66.9159702, 44.6640708 ], [ -66.9161986, 44.6633858 ], [ -66.9163244, 44.6629299 ], [ -66.9165194, 44.6619292 ], [ -66.9166996, 44.6603662 ], [ -66.9166897, 44.6588105 ], [ -66.9165219, 44.6574985 ], [ -66.9164891, 44.6571196 ], [ -66.9164489, 44.6559356 ], [ -66.916246, 44.6543739 ], [ -66.9160968, 44.6535961 ], [ -66.915845, 44.6528096 ], [ -66.915486, 44.6518816 ], [ -66.9153802, 44.6514115 ], [ -66.9151171, 44.6505962 ], [ -66.9145629, 44.6491807 ], [ -66.9138372, 44.6477917 ], [ -66.9138704, 44.6475847 ], [ -66.9138979, 44.6473604 ], [ -66.9139394, 44.6468712 ], [ -66.9140363, 44.6465968 ], [ -66.914594, 44.6450799 ], [ -66.9148486, 44.644217 ], [ -66.9149537, 44.6437308 ], [ -66.9150589, 44.6430471 ], [ -66.915196, 44.6416764 ], [ -66.9151842, 44.6402875 ], [ -66.9152451, 44.6399511 ], [ -66.9161762, 44.6394133 ], [ -66.9164087, 44.6392884 ], [ -66.9175816, 44.6386073 ], [ -66.9178889, 44.6384057 ], [ -66.9181534, 44.6382443 ], [ -66.9185693, 44.6379785 ], [ -66.9191735, 44.6375751 ], [ -66.919636, 44.63725 ], [ -66.9200314, 44.6369573 ], [ -66.9204234, 44.6366534 ], [ -66.9209005, 44.6362661 ], [ -66.9213052, 44.6359047 ], [ -66.921736, 44.6356789 ], [ -66.9223427, 44.6352867 ], [ -66.9235204, 44.6344739 ], [ -66.9243964, 44.6338046 ], [ -66.9250692, 44.6332348 ], [ -66.9258148, 44.6325369 ], [ -66.9267212, 44.6315967 ], [ -66.9272821, 44.6309595 ], [ -66.9276059, 44.630555 ], [ -66.9280362, 44.629968 ], [ -66.9286463, 44.6290559 ], [ -66.9290191, 44.6284406 ], [ -66.9292408, 44.6280336 ], [ -66.9293897, 44.6277458 ], [ -66.9295315, 44.6274567 ], [ -66.9296848, 44.6271237 ], [ -66.9299012, 44.6266204 ], [ -66.930014, 44.6263301 ], [ -66.9303837, 44.6258435 ], [ -66.931255, 44.6244768 ], [ -66.9317516, 44.623571 ], [ -66.9319482, 44.6231459 ], [ -66.9322448, 44.6223973 ], [ -66.932614, 44.621284 ], [ -66.9328404, 44.6206524 ], [ -66.9330834, 44.6198072 ], [ -66.9331394, 44.6195507 ], [ -66.9332169, 44.6191221 ], [ -66.9332967, 44.6188485 ], [ -66.9334392, 44.6183091 ], [ -66.9335359, 44.6178952 ], [ -66.9336167, 44.6175094 ], [ -66.9337165, 44.6169561 ], [ -66.933761, 44.6166714 ], [ -66.9338522, 44.6159198 ], [ -66.9338818, 44.6156358 ], [ -66.9339117, 44.6152693 ], [ -66.9341911, 44.6148353 ], [ -66.934606, 44.6141089 ], [ -66.9349461, 44.6133168 ], [ -66.9355224, 44.6117147 ], [ -66.9358764, 44.6102124 ], [ -66.9360569, 44.6086431 ], [ -66.9360458, 44.6070785 ], [ -66.9359192, 44.6061028 ], [ -66.9357382, 44.6048404 ], [ -66.9356005, 44.6041458 ], [ -66.9353132, 44.603201 ], [ -66.9349201, 44.6021691 ], [ -66.9346729, 44.60146 ], [ -66.9341902, 44.6002814 ], [ -66.9337553, 44.5991533 ], [ -66.9334295, 44.5985228 ], [ -66.9332893, 44.5981624 ], [ -66.9325406, 44.5967257 ], [ -66.9316024, 44.5953079 ], [ -66.9311204, 44.5946464 ], [ -66.9301666, 44.5931988 ], [ -66.9295363, 44.5919821 ], [ -66.9285982, 44.5905643 ], [ -66.9278873, 44.5896353 ], [ -66.9274818, 44.5891725 ], [ -66.9271469, 44.5888242 ], [ -66.9269759, 44.5886004 ], [ -66.9265911, 44.5881597 ], [ -66.9259745, 44.5875171 ], [ -66.9250828, 44.5866693 ], [ -66.9238734, 44.5856789 ], [ -66.9223135, 44.5845759 ], [ -66.9208885, 44.5837081 ], [ -66.9196364, 44.5830539 ], [ -66.9187497, 44.5826305 ], [ -66.9181419, 44.5823662 ], [ -66.9170639, 44.5819475 ], [ -66.9154954, 44.5814072 ], [ -66.9145171, 44.5811059 ], [ -66.9140321, 44.5809736 ], [ -66.9128504, 44.5806982 ], [ -66.9118789, 44.5805093 ], [ -66.9096789, 44.5800897 ], [ -66.9076184, 44.5798256 ], [ -66.9060441, 44.5797192 ], [ -66.9046666, 44.579543 ], [ -66.9036569, 44.5794438 ], [ -66.9028396, 44.5793874 ], [ -66.9018859, 44.5793476 ], [ -66.9010353, 44.5793353 ], [ -66.9004461, 44.5793338 ], [ -66.8997635, 44.5793101 ], [ -66.8992807, 44.5792718 ], [ -66.8988821, 44.5792448 ], [ -66.8980649, 44.5791988 ], [ -66.8961581, 44.5791952 ], [ -66.8944485, 44.5792846 ], [ -66.8933863, 44.5793727 ], [ -66.8928548, 44.5794332 ], [ -66.8914449, 44.5796535 ], [ -66.891004, 44.5796926 ], [ -66.8892694, 44.5798892 ], [ -66.8877747, 44.5798308 ], [ -66.8867113, 44.5798667 ], [ -66.8844601, 44.5800109 ], [ -66.8829625, 44.5801722 ], [ -66.8823013, 44.5802727 ], [ -66.8809576, 44.5804622 ], [ -66.8796814, 44.5806923 ], [ -66.8785953, 44.5809318 ], [ -66.877436, 44.5812328 ], [ -66.8758196, 44.5817175 ], [ -66.8744719, 44.5821912 ], [ -66.873124, 44.5827385 ], [ -66.8724604, 44.5830276 ], [ -66.8716205, 44.583428 ], [ -66.8704954, 44.5840405 ], [ -66.8691488, 44.5845037 ], [ -66.8681753, 44.5849537 ], [ -66.8663393, 44.5858911 ], [ -66.8656235, 44.586285 ], [ -66.8653361, 44.5864552 ], [ -66.8644269, 44.5870496 ], [ -66.8628822, 44.5881635 ], [ -66.8621439, 44.5887446 ], [ -66.8614505, 44.5893991 ], [ -66.8610661, 44.5898177 ], [ -66.8603365, 44.5893217 ], [ -66.8599008, 44.5890507 ], [ -66.8588095, 44.5884438 ], [ -66.8570061, 44.5875499 ], [ -66.8558494, 44.5870397 ], [ -66.8547879, 44.5866536 ], [ -66.8529663, 44.5860658 ], [ -66.85149, 44.585667 ], [ -66.8503799, 44.5854227 ], [ -66.8492534, 44.5852149 ], [ -66.8479359, 44.5850181 ], [ -66.8469663, 44.5848798 ], [ -66.8455507, 44.5847375 ], [ -66.8433637, 44.5846076 ], [ -66.8416133, 44.5845909 ], [ -66.8403052, 44.5846434 ], [ -66.8392626, 44.5847165 ], [ -66.8382771, 44.5848153 ], [ -66.8366078, 44.585066 ], [ -66.8360771, 44.585173 ], [ -66.8356905, 44.5852439 ], [ -66.8336646, 44.585644 ], [ -66.8318715, 44.586105 ], [ -66.8303601, 44.5865887 ], [ -66.8295163, 44.5868858 ], [ -66.8281889, 44.5868008 ], [ -66.8260507, 44.5866702 ], [ -66.8244398, 44.5866457 ], [ -66.8238084, 44.586665 ], [ -66.8230028, 44.5862063 ], [ -66.8212015, 44.5853136 ], [ -66.8194182, 44.5845763 ], [ -66.8175853, 44.5839555 ], [ -66.8162376, 44.5835649 ], [ -66.8158478, 44.5834696 ], [ -66.8154122, 44.5833682 ], [ -66.8148675, 44.5832512 ], [ -66.8142564, 44.5831305 ], [ -66.8136951, 44.5830296 ], [ -66.8126564, 44.5828608 ], [ -66.8109641, 44.5826712 ], [ -66.8088897, 44.5825412 ], [ -66.8077418, 44.582507 ], [ -66.8066547, 44.5825436 ], [ -66.8042418, 44.5826997 ], [ -66.8031434, 44.5828057 ], [ -66.8020511, 44.5829825 ], [ -66.8000067, 44.5833826 ], [ -66.7984081, 44.5837797 ], [ -66.7980231, 44.5838966 ], [ -66.7977525, 44.5839841 ], [ -66.7977338, 44.5837887 ], [ -66.7976679, 44.5833099 ], [ -66.7975321, 44.5826086 ], [ -66.7972418, 44.5814475 ], [ -66.796909, 44.5804491 ], [ -66.7964614, 44.5793807 ], [ -66.7963348, 44.5791228 ], [ -66.7961489, 44.5785984 ], [ -66.7959801, 44.5781753 ], [ -66.79575, 44.5776495 ], [ -66.7955803, 44.5772328 ], [ -66.7954315, 44.5768865 ], [ -66.7950925, 44.576114 ], [ -66.7948288, 44.5755406 ], [ -66.7945348, 44.5748451 ], [ -66.7941686, 44.5740899 ], [ -66.7939488, 44.5736708 ], [ -66.7938248, 44.5734511 ], [ -66.7934869, 44.5729055 ], [ -66.791981, 44.5706774 ], [ -66.7910628, 44.5695397 ], [ -66.7900861, 44.5685111 ], [ -66.7888824, 44.5674319 ], [ -66.7873752, 44.566275 ], [ -66.7862206, 44.565494 ], [ -66.7856196, 44.5651764 ], [ -66.785214, 44.564889 ], [ -66.7843074, 44.5640338 ], [ -66.7841144, 44.5638726 ], [ -66.7832388, 44.5632034 ], [ -66.7829479, 44.5624497 ], [ -66.7824842, 44.5613296 ], [ -66.7817949, 44.5600387 ], [ -66.7808396, 44.5585935 ], [ -66.7797486, 44.557255 ], [ -66.7784774, 44.5559652 ], [ -66.777429, 44.5550385 ], [ -66.7766626, 44.554446 ], [ -66.7759052, 44.5539082 ], [ -66.7750714, 44.5533643 ], [ -66.7737733, 44.5526237 ], [ -66.7719724, 44.5517284 ], [ -66.7707453, 44.5511901 ], [ -66.7701433, 44.5509588 ], [ -66.7691143, 44.5506054 ], [ -66.7676116, 44.5501482 ], [ -66.7658801, 44.5497247 ], [ -66.7638017, 44.5493344 ], [ -66.7616543, 44.5490707 ], [ -66.7594548, 44.5489391 ], [ -66.7583652, 44.5489078 ], [ -66.7572248, 44.5489475 ], [ -66.7549282, 44.5491023 ], [ -66.7528165, 44.549376 ], [ -66.7506904, 44.549788 ], [ -66.7494519, 44.5500781 ], [ -66.7490696, 44.5501836 ], [ -66.7481467, 44.550469 ], [ -66.7465899, 44.5510043 ], [ -66.7452582, 44.5515354 ], [ -66.7449857, 44.5516602 ], [ -66.743818, 44.5521486 ], [ -66.7419706, 44.5530745 ], [ -66.7409184, 44.5536638 ], [ -66.740599, 44.5538631 ], [ -66.739841, 44.5543775 ], [ -66.7396414, 44.5545246 ], [ -66.7390297, 44.5548553 ], [ -66.7388043, 44.5549868 ], [ -66.7381822, 44.5553381 ], [ -66.7374418, 44.5557908 ], [ -66.7365349, 44.5563902 ], [ -66.7358062, 44.556913 ], [ -66.7349947, 44.5575451 ], [ -66.7342108, 44.5582187 ], [ -66.7334533, 44.5589383 ], [ -66.7327301, 44.5597042 ], [ -66.7319482, 44.5606315 ], [ -66.7315449, 44.5611466 ], [ -66.7310878, 44.5618163 ], [ -66.7303587, 44.5630055 ], [ -66.7300244, 44.5636093 ], [ -66.7299009, 44.5638582 ], [ -66.7297535, 44.5641736 ], [ -66.7295397, 44.5646609 ], [ -66.7294306, 44.5648817 ], [ -66.7291933, 44.5652746 ], [ -66.7288307, 44.5659155 ], [ -66.7283295, 44.566992 ], [ -66.7280896, 44.5676317 ], [ -66.7279546, 44.5679592 ], [ -66.7276512, 44.5686644 ], [ -66.7273444, 44.5694449 ], [ -66.7264451, 44.570614 ], [ -66.7253037, 44.5724044 ], [ -66.725021, 44.572893 ], [ -66.7247076, 44.5734832 ], [ -66.7242925, 44.574415 ], [ -66.7238351, 44.5756743 ], [ -66.7237724, 44.5758469 ], [ -66.7235135, 44.5767464 ], [ -66.7234369, 44.5771037 ], [ -66.7233209, 44.5778552 ], [ -66.7232003, 44.5791235 ], [ -66.7231855, 44.5801591 ], [ -66.7232388, 44.5808792 ], [ -66.7232931, 44.5813545 ], [ -66.7234502, 44.5823906 ], [ -66.723729, 44.5835341 ], [ -66.7240822, 44.5845788 ], [ -66.7245485, 44.5856567 ], [ -66.725194, 44.5868728 ], [ -66.7257779, 44.5878084 ], [ -66.7263544, 44.5886066 ], [ -66.7269831, 44.5893801 ], [ -66.7276629, 44.590128 ], [ -66.7282808, 44.5907486 ], [ -66.7284745, 44.5910101 ], [ -66.7284628, 44.5925452 ], [ -66.7285279, 44.5931463 ], [ -66.7285943, 44.5939259 ], [ -66.7287861, 44.5952382 ], [ -66.7289998, 44.5961966 ], [ -66.7291835, 44.5968062 ], [ -66.7293681, 44.5973392 ], [ -66.7295737, 44.5978637 ], [ -66.7297692, 44.5983164 ], [ -66.7299823, 44.5987672 ], [ -66.7304542, 44.5996196 ], [ -66.7309602, 44.6004129 ], [ -66.7306379, 44.6003962 ], [ -66.7306312, 44.600543 ], [ -66.7306427, 44.6019448 ], [ -66.7305855, 44.6025876 ], [ -66.7305423, 44.603155 ], [ -66.730444, 44.6047333 ], [ -66.730349, 44.6066678 ], [ -66.730263, 44.6088033 ], [ -66.7293176, 44.6088088 ], [ -66.725185, 44.6088025 ], [ -66.7251964, 44.6089101 ], [ -66.7254985, 44.6145437 ], [ -66.7255816, 44.6154551 ], [ -66.7256709, 44.6160458 ], [ -66.7257152, 44.6165785 ], [ -66.7256762, 44.6170641 ], [ -66.7256763, 44.6172977 ], [ -66.7256532, 44.6176752 ], [ -66.7260237, 44.6187748 ], [ -66.7263802, 44.6189815 ], [ -66.7266756, 44.6191818 ], [ -66.72727, 44.6196627 ], [ -66.7272907, 44.6196862 ], [ -66.7275912, 44.6199309 ], [ -66.727813, 44.6201929 ], [ -66.7278831, 44.6204919 ], [ -66.7279107, 44.6205489 ], [ -66.7279324, 44.6205788 ], [ -66.7280146, 44.6207972 ], [ -66.7282329, 44.6211439 ], [ -66.7282583, 44.6211693 ], [ -66.7284309, 44.6214052 ], [ -66.728444, 44.6214168 ], [ -66.7286015, 44.6217921 ], [ -66.7288219, 44.6220585 ], [ -66.7288879, 44.6220929 ], [ -66.7291108, 44.6222356 ], [ -66.7297424, 44.62256 ], [ -66.7298419, 44.6226274 ], [ -66.7310483, 44.6229859 ], [ -66.7318834, 44.6231461 ], [ -66.7321112, 44.6231737 ], [ -66.7323483, 44.6232128 ], [ -66.7326959, 44.6232951 ], [ -66.7334199, 44.6234232 ], [ -66.7337011, 44.6234823 ], [ -66.7344192, 44.6236025 ], [ -66.7348776, 44.6247818 ], [ -66.7352067, 44.6254612 ], [ -66.7353233, 44.6257385 ], [ -66.7352911, 44.6258286 ], [ -66.735047, 44.626624 ], [ -66.7353844, 44.6269606 ], [ -66.735861, 44.627386 ], [ -66.7365158, 44.6280197 ], [ -66.7366748, 44.6282302 ], [ -66.7280947, 44.6328564 ], [ -66.7254386, 44.6360991 ], [ -66.7264789, 44.6380973 ], [ -66.7207212, 44.6404887 ], [ -66.7126675, 44.6446464 ], [ -66.6995612, 44.6537642 ], [ -66.6972569, 44.6563848 ], [ -66.6873457, 44.6657028 ], [ -66.6852805, 44.6661014 ], [ -66.683218, 44.666641 ], [ -66.6812283, 44.667307 ], [ -66.6798955, 44.6678251 ], [ -66.679188, 44.6681409 ], [ -66.6782999, 44.668576 ], [ -66.6771722, 44.6691807 ], [ -66.6758112, 44.6700256 ], [ -66.6742606, 44.671137 ], [ -66.6728518, 44.6723404 ], [ -66.6728467, 44.6723456 ], [ -66.6715949, 44.673627 ], [ -66.6710055, 44.6742901 ], [ -66.6704995, 44.6749875 ], [ -66.6695749, 44.6764103 ], [ -66.668882, 44.6777436 ], [ -66.6686824, 44.6782573 ], [ -66.6684047, 44.6790314 ], [ -66.6682015, 44.6795376 ], [ -66.6680738, 44.6798815 ], [ -66.6677497, 44.6808287 ], [ -66.6674309, 44.6822376 ], [ -66.6672441, 44.6838857 ], [ -66.667248, 44.6853687 ], [ -66.667381, 44.6864915 ], [ -66.6673816, 44.6872428 ], [ -66.6675639, 44.6887487 ], [ -66.6677881, 44.689829 ], [ -66.6680142, 44.6905947 ], [ -66.668217, 44.6911563 ], [ -66.6683535, 44.6916108 ], [ -66.6684538, 44.6920258 ], [ -66.6689463, 44.6934317 ], [ -66.6695358, 44.6947034 ], [ -66.6698911, 44.6953236 ], [ -66.6701008, 44.6958624 ], [ -66.6707113, 44.6970957 ], [ -66.6713294, 44.6981042 ], [ -66.6719202, 44.6989455 ], [ -66.6724809, 44.699635 ], [ -66.6727189, 44.6999127 ], [ -66.6735269, 44.700818 ], [ -66.6745241, 44.701786 ], [ -66.6748026, 44.702023 ], [ -66.6749601, 44.7021721 ], [ -66.6757641, 44.7028595 ], [ -66.6765283, 44.7034505 ], [ -66.6772909, 44.703992 ], [ -66.678123, 44.7045344 ], [ -66.6792283, 44.7051649 ], [ -66.6796525, 44.7054298 ], [ -66.6804649, 44.7058752 ], [ -66.6816615, 44.7064565 ], [ -66.6830985, 44.7070716 ], [ -66.6829999, 44.7074882 ], [ -66.6828121, 44.7084846 ], [ -66.6827017, 44.7095213 ], [ -66.6826869, 44.7100643 ], [ -66.6826202, 44.7108226 ], [ -66.682608, 44.7112447 ], [ -66.6826234, 44.7119097 ], [ -66.6826676, 44.7124985 ], [ -66.6827045, 44.712857 ], [ -66.6828395, 44.7138597 ], [ -66.6829502, 44.7144224 ], [ -66.6832354, 44.7156108 ], [ -66.6835392, 44.7164799 ], [ -66.683657, 44.7168001 ], [ -66.6838539, 44.7172938 ], [ -66.6841343, 44.7179468 ], [ -66.6847723, 44.7191255 ], [ -66.6857065, 44.7205453 ], [ -66.6862172, 44.7212411 ], [ -66.6868112, 44.7219023 ], [ -66.6880773, 44.7231849 ], [ -66.6885734, 44.7236044 ], [ -66.6883512, 44.7243371 ], [ -66.6881622, 44.7252048 ], [ -66.6880304, 44.7261111 ], [ -66.6879513, 44.7271804 ], [ -66.6879467, 44.7280639 ], [ -66.6880041, 44.7289614 ], [ -66.6880987, 44.7297251 ], [ -66.6882508, 44.7305492 ], [ -66.6884786, 44.7314369 ], [ -66.6887967, 44.7324005 ], [ -66.6888892, 44.7326628 ], [ -66.6890406, 44.7330666 ], [ -66.6892851, 44.7336412 ], [ -66.6897683, 44.7346535 ], [ -66.6900136, 44.7351241 ], [ -66.6901764, 44.7354104 ], [ -66.6903474, 44.7357024 ], [ -66.6906759, 44.7362158 ], [ -66.6914216, 44.7372905 ], [ -66.692166, 44.7381831 ], [ -66.6923448, 44.7384255 ], [ -66.6924952, 44.7386153 ], [ -66.6931643, 44.7393697 ], [ -66.6944309, 44.7406522 ], [ -66.6952473, 44.7413933 ], [ -66.6955431, 44.7416346 ], [ -66.696285, 44.7421901 ], [ -66.6975888, 44.7430865 ], [ -66.7000507, 44.7445511 ], [ -66.7012222, 44.7451337 ], [ -66.7023453, 44.7460712 ], [ -66.7039054, 44.7471773 ], [ -66.7043744, 44.747462 ], [ -66.7046344, 44.7477022 ], [ -66.7053805, 44.7482795 ], [ -66.7069406, 44.7493856 ], [ -66.7077546, 44.7499143 ], [ -66.7094373, 44.7507594 ], [ -66.7097698, 44.7509091 ], [ -66.7102806, 44.7512281 ], [ -66.7114391, 44.7519362 ], [ -66.7105095, 44.7528171 ], [ -66.7099299, 44.7534223 ], [ -66.7094307, 44.7539922 ], [ -66.7086841, 44.7549757 ], [ -66.7077592, 44.7563989 ], [ -66.7070119, 44.7578734 ], [ -66.7064476, 44.7593893 ], [ -66.7062118, 44.7601563 ], [ -66.7060708, 44.760935 ], [ -66.7058846, 44.7624977 ], [ -66.7058555, 44.7637136 ], [ -66.7059171, 44.7645805 ], [ -66.7060111, 44.7653108 ], [ -66.7061615, 44.7661172 ], [ -66.7064903, 44.7672833 ], [ -66.7070657, 44.7687972 ], [ -66.7076762, 44.7700366 ], [ -66.7084258, 44.7713012 ], [ -66.7093296, 44.7726597 ], [ -66.7099447, 44.7734735 ], [ -66.7102593, 44.7738413 ], [ -66.7104738, 44.7740841 ], [ -66.710959, 44.7745908 ], [ -66.711976, 44.7755787 ], [ -66.7130216, 44.7764679 ], [ -66.7140914, 44.7772668 ], [ -66.7150381, 44.777899 ], [ -66.7152331, 44.778334 ], [ -66.7158824, 44.7794388 ], [ -66.7160409, 44.7803097 ], [ -66.7162825, 44.7810759 ], [ -66.7168582, 44.7825896 ], [ -66.7173531, 44.7836329 ], [ -66.7176935, 44.7842276 ], [ -66.7181106, 44.7848807 ], [ -66.7187897, 44.7858404 ], [ -66.719743, 44.7869724 ], [ -66.7210113, 44.7882546 ], [ -66.7223474, 44.7893931 ], [ -66.7228481, 44.7897543 ], [ -66.7233789, 44.7901301 ], [ -66.7238084, 44.7905408 ], [ -66.7241655, 44.7908558 ], [ -66.7250262, 44.7915401 ], [ -66.7274291, 44.793257 ], [ -66.7282738, 44.7938068 ], [ -66.72915, 44.7942827 ], [ -66.7309579, 44.7951787 ], [ -66.7318897, 44.7955987 ], [ -66.7328695, 44.7959592 ], [ -66.7348685, 44.7966178 ], [ -66.736742, 44.7971112 ], [ -66.7384691, 44.7974582 ], [ -66.7393419, 44.7976101 ], [ -66.739939, 44.7976974 ], [ -66.740442, 44.797766 ], [ -66.7417363, 44.7978921 ], [ -66.7439312, 44.798024 ], [ -66.7448398, 44.798022 ], [ -66.7449458, 44.7985822 ], [ -66.7451878, 44.7993483 ], [ -66.7457645, 44.8008619 ], [ -66.7460993, 44.8016095 ], [ -66.7465492, 44.8023713 ], [ -66.7473965, 44.8036392 ], [ -66.7475842, 44.8039618 ], [ -66.7485213, 44.8053812 ], [ -66.7492728, 44.8063576 ], [ -66.749765, 44.8069125 ], [ -66.7500179, 44.8071864 ], [ -66.7501893, 44.8073648 ], [ -66.750565, 44.8077355 ], [ -66.7513422, 44.8084626 ], [ -66.7524911, 44.809396 ], [ -66.7540538, 44.8105014 ], [ -66.7557458, 44.8115055 ], [ -66.7575547, 44.812401 ], [ -66.758696, 44.8128968 ], [ -66.7598387, 44.8135748 ], [ -66.7616477, 44.8144703 ], [ -66.76258, 44.8148901 ], [ -66.763201, 44.815126 ], [ -66.763572, 44.8152832 ], [ -66.7646304, 44.8156803 ], [ -66.7666805, 44.8163633 ], [ -66.7683845, 44.8168278 ], [ -66.7691252, 44.8170842 ], [ -66.7705245, 44.8175283 ], [ -66.7721573, 44.817964 ], [ -66.7731888, 44.8182039 ], [ -66.7738212, 44.8183299 ], [ -66.7745192, 44.818457 ], [ -66.7750577, 44.818543 ], [ -66.7760246, 44.8186816 ], [ -66.77669, 44.8187639 ], [ -66.7776283, 44.8188626 ], [ -66.7786506, 44.8189415 ], [ -66.7799005, 44.8190006 ], [ -66.781203, 44.8190443 ], [ -66.7826019, 44.819033 ], [ -66.7830202, 44.8190131 ] ] ] } },
{ "type": "Feature", "properties": { "name": "West Isles Parish", "osm_type": "way", "id": 696041828, "boundary": "administrative", "County": "Charlotte", "State": "New Brunswick", "long_name": "new_brunswick_charlotte_county_west_isles_parish", "wikipedia": null, "name:en": "West Isles Parish" }, "geometry": { "type": "Polygon", "coordinates": [ [ [ -66.9176699, 45.0530789 ], [ -66.9129184, 45.049998 ], [ -66.8997579, 45.0395371 ], [ -66.8941228, 45.0349933 ], [ -66.8860357, 45.0286276 ], [ -66.8602997, 45.008159 ], [ -66.861283, 45.0002127 ], [ -66.8612922, 45.0001384 ], [ -66.8612933, 45.0001293 ], [ -66.8621011, 44.9882278 ], [ -66.8798083, 44.9756919 ], [ -66.9010008, 44.9653676 ], [ -66.9073846, 44.9622701 ], [ -66.932055, 44.9490686 ], [ -66.9547186, 44.9319466 ], [ -66.9554948, 44.9273231 ], [ -66.9573772, 44.9161004 ], [ -66.96871, 44.9102064 ], [ -66.9761495, 44.9147618 ], [ -66.9970958, 44.9280826 ], [ -67.0102411, 44.9444734 ], [ -67.0197569, 44.9524342 ], [ -67.0220089, 44.953732 ], [ -67.0425379, 44.9885068 ], [ -67.046726, 44.9947157 ], [ -66.995343, 45.0285479 ], [ -66.9826101, 45.0360345 ], [ -66.938144, 45.0662353 ], [ -66.9176699, 45.0530789 ] ] ] } }
]
}
