{"type":"FeatureCollection", "features": [
{"type":"Feature","geometry":{"type":"Polygon","coordinates":[[[-82.8562389,34.6079119],[-82.8448342,34.6186989],[-82.8673196,34.6172436],[-82.8562389,34.6079119]]]},"properties":{"id":null,"osm_type":"relation","long_county":"Pickens County","place":null,"Town":null,"border_type":null,"State":"South Carolina","County":"Pickens","long_name":"south-carolina-pickens-county","state_county":"south_carolina_pickens","normalized":"Y"}},
{"type":"Feature","geometry":{"type":"Polygon","coordinates":[[[-82.7644102,35.068383],[-82.7817314,35.0653052],[-82.7762285,35.081165],[-82.7837492,35.0855457],[-82.8973813,35.0561977],[-82.905319,35.0415878],[-82.9180384,35.0353213],[-82.9136357,35.0296405],[-82.9204043,35.0152062],[-82.9295273,35.0096042],[-82.9398277,34.9884391],[-82.9369177,34.978283],[-82.9167519,34.9728829],[-82.9196198,34.960448],[-82.9084861,34.9537586],[-82.9150793,34.9489242],[-82.9031194,34.9352496],[-82.9080583,34.9186844],[-82.9001241,34.9022091],[-82.9083173,34.895764],[-82.9046561,34.8591435],[-82.8960139,34.8369693],[-82.9010865,34.8232943],[-82.8879863,34.8076532],[-82.8871943,34.7952256],[-82.8790497,34.7884767],[-82.8872144,34.7753317],[-82.8888982,34.7607488],[-82.9004445,34.7415443],[-82.895754,34.7363258],[-82.8728821,34.7365538],[-82.8556603,34.725579],[-82.8603657,34.6981914],[-82.8493453,34.6959066],[-82.8560105,34.6803575],[-82.8528442,34.668241],[-82.8453067,34.6649134],[-82.838119,34.6392472],[-82.8539969,34.6340735],[-82.8556426,34.6265416],[-82.8412264,34.6224195],[-82.7864266,34.6733473],[-82.6276723,34.7513489],[-82.48675,34.819467],[-82.489136,34.841145],[-82.4831017,34.858244],[-82.4875031,34.8756174],[-82.4925422,34.8792103],[-82.4954628,34.8977472],[-82.5105049,34.9174767],[-82.520901,34.9273685],[-82.5173519,34.9342095],[-82.5256158,34.9400595],[-82.5232898,34.9510447],[-82.5325847,34.9662789],[-82.542811,34.9768837],[-82.5336007,34.9864636],[-82.5422278,35.0009911],[-82.5378511,35.0156406],[-82.559334,35.014133],[-82.5648149,35.0108456],[-82.5929501,35.0083304],[-82.586226,35.031772],[-82.59724,35.054962],[-82.590266,35.063641],[-82.5743765,35.0645093],[-82.5725947,35.073906],[-82.5879468,35.0739164],[-82.6416725,35.0602358],[-82.6656894,35.0649134],[-82.7126191,35.0603948],[-82.7169386,35.0538993],[-82.7498553,35.0480011],[-82.7576498,35.0547328],[-82.7644102,35.068383]]]},"properties":{"id":null,"osm_type":"relation","long_county":"Pickens County","place":null,"Town":null,"border_type":null,"State":"South Carolina","County":"Pickens","long_name":"south-carolina-pickens-county","state_county":"south_carolina_pickens","normalized":"Y"}},
{"type":"Feature","geometry":{"type":"Polygon","coordinates":[[[-82.7644102,35.068383],[-82.7576498,35.0547328],[-82.7498553,35.0480011],[-82.7169386,35.0538993],[-82.7126191,35.0603948],[-82.6656894,35.0649134],[-82.6416725,35.0602358],[-82.5879468,35.0739164],[-82.5725947,35.073906],[-82.5743765,35.0645093],[-82.590266,35.063641],[-82.59724,35.054962],[-82.586226,35.031772],[-82.5929501,35.0083304],[-82.5648149,35.0108456],[-82.559334,35.014133],[-82.5378511,35.0156406],[-82.5422278,35.0009911],[-82.5336007,34.9864636],[-82.542811,34.9768837],[-82.5325847,34.9662789],[-82.5232898,34.9510447],[-82.5256158,34.9400595],[-82.5173519,34.9342095],[-82.520901,34.9273685],[-82.5105049,34.9174767],[-82.4954628,34.8977472],[-82.4925422,34.8792103],[-82.4875031,34.8756174],[-82.4831017,34.858244],[-82.489136,34.841145],[-82.48675,34.819467],[-82.4751784,34.8108273],[-82.4679784,34.7971704],[-82.4589675,34.7886907],[-82.45923,34.780058],[-82.4519836,34.7764351],[-82.4571221,34.761656],[-82.4553715,34.7501429],[-82.4635031,34.7441029],[-82.465104,34.7090787],[-82.462246,34.6914789],[-82.4574801,34.6825329],[-82.4636921,34.6687695],[-82.4609993,34.6556466],[-82.4547688,34.6485929],[-82.4540572,34.6266132],[-82.4495816,34.6186493],[-82.4281687,34.5987111],[-82.4193008,34.5684711],[-82.4197903,34.5574278],[-82.4086269,34.5459162],[-82.3928453,34.5439042],[-82.3658321,34.5201767],[-82.3452503,34.5078922],[-82.3438423,34.5001018],[-82.3335391,34.4999946],[-82.3138711,34.4843322],[-82.2360651,34.5350803],[-82.2347791,34.5888122],[-82.196276,34.679712],[-82.1455869,34.7852049],[-82.1538105,34.7823988],[-82.1683621,34.7993298],[-82.1731219,34.8092285],[-82.1961601,34.8354438],[-82.2034096,34.83795],[-82.2261304,34.856554],[-82.2234737,34.9061855],[-82.2171802,35.1211373],[-82.2162183,35.1962412],[-82.2910804,35.2000858],[-82.2941602,35.195411],[-82.3162215,35.1901571],[-82.3231024,35.1851734],[-82.3444166,35.1936887],[-82.3596813,35.1914294],[-82.3692436,35.1806481],[-82.380813,35.1874581],[-82.3778864,35.1957759],[-82.3839277,35.2108487],[-82.3942344,35.2151025],[-82.3982596,35.2068534],[-82.4191604,35.1994149],[-82.4242155,35.1930762],[-82.4323628,35.1723644],[-82.4403882,35.1655925],[-82.4599392,35.1780053],[-82.4682062,35.1743539],[-82.4863265,35.1741734],[-82.4981132,35.1625579],[-82.5146886,35.1635687],[-82.535911,35.1544762],[-82.5421843,35.16212],[-82.5529809,35.161646],[-82.5572572,35.1507353],[-82.5680855,35.1457098],[-82.5918683,35.1412555],[-82.5978323,35.1377096],[-82.611714,35.139997],[-82.6221932,35.1348626],[-82.6275935,35.1263454],[-82.6519426,35.1261942],[-82.6568372,35.1194125],[-82.6668903,35.1180543],[-82.6817474,35.1279728],[-82.6923283,35.1189395],[-82.6873207,35.1104532],[-82.6976343,35.0959536],[-82.7060629,35.0985351],[-82.7157607,35.0928545],[-82.7238495,35.0944829],[-82.7340279,35.0877106],[-82.7389166,35.0780952],[-82.7644102,35.068383]]]},"properties":{"id":null,"osm_type":"relation","long_county":"Greenville County","place":null,"Town":null,"border_type":null,"State":"South Carolina","County":"Greenville","long_name":"south-carolina-greenville-county","state_county":"south_carolina_greenville","normalized":"Y"}},
{"type":"Feature","geometry":{"type":"Polygon","coordinates":[[[-82.2162183,35.1962412],[-82.2171802,35.1211373],[-82.2234737,34.9061855],[-82.2261304,34.856554],[-82.2034096,34.83795],[-82.1961601,34.8354438],[-82.1731219,34.8092285],[-82.1683621,34.7993298],[-82.1538105,34.7823988],[-82.1455869,34.7852049],[-82.1353584,34.7782841],[-82.1147905,34.7487752],[-82.1012493,34.7441336],[-82.0898962,34.7455179],[-82.077359,34.7275802],[-82.0789956,34.7201032],[-82.0666547,34.7154949],[-82.0667874,34.7010471],[-82.0481522,34.6930226],[-82.0408438,34.6841465],[-82.0188985,34.6733203],[-82.0014213,34.6615308],[-81.9712423,34.6584409],[-81.9704482,34.6498209],[-81.9547962,34.6507079],[-81.9438901,34.643464],[-81.927666,34.624843],[-81.926475,34.6182081],[-81.8909579,34.5924902],[-81.8788479,34.5962633],[-81.8704539,34.5923013],[-81.8518638,34.5947724],[-81.838227,34.6461553],[-81.827076,34.6655703],[-81.819588,34.6889882],[-81.8066741,34.7417571],[-81.7974851,34.7852051],[-81.7827901,34.8372081],[-81.7591032,34.8685161],[-81.7430612,34.8820711],[-81.714094,34.912865],[-81.729791,34.923377],[-81.734971,34.933037],[-81.755098,34.930323],[-81.785674,35.019329],[-81.794331,35.035378],[-81.807648,35.035624],[-81.806131,35.057244],[-81.8746194,35.1840345],[-81.9922189,35.1882721],[-82.1126486,35.1915785],[-82.2162183,35.1962412]]]},"properties":{"id":null,"osm_type":"relation","long_county":"Spartanburg County","place":null,"Town":null,"border_type":null,"State":"South Carolina","County":"Spartanburg","long_name":"south-carolina-spartanburg-county","state_county":"south_carolina_spartanburg","normalized":"Y"}},
{"type":"Feature","geometry":{"type":"Polygon","coordinates":[[[-81.8518638,34.5947724],[-81.8704539,34.5923013],[-81.8788479,34.5962633],[-81.8909579,34.5924902],[-81.926475,34.6182081],[-81.927666,34.624843],[-81.9438901,34.643464],[-81.9547962,34.6507079],[-81.9704482,34.6498209],[-81.9712423,34.6584409],[-82.0014213,34.6615308],[-82.0188985,34.6733203],[-82.0408438,34.6841465],[-82.0481522,34.6930226],[-82.0667874,34.7010471],[-82.0666547,34.7154949],[-82.0789956,34.7201032],[-82.077359,34.7275802],[-82.0898962,34.7455179],[-82.1012493,34.7441336],[-82.1147905,34.7487752],[-82.1353584,34.7782841],[-82.1455869,34.7852049],[-82.196276,34.679712],[-82.2347791,34.5888122],[-82.2360651,34.5350803],[-82.3138711,34.4843322],[-82.3144192,34.4691244],[-82.3052981,34.4614034],[-82.2872654,34.4531924],[-82.2732119,34.4337891],[-82.2661945,34.433501],[-82.2464012,34.4097766],[-82.2446002,34.4034252],[-82.2277461,34.4020192],[-82.2202611,34.3844371],[-82.2091611,34.3757691],[-82.20085,34.3769161],[-82.184948,34.3649941],[-82.173154,34.3508311],[-82.169297,34.330743],[-82.155444,34.331717],[-82.1340269,34.323791],[-82.1259449,34.316473],[-82.1200079,34.303815],[-82.1100809,34.30796],[-82.0836699,34.299237],[-82.0727469,34.288477],[-82.0535049,34.27642],[-82.0507519,34.268694],[-82.0311289,34.2623559],[-82.0169169,34.2471429],[-82.0071759,34.2415169],[-81.9962649,34.2431019],[-81.9783749,34.2381059],[-81.9792399,34.2323539],[-81.9710789,34.2221539],[-81.9606899,34.2185389],[-81.945019,34.203148],[-81.934721,34.215388],[-81.926727,34.219721],[-81.923777,34.230895],[-81.911428,34.246181],[-81.90296,34.264535],[-81.90353,34.27325],[-81.895713,34.29988],[-81.883352,34.31097],[-81.861965,34.315407],[-81.848467,34.323528],[-81.849816,34.332984],[-81.836668,34.34294],[-81.812399,34.347771],[-81.782472,34.365215],[-81.774607,34.383946],[-81.757867,34.39856],[-81.754377,34.407925],[-81.746212,34.414166],[-81.745442,34.422299],[-81.734455,34.437736],[-81.722491,34.449661],[-81.714482,34.449342],[-81.702221,34.456012],[-81.66475,34.505335],[-81.65288,34.51502],[-81.643552,34.533652],[-81.6483677,34.5328285],[-81.660336,34.5486013],[-81.6791929,34.5535034],[-81.6907257,34.5527092],[-81.7010186,34.5593745],[-81.7143392,34.5537191],[-81.7495911,34.5683628],[-81.7605988,34.5661665],[-81.7692911,34.5708865],[-81.8004134,34.5748934],[-81.8135657,34.5801539],[-81.8181519,34.5881858],[-81.8518638,34.5947724]]]},"properties":{"id":null,"osm_type":"relation","long_county":"Laurens County","place":null,"Town":null,"border_type":null,"State":"South Carolina","County":"Laurens","long_name":"south-carolina-laurens-county","state_county":"south_carolina_laurens","normalized":"Y"}},
{"type":"Feature","geometry":{"type":"Polygon","coordinates":[[[-82.8412264,34.6224195],[-82.8448342,34.6186989],[-82.8562389,34.6079119],[-82.9920694,34.4794024],[-82.980271,34.4828888],[-82.9728002,34.4787056],[-82.9622408,34.4827363],[-82.9470408,34.4792927],[-82.9407442,34.4861637],[-82.9252745,34.481239],[-82.9039123,34.4862463],[-82.8866547,34.4807171],[-82.873383,34.4708403],[-82.8752927,34.4635464],[-82.8635091,34.4595135],[-82.8555237,34.4438988],[-82.8539096,34.4285377],[-82.8486692,34.4243827],[-82.847111,34.4111494],[-82.8413696,34.399098],[-82.8326082,34.3630831],[-82.821047,34.3585023],[-82.7951926,34.3408842],[-82.7868216,34.3099724],[-82.7716001,34.2860672],[-82.7617433,34.2818465],[-82.7468623,34.2664912],[-82.7401335,34.2191841],[-82.7408855,34.2087505],[-82.5830565,34.3103689],[-82.4438346,34.3999304],[-82.3138711,34.4843322],[-82.3335391,34.4999946],[-82.3438423,34.5001018],[-82.3452503,34.5078922],[-82.3658321,34.5201767],[-82.3928453,34.5439042],[-82.4086269,34.5459162],[-82.4197903,34.5574278],[-82.4193008,34.5684711],[-82.4281687,34.5987111],[-82.4495816,34.6186493],[-82.4540572,34.6266132],[-82.4547688,34.6485929],[-82.4609993,34.6556466],[-82.4636921,34.6687695],[-82.4574801,34.6825329],[-82.462246,34.6914789],[-82.465104,34.7090787],[-82.4635031,34.7441029],[-82.4553715,34.7501429],[-82.4571221,34.761656],[-82.4519836,34.7764351],[-82.45923,34.780058],[-82.4589675,34.7886907],[-82.4679784,34.7971704],[-82.4751784,34.8108273],[-82.48675,34.819467],[-82.6276723,34.7513489],[-82.7864266,34.6733473],[-82.8412264,34.6224195]]]},"properties":{"id":null,"osm_type":"relation","long_county":"Anderson County","place":null,"Town":null,"border_type":null,"State":"South Carolina","County":"Anderson","long_name":"south-carolina-anderson-county","state_county":"south_carolina_anderson","normalized":"Y"}},
{"type":"Feature","geometry":{"type":"Polygon","coordinates":[[[-82.8448342,34.6186989],[-82.8412264,34.6224195],[-82.8556426,34.6265416],[-82.8539969,34.6340735],[-82.838119,34.6392472],[-82.8453067,34.6649134],[-82.8528442,34.668241],[-82.8560105,34.6803575],[-82.8493453,34.6959066],[-82.8603657,34.6981914],[-82.8556603,34.725579],[-82.8728821,34.7365538],[-82.895754,34.7363258],[-82.9004445,34.7415443],[-82.8888982,34.7607488],[-82.8872144,34.7753317],[-82.8790497,34.7884767],[-82.8871943,34.7952256],[-82.8879863,34.8076532],[-82.9010865,34.8232943],[-82.8960139,34.8369693],[-82.9046561,34.8591435],[-82.9083173,34.895764],[-82.9001241,34.9022091],[-82.9080583,34.9186844],[-82.9031194,34.9352496],[-82.9150793,34.9489242],[-82.9084861,34.9537586],[-82.9196198,34.960448],[-82.9167519,34.9728829],[-82.9369177,34.978283],[-82.9398277,34.9884391],[-82.9295273,35.0096042],[-82.9204043,35.0152062],[-82.9136357,35.0296405],[-82.9180384,35.0353213],[-82.905319,35.0415878],[-82.8973813,35.0561977],[-83.1089924,35.0012396],[-83.0983376,34.9907586],[-83.116,34.9758678],[-83.1208769,34.9682123],[-83.1199013,34.9571946],[-83.1268814,34.9486351],[-83.1300153,34.9313785],[-83.1421845,34.924458],[-83.1589033,34.9293928],[-83.1577791,34.9147624],[-83.1690184,34.9191191],[-83.1748165,34.9102878],[-83.1895743,34.8972147],[-83.2047897,34.8903038],[-83.2053057,34.880233],[-83.2177598,34.8852734],[-83.2198792,34.878193],[-83.2394256,34.8788881],[-83.2365384,34.8714111],[-83.2533215,34.8559699],[-83.2537866,34.8483761],[-83.2673457,34.8485324],[-83.2720766,34.8343286],[-83.268718,34.8205908],[-83.2755474,34.8166159],[-83.2899465,34.8186206],[-83.3000805,34.8152585],[-83.3026119,34.8024916],[-83.3243657,34.7884724],[-83.3190925,34.7714188],[-83.3263533,34.7511159],[-83.3395283,34.73828],[-83.3491628,34.7361905],[-83.3530065,34.7182147],[-83.3432842,34.6940486],[-83.3305765,34.68106],[-83.3140955,34.6688042],[-83.3047661,34.6697924],[-83.2912218,34.6529498],[-83.2781889,34.6448187],[-83.2544185,34.6369199],[-83.2435554,34.6184589],[-83.2237565,34.6092974],[-83.2112299,34.6112914],[-83.1963449,34.6031437],[-83.1715187,34.6078232],[-83.1687648,34.5912105],[-83.1426848,34.5726624],[-83.1403263,34.5623389],[-83.127028,34.5618913],[-83.121397,34.5522663],[-83.1101476,34.5473222],[-83.102524,34.532295],[-83.084465,34.530502],[-83.077911,34.523773],[-83.086365,34.518074],[-83.065369,34.501091],[-83.058697,34.503583],[-83.0417262,34.4875449],[-83.0288327,34.4839868],[-83.0033271,34.472097],[-82.9920694,34.4794024],[-82.8562389,34.6079119],[-82.8673196,34.6172436],[-82.8448342,34.6186989]]]},"properties":{"id":null,"osm_type":"relation","long_county":"Oconee County","place":null,"Town":null,"border_type":null,"State":"South Carolina","County":"Oconee","long_name":"south-carolina-oconee-county","state_county":"south_carolina_oconee","normalized":"Y"}},
{"type":"Feature","geometry":{"type":"Polygon","coordinates":[[[-81.193099,33.118668],[-81.211886,33.120706],[-81.218119,33.116809],[-81.240228,33.118747],[-81.264333,33.110823],[-81.277373,33.112316],[-81.283665,33.108555],[-81.364857,33.108061],[-81.453202,33.135021],[-81.541881,33.158279],[-81.6144305,33.0951249],[-81.6131589,33.0840072],[-81.5964241,33.0794672],[-81.5757249,33.0619418],[-81.5659592,33.0478355],[-81.5526134,33.0429677],[-81.5430088,33.0486252],[-81.5391005,33.0394995],[-81.5132343,33.0285524],[-81.4928308,33.0059985],[-81.4961413,32.9909194],[-81.4947393,32.9790034],[-81.4998333,32.9638224],[-81.5104551,32.9636522],[-81.5086123,32.9525574],[-81.4994493,32.9449944],[-81.5027193,32.9386944],[-81.4833979,32.9218555],[-81.4799703,32.9126604],[-81.4804798,32.8975578],[-81.4738281,32.8766377],[-81.4533933,32.8738864],[-81.4513543,32.8685894],[-81.4570643,32.8503953],[-81.4448693,32.8509723],[-81.4403603,32.8411363],[-81.4264783,32.8407793],[-81.4185003,32.8156703],[-81.4263293,32.8099343],[-81.4233343,32.7785183],[-81.4189463,32.7676353],[-81.4118423,32.7621533],[-81.4198403,32.7498033],[-81.4050573,32.7449633],[-81.394028,32.744724],[-81.367935,32.76075],[-81.339066,32.768581],[-81.327156,32.790928],[-81.261299,32.838905],[-81.277321,32.891678],[-81.259872,32.903099],[-81.2435,32.908146],[-81.236938,32.906338],[-81.234871,32.945496],[-81.082291,33.02663],[-81.0881041,33.0373314],[-81.1015631,33.0494079],[-81.1156126,33.0497458],[-81.1261484,33.0547367],[-81.1318776,33.0632341],[-81.1450328,33.0732146],[-81.1490751,33.0813019],[-81.1712301,33.096162],[-81.1736876,33.1018767],[-81.193099,33.118668]]]},"properties":{"id":null,"osm_type":"relation","long_county":"Allendale County","place":null,"Town":null,"border_type":null,"State":"South Carolina","County":"Allendale","long_name":"south-carolina-allendale-county","state_county":"south_carolina_allendale","normalized":"Y"}},
{"type":"Feature","geometry":{"type":"Polygon","coordinates":[[[-80.797912,33.176944],[-80.817006,33.187493],[-80.817224,33.195351],[-80.824746,33.201606],[-80.839491,33.207217],[-80.849368,33.238304],[-80.869114,33.249065],[-80.870235,33.253046],[-80.888346,33.259884],[-80.892613,33.268809],[-80.932087,33.293162],[-80.946142,33.306129],[-80.963847,33.310885],[-80.968979,33.31796],[-80.977621,33.318404],[-80.988971,33.328024],[-81.000006,33.329738],[-81.013283,33.338455],[-81.023991,33.338782],[-81.03045,33.347586],[-81.050854,33.351035],[-81.07548,33.373442],[-81.091075,33.378393],[-81.111903,33.381007],[-81.132443,33.393249],[-81.164505,33.408841],[-81.189531,33.411683],[-81.19836,33.421238],[-81.206606,33.437812],[-81.222673,33.44],[-81.213182,33.397866],[-81.2167,33.341068],[-81.220824,33.259149],[-81.220603,33.206018],[-81.223913,33.169634],[-81.227778,33.162622],[-81.211456,33.143541],[-81.210092,33.133712],[-81.198327,33.126588],[-81.193099,33.118668],[-81.1736876,33.1018767],[-81.1712301,33.096162],[-81.1490751,33.0813019],[-81.1450328,33.0732146],[-81.1318776,33.0632341],[-81.1261484,33.0547367],[-81.1156126,33.0497458],[-81.1015631,33.0494079],[-81.0881041,33.0373314],[-81.082291,33.02663],[-81.005899,33.066298],[-80.937157,33.102584],[-80.927055,33.085755],[-80.919317,33.081266],[-80.916075,33.071705],[-80.896074,33.06141],[-80.89188,33.075491],[-80.876668,33.093367],[-80.889025,33.102211],[-80.887851,33.112269],[-80.895426,33.125348],[-80.874821,33.135656],[-80.797912,33.176944]]]},"properties":{"id":null,"osm_type":"relation","long_county":"Bamberg County","place":null,"Town":null,"border_type":null,"State":"South Carolina","County":"Bamberg","long_name":"south-carolina-bamberg-county","state_county":"south_carolina_bamberg","normalized":"Y"}},
{"type":"Feature","geometry":{"type":"Polygon","coordinates":[[[-80.3448069,32.4174777],[-80.396436,32.44387],[-80.464479,32.47992],[-80.502944,32.495652],[-80.51776,32.519136],[-80.529719,32.522751],[-80.536483,32.529224],[-80.54109,32.545482],[-80.551504,32.565769],[-80.558939,32.555209],[-80.568443,32.552964],[-80.567312,32.566438],[-80.582823,32.566199],[-80.576166,32.577761],[-80.586358,32.586172],[-80.599788,32.581047],[-80.611662,32.589871],[-80.620881,32.5812],[-80.629624,32.590703],[-80.644263,32.594422],[-80.659751,32.612683],[-80.653833,32.625183],[-80.668463,32.622831],[-80.671534,32.633957],[-80.658483,32.639404],[-80.666448,32.645704],[-80.680061,32.643913],[-80.684853,32.656097],[-80.674385,32.672409],[-80.685005,32.672951],[-80.690041,32.667269],[-80.703327,32.664586],[-80.706497,32.673244],[-80.716811,32.674163],[-80.739243,32.682304],[-80.744888,32.674229],[-80.758286,32.679398],[-80.771232,32.676927],[-80.786377,32.687466],[-80.807877,32.689438],[-80.826309,32.704321],[-80.8370139,32.6996838],[-80.869705,32.660935],[-80.863396,32.64621],[-80.849014,32.631561],[-80.848442,32.614857],[-80.836548,32.608845],[-80.831543,32.593388],[-80.835999,32.578766],[-80.835083,32.56419],[-80.839207,32.557509],[-80.837851,32.539278],[-80.847733,32.530057],[-80.836013,32.518161],[-80.820228,32.490788],[-80.818229,32.46409],[-80.830165,32.462093],[-80.847729,32.428991],[-80.847973,32.411642],[-80.834852,32.414914],[-80.82924,32.41147],[-80.842896,32.393391],[-80.841458,32.385064],[-80.86151,32.373512],[-80.873715,32.369059],[-80.877594,32.345901],[-80.890409,32.347414],[-80.892054,32.353731],[-80.91058,32.354245],[-80.921883,32.351834],[-80.928033,32.342602],[-80.929091,32.330492],[-80.934386,32.320005],[-80.93494,32.300108],[-80.982108,32.305925],[-81.006369,32.306521],[-80.994209,32.290558],[-80.997543,32.28133],[-80.992462,32.272724],[-80.996144,32.26102],[-81.004925,32.250695],[-81.015333,32.245581],[-81.012368,32.218232],[-81.006149,32.21587],[-81.000138,32.196122],[-80.978505,32.18599],[-80.964791,32.185378],[-80.958817,32.1734],[-80.95021,32.166761],[-80.954351,32.148916],[-80.964942,32.151767],[-80.969307,32.143188],[-80.961672,32.134018],[-80.946908,32.128849],[-80.942196,32.136975],[-80.912619,32.127595],[-80.92693,32.119453],[-80.900573,32.111617],[-80.898453,32.100406],[-80.91024,32.087915],[-80.908111,32.078172],[-80.891132,32.08141],[-80.876842,32.078485],[-80.745536,32.078667],[-80.6954042,32.1057017],[-80.5811314,32.1862387],[-80.4456112,32.2814117],[-80.4107296,32.3243886],[-80.3830663,32.3742826],[-80.3448069,32.4174777]]]},"properties":{"id":null,"osm_type":"relation","long_county":"Beaufort County","place":null,"Town":null,"border_type":null,"State":"South Carolina","County":"Beaufort","long_name":"south-carolina-beaufort-county","state_county":"south_carolina_beaufort","normalized":"Y"}},
{"type":"Feature","geometry":{"type":"Polygon","coordinates":[[[-80.149246,33.021601],[-80.0978184,32.9880511],[-80.0858229,32.9948825],[-80.074867,32.9966144],[-80.0640339,32.9874205],[-80.0400308,32.9822135],[-80.041451,32.9558235],[-80.0117845,32.8998659],[-79.950448,32.910174],[-79.962096,32.892558],[-79.964641,32.88163],[-79.960997,32.866227],[-79.955233,32.858751],[-79.936981,32.853855],[-79.930112,32.847087],[-79.931025,32.829007],[-79.9148997,32.8209117],[-79.8975283,32.8283907],[-79.8934942,32.8414801],[-79.8978804,32.8550395],[-79.8858424,32.866287],[-79.8556858,32.8745737],[-79.8452016,32.8889212],[-79.8394939,32.9040194],[-79.8407095,32.913362],[-79.8340136,32.9245871],[-79.8188292,32.9228681],[-79.8030427,32.9289087],[-79.782486,32.943352],[-79.77047,32.942768],[-79.762596,32.956795],[-79.764053,32.968193],[-79.753845,32.991756],[-79.743233,33.005295],[-79.729988,33.012436],[-79.718109,33.03643],[-79.702629,33.046268],[-79.674675,33.080544],[-79.661385,33.089489],[-79.647308,33.111626],[-79.6427,33.124771],[-79.626724,33.129589],[-79.612328,33.138519],[-79.601967,33.135204],[-79.595245,33.143772],[-79.572113,33.149857],[-79.558258,33.157875],[-79.544708,33.149513],[-79.532173,33.14571],[-79.521713,33.148308],[-79.509842,33.167271],[-79.498657,33.178959],[-79.496315,33.186665],[-79.483383,33.203331],[-79.472824,33.210476],[-79.450348,33.209717],[-79.446976,33.213768],[-79.456215,33.218445],[-79.452209,33.226582],[-79.464165,33.232658],[-79.481453,33.246544],[-79.492043,33.238037],[-79.516594,33.245636],[-79.535187,33.249062],[-79.546059,33.254662],[-79.550255,33.265182],[-79.572556,33.276382],[-79.606552,33.279076],[-79.616837,33.287392],[-79.63047,33.293015],[-79.667168,33.298454],[-79.677014,33.304944],[-79.709576,33.321246],[-79.739957,33.321606],[-79.761392,33.342248],[-79.767918,33.344612],[-79.771768,33.356162],[-79.781638,33.36822],[-79.794013,33.377679],[-79.807703,33.372799],[-79.813862,33.382321],[-79.838108,33.392316],[-79.840222,33.398011],[-79.854771,33.402768],[-79.860164,33.41511],[-79.871569,33.423918],[-79.867282,33.430557],[-79.894146,33.45365],[-79.910226,33.455713],[-79.914733,33.463483],[-79.934769,33.47773],[-79.951571,33.486906],[-79.952932,33.491368],[-79.971963,33.500937],[-79.997067,33.500543],[-80.012136,33.505172],[-80.029363,33.501507],[-80.036558,33.50683],[-80.073486,33.507172],[-80.091534,33.50318],[-80.101697,33.496891],[-80.126152,33.50259],[-80.126228,33.496223],[-80.1519702,33.478499],[-80.1384317,33.4647916],[-80.148201,33.449986],[-80.1755105,33.4487294],[-80.18338,33.453426],[-80.195572,33.444412],[-80.2005345,33.452801],[-80.222267,33.443716],[-80.225201,33.409337],[-80.222568,33.391288],[-80.238463,33.391153],[-80.241762,33.375789],[-80.239878,33.351377],[-80.24722,33.340112],[-80.247272,33.329229],[-80.252501,33.319575],[-80.255642,33.300002],[-80.272599,33.28573],[-80.289268,33.279113],[-80.294481,33.271256],[-80.317203,33.264118],[-80.344645,33.277848],[-80.3591,33.271995],[-80.3618613,33.2574295],[-80.355034,33.252964],[-80.3467852,33.2362777],[-80.3346938,33.2226903],[-80.3363138,33.2152765],[-80.3303057,33.1981734],[-80.3243243,33.1984966],[-80.2974727,33.1815665],[-80.3106129,33.1587716],[-80.335861,33.1455211],[-80.149246,33.021601]]]},"properties":{"id":null,"osm_type":"relation","long_county":"Berkeley County","place":null,"Town":null,"border_type":null,"State":"South Carolina","County":"Berkeley","long_name":"south-carolina-berkeley-county","state_county":"south_carolina_berkeley","normalized":"Y"}},
{"type":"Feature","geometry":{"type":"Polygon","coordinates":[[[-80.401322,32.858532],[-80.398623,32.845276],[-80.400278,32.828327],[-80.40775,32.810838],[-80.418056,32.805228],[-80.435959,32.787737],[-80.432929,32.778479],[-80.445903,32.765148],[-80.447937,32.748439],[-80.453553,32.740501],[-80.44574,32.727435],[-80.431281,32.722582],[-80.415891,32.694745],[-80.422502,32.686385],[-80.417799,32.680308],[-80.420913,32.670059],[-80.404915,32.652409],[-80.389009,32.652283],[-80.402359,32.639521],[-80.405507,32.628893],[-80.425338,32.626667],[-80.425992,32.611492],[-80.418428,32.604296],[-80.403233,32.616805],[-80.389951,32.618684],[-80.387052,32.612812],[-80.397109,32.590419],[-80.38969,32.571887],[-80.395711,32.561695],[-80.409638,32.558697],[-80.414877,32.54648],[-80.406392,32.540818],[-80.387804,32.535734],[-80.37137,32.523447],[-80.350599,32.498696],[-80.336815,32.4932],[-80.32645,32.493788],[-80.324015,32.500167],[-80.333024,32.5125],[-80.347995,32.521351],[-80.334473,32.526369],[-80.3205,32.522463],[-80.318175,32.511285],[-80.308929,32.514841],[-80.28509,32.529954],[-80.274701,32.524498],[-80.261124,32.536498],[-80.253523,32.53021],[-80.2401359,32.5089149],[-80.2125186,32.5247946],[-80.1692088,32.5432155],[-80.1417188,32.5623907],[-80.1021364,32.5803056],[-80.0244317,32.5935218],[-79.9961677,32.5919617],[-79.9666451,32.6075708],[-79.9320403,32.6276812],[-79.9029609,32.6463868],[-79.8750525,32.6721743],[-79.8481075,32.7352204],[-79.8234632,32.7434444],[-79.7825391,32.7368963],[-79.6779416,32.7901947],[-79.6425235,32.8186767],[-79.5647952,32.8667536],[-79.3410261,32.9867382],[-79.3044179,33.0563283],[-79.2561052,33.0946386],[-79.2934374,33.1024959],[-79.2903446,33.1104626],[-79.2761281,33.1185647],[-79.2742122,33.1328066],[-79.28232,33.1394375],[-79.3012911,33.1452052],[-79.319616,33.1473971],[-79.3314766,33.1556017],[-79.3503648,33.1532178],[-79.373352,33.165867],[-79.385208,33.176048],[-79.393951,33.177536],[-79.407471,33.186829],[-79.413826,33.197842],[-79.427315,33.209404],[-79.438728,33.215019],[-79.446976,33.213768],[-79.450348,33.209717],[-79.472824,33.210476],[-79.483383,33.203331],[-79.496315,33.186665],[-79.498657,33.178959],[-79.509842,33.167271],[-79.521713,33.148308],[-79.532173,33.14571],[-79.544708,33.149513],[-79.558258,33.157875],[-79.572113,33.149857],[-79.595245,33.143772],[-79.601967,33.135204],[-79.612328,33.138519],[-79.626724,33.129589],[-79.6427,33.124771],[-79.647308,33.111626],[-79.661385,33.089489],[-79.674675,33.080544],[-79.702629,33.046268],[-79.718109,33.03643],[-79.729988,33.012436],[-79.743233,33.005295],[-79.753845,32.991756],[-79.764053,32.968193],[-79.762596,32.956795],[-79.77047,32.942768],[-79.782486,32.943352],[-79.8030427,32.9289087],[-79.8188292,32.9228681],[-79.8340136,32.9245871],[-79.8407095,32.913362],[-79.8394939,32.9040194],[-79.8452016,32.8889212],[-79.8556858,32.8745737],[-79.8858424,32.866287],[-79.8978804,32.8550395],[-79.8934942,32.8414801],[-79.8975283,32.8283907],[-79.9148997,32.8209117],[-79.931025,32.829007],[-79.930112,32.847087],[-79.936981,32.853855],[-79.955233,32.858751],[-79.960997,32.866227],[-79.964641,32.88163],[-79.962096,32.892558],[-79.950448,32.910174],[-80.0117845,32.8998659],[-80.041451,32.9558235],[-80.0400308,32.9822135],[-80.0640339,32.9874205],[-80.074867,32.9966144],[-80.0858229,32.9948825],[-80.0978184,32.9880511],[-80.149246,33.021601],[-80.160194,33.017614],[-80.167554,33.002664],[-80.145919,32.984319],[-80.13555,32.998887],[-80.110543,32.985492],[-80.125431,32.982327],[-80.134752,32.974728],[-80.079804,32.928186],[-80.097659,32.886962],[-80.100981,32.892602],[-80.119471,32.893625],[-80.125441,32.889636],[-80.144793,32.887563],[-80.149659,32.878856],[-80.162185,32.874614],[-80.154923,32.865051],[-80.163494,32.854544],[-80.176744,32.867075],[-80.185697,32.860807],[-80.183738,32.847075],[-80.160575,32.8406],[-80.156239,32.825976],[-80.158411,32.81833],[-80.277112,32.843865],[-80.299622,32.851418],[-80.312706,32.851514],[-80.401322,32.858532]]]},"properties":{"id":null,"osm_type":"relation","long_county":"Charleston County","place":null,"Town":null,"border_type":null,"State":"South Carolina","County":"Charleston","long_name":"south-carolina-charleston-county","state_county":"south_carolina_charleston","normalized":"Y"}},
{"type":"Feature","geometry":{"type":"Polygon","coordinates":[[[-80.2401359,32.5089149],[-80.253523,32.53021],[-80.261124,32.536498],[-80.274701,32.524498],[-80.28509,32.529954],[-80.308929,32.514841],[-80.318175,32.511285],[-80.3205,32.522463],[-80.334473,32.526369],[-80.347995,32.521351],[-80.333024,32.5125],[-80.324015,32.500167],[-80.32645,32.493788],[-80.336815,32.4932],[-80.350599,32.498696],[-80.37137,32.523447],[-80.387804,32.535734],[-80.406392,32.540818],[-80.414877,32.54648],[-80.409638,32.558697],[-80.395711,32.561695],[-80.38969,32.571887],[-80.397109,32.590419],[-80.387052,32.612812],[-80.389951,32.618684],[-80.403233,32.616805],[-80.418428,32.604296],[-80.425992,32.611492],[-80.425338,32.626667],[-80.405507,32.628893],[-80.402359,32.639521],[-80.389009,32.652283],[-80.404915,32.652409],[-80.420913,32.670059],[-80.417799,32.680308],[-80.422502,32.686385],[-80.415891,32.694745],[-80.431281,32.722582],[-80.44574,32.727435],[-80.453553,32.740501],[-80.447937,32.748439],[-80.445903,32.765148],[-80.432929,32.778479],[-80.435959,32.787737],[-80.418056,32.805228],[-80.40775,32.810838],[-80.400278,32.828327],[-80.398623,32.845276],[-80.401322,32.858532],[-80.403262,32.869644],[-80.389526,32.890431],[-80.400686,32.901252],[-80.405645,32.914535],[-80.398366,32.927042],[-80.402233,32.94335],[-80.418813,32.967264],[-80.418648,32.975351],[-80.408696,32.984605],[-80.406483,33.019011],[-80.395575,33.024369],[-80.387819,33.032843],[-80.38969,33.042994],[-80.402226,33.053238],[-80.412022,33.046596],[-80.42263,33.054755],[-80.440803,33.053266],[-80.451741,33.060231],[-80.474788,33.064394],[-80.48978,33.063564],[-80.510357,33.057264],[-80.53318,33.06859],[-80.553398,33.062063],[-80.591488,33.05782],[-80.623815,33.066927],[-80.630882,33.075681],[-80.646933,33.085538],[-80.653217,33.09317],[-80.673572,33.108021],[-80.681901,33.124403],[-80.689362,33.127122],[-80.69165,33.137524],[-80.703006,33.144396],[-80.706658,33.154821],[-80.737417,33.17037],[-80.753474,33.174236],[-80.762548,33.170139],[-80.776495,33.173054],[-80.790296,33.18084],[-80.797912,33.176944],[-80.874821,33.135656],[-80.895426,33.125348],[-80.887851,33.112269],[-80.889025,33.102211],[-80.876668,33.093367],[-80.89188,33.075491],[-80.896074,33.06141],[-80.916075,33.071705],[-80.919317,33.081266],[-80.927055,33.085755],[-80.937157,33.102584],[-81.005899,33.066298],[-81.082291,33.02663],[-81.078009,33.0205175],[-81.0651574,33.0139158],[-81.0556125,33.0019049],[-81.0535765,32.9900769],[-81.0436524,32.9851088],[-81.0138968,32.9553383],[-81.0094255,32.9401565],[-80.9999553,32.9323401],[-80.9875058,32.9024258],[-80.975114,32.8997685],[-80.959423,32.8769729],[-80.9457371,32.8765508],[-80.9281193,32.8581295],[-80.9173897,32.8523252],[-80.9001335,32.8327405],[-80.8921566,32.8056584],[-80.872487,32.7837093],[-80.859688,32.75489],[-80.850441,32.743496],[-80.848831,32.728466],[-80.826309,32.704321],[-80.807877,32.689438],[-80.786377,32.687466],[-80.771232,32.676927],[-80.758286,32.679398],[-80.744888,32.674229],[-80.739243,32.682304],[-80.716811,32.674163],[-80.706497,32.673244],[-80.703327,32.664586],[-80.690041,32.667269],[-80.685005,32.672951],[-80.674385,32.672409],[-80.684853,32.656097],[-80.680061,32.643913],[-80.666448,32.645704],[-80.658483,32.639404],[-80.671534,32.633957],[-80.668463,32.622831],[-80.653833,32.625183],[-80.659751,32.612683],[-80.644263,32.594422],[-80.629624,32.590703],[-80.620881,32.5812],[-80.611662,32.589871],[-80.599788,32.581047],[-80.586358,32.586172],[-80.576166,32.577761],[-80.582823,32.566199],[-80.567312,32.566438],[-80.568443,32.552964],[-80.558939,32.555209],[-80.551504,32.565769],[-80.54109,32.545482],[-80.536483,32.529224],[-80.529719,32.522751],[-80.51776,32.519136],[-80.502944,32.495652],[-80.464479,32.47992],[-80.396436,32.44387],[-80.3448069,32.4174777],[-80.3048724,32.4662924],[-80.2801511,32.484543],[-80.2401359,32.5089149]]]},"properties":{"id":null,"osm_type":"relation","long_county":"Colleton County","place":null,"Town":null,"border_type":null,"State":"South Carolina","County":"Colleton","long_name":"south-carolina-colleton-county","state_county":"south_carolina_colleton","normalized":"Y"}},
{"type":"Feature","geometry":{"type":"Polygon","coordinates":[[[-80.3618613,33.2574295],[-80.3931028,33.2647774],[-80.4225754,33.2579689],[-80.4402942,33.2619708],[-80.4528389,33.2710673],[-80.4630369,33.2705872],[-80.483996,33.279617],[-80.4943439,33.2985728],[-80.4954954,33.3253803],[-80.502819,33.3344913],[-80.6687941,33.2459707],[-80.790296,33.18084],[-80.776495,33.173054],[-80.762548,33.170139],[-80.753474,33.174236],[-80.737417,33.17037],[-80.706658,33.154821],[-80.703006,33.144396],[-80.69165,33.137524],[-80.689362,33.127122],[-80.681901,33.124403],[-80.673572,33.108021],[-80.653217,33.09317],[-80.646933,33.085538],[-80.630882,33.075681],[-80.623815,33.066927],[-80.591488,33.05782],[-80.553398,33.062063],[-80.53318,33.06859],[-80.510357,33.057264],[-80.48978,33.063564],[-80.474788,33.064394],[-80.451741,33.060231],[-80.440803,33.053266],[-80.42263,33.054755],[-80.412022,33.046596],[-80.402226,33.053238],[-80.38969,33.042994],[-80.387819,33.032843],[-80.395575,33.024369],[-80.406483,33.019011],[-80.408696,32.984605],[-80.418648,32.975351],[-80.418813,32.967264],[-80.402233,32.94335],[-80.398366,32.927042],[-80.405645,32.914535],[-80.400686,32.901252],[-80.389526,32.890431],[-80.403262,32.869644],[-80.401322,32.858532],[-80.312706,32.851514],[-80.299622,32.851418],[-80.277112,32.843865],[-80.158411,32.81833],[-80.156239,32.825976],[-80.160575,32.8406],[-80.183738,32.847075],[-80.185697,32.860807],[-80.176744,32.867075],[-80.163494,32.854544],[-80.154923,32.865051],[-80.162185,32.874614],[-80.149659,32.878856],[-80.144793,32.887563],[-80.125441,32.889636],[-80.119471,32.893625],[-80.100981,32.892602],[-80.097659,32.886962],[-80.079804,32.928186],[-80.134752,32.974728],[-80.125431,32.982327],[-80.110543,32.985492],[-80.13555,32.998887],[-80.145919,32.984319],[-80.167554,33.002664],[-80.160194,33.017614],[-80.149246,33.021601],[-80.335861,33.1455211],[-80.3106129,33.1587716],[-80.2974727,33.1815665],[-80.3243243,33.1984966],[-80.3303057,33.1981734],[-80.3363138,33.2152765],[-80.3346938,33.2226903],[-80.3467852,33.2362777],[-80.355034,33.252964],[-80.3618613,33.2574295]]]},"properties":{"id":null,"osm_type":"relation","long_county":"Dorchester County","place":null,"Town":null,"border_type":null,"State":"South Carolina","County":"Dorchester","long_name":"south-carolina-dorchester-county","state_county":"south_carolina_dorchester","normalized":"Y"}},
{"type":"Feature","geometry":{"type":"Polygon","coordinates":[[[-81.4050573,32.7449633],[-81.4167553,32.7287683],[-81.4211973,32.7119843],[-81.4275083,32.7022483],[-81.4057143,32.6887333],[-81.4010323,32.6775003],[-81.4042903,32.6678033],[-81.4001473,32.6569513],[-81.3930363,32.6515483],[-81.4100563,32.6387903],[-81.4186633,32.6293983],[-81.4115525,32.6179803],[-81.380999,32.589652],[-81.3570769,32.5820522],[-81.354919,32.571201],[-81.320588,32.559534],[-81.29676,32.562648],[-81.2899781,32.5524046],[-81.28127,32.556471],[-81.22258,32.603825],[-81.207206,32.610526],[-81.157665,32.64575],[-81.101914,32.686411],[-81.018495,32.750172],[-81.002906,32.739837],[-80.99534,32.730547],[-80.976116,32.720221],[-80.975816,32.714354],[-80.964156,32.694701],[-80.945865,32.687348],[-80.945918,32.674838],[-80.951469,32.660128],[-80.962951,32.652403],[-80.95867,32.642507],[-80.929287,32.636574],[-80.918971,32.626561],[-80.902448,32.621561],[-80.869705,32.660935],[-80.8370139,32.6996838],[-80.826309,32.704321],[-80.848831,32.728466],[-80.850441,32.743496],[-80.859688,32.75489],[-80.872487,32.7837093],[-80.8921566,32.8056584],[-80.9001335,32.8327405],[-80.9173897,32.8523252],[-80.9281193,32.8581295],[-80.9457371,32.8765508],[-80.959423,32.8769729],[-80.975114,32.8997685],[-80.9875058,32.9024258],[-80.9999553,32.9323401],[-81.0094255,32.9401565],[-81.0138968,32.9553383],[-81.0436524,32.9851088],[-81.0535765,32.9900769],[-81.0556125,33.0019049],[-81.0651574,33.0139158],[-81.078009,33.0205175],[-81.082291,33.02663],[-81.234871,32.945496],[-81.236938,32.906338],[-81.2435,32.908146],[-81.259872,32.903099],[-81.277321,32.891678],[-81.261299,32.838905],[-81.327156,32.790928],[-81.339066,32.768581],[-81.367935,32.76075],[-81.394028,32.744724],[-81.4050573,32.7449633]]]},"properties":{"id":null,"osm_type":"relation","long_county":"Hampton County","place":null,"Town":null,"border_type":null,"State":"South Carolina","County":"Hampton","long_name":"south-carolina-hampton-county","state_county":"south_carolina_hampton","normalized":"Y"}},
{"type":"Feature","geometry":{"type":"Polygon","coordinates":[[[-81.28127,32.556471],[-81.2811617,32.5489562],[-81.2712261,32.5299487],[-81.238411,32.510192],[-81.2335577,32.4986702],[-81.1983133,32.4669744],[-81.1920637,32.4553084],[-81.2034811,32.4528755],[-81.2001783,32.4409783],[-81.2083123,32.4361417],[-81.205364,32.4233261],[-81.1782259,32.3930342],[-81.1817364,32.3798238],[-81.167555,32.368364],[-81.1670184,32.3605687],[-81.1480385,32.3462964],[-81.1284994,32.3408199],[-81.1378691,32.3271475],[-81.1307493,32.3254286],[-81.129436,32.313591],[-81.122333,32.305395],[-81.1240934,32.2951156],[-81.1195901,32.2887569],[-81.1269708,32.2831025],[-81.1323521,32.2703527],[-81.1463349,32.2633343],[-81.1468627,32.2496975],[-81.1565459,32.2426244],[-81.1436632,32.2291323],[-81.13507,32.212066],[-81.123149,32.20132],[-81.118237,32.189203],[-81.119838,32.17757],[-81.128142,32.169097],[-81.12203,32.161796],[-81.117335,32.146203],[-81.119813,32.133495],[-81.115247,32.125504],[-81.117225,32.117604],[-81.111131,32.112011],[-81.091575,32.110909],[-81.090524,32.106378],[-81.066965,32.090384],[-81.053228,32.085756],[-81.032633,32.085476],[-81.021684,32.090864],[-81.01197,32.100178],[-80.99447,32.094724],[-80.978874,32.077343],[-80.954483,32.068616],[-80.926769,32.041663],[-80.918003,32.037579],[-80.89296,32.034951],[-80.829685,32.033457],[-80.751429,32.033468],[-80.745536,32.078667],[-80.876842,32.078485],[-80.891132,32.08141],[-80.908111,32.078172],[-80.91024,32.087915],[-80.898453,32.100406],[-80.900573,32.111617],[-80.92693,32.119453],[-80.912619,32.127595],[-80.942196,32.136975],[-80.946908,32.128849],[-80.961672,32.134018],[-80.969307,32.143188],[-80.964942,32.151767],[-80.954351,32.148916],[-80.95021,32.166761],[-80.958817,32.1734],[-80.964791,32.185378],[-80.978505,32.18599],[-81.000138,32.196122],[-81.006149,32.21587],[-81.012368,32.218232],[-81.015333,32.245581],[-81.004925,32.250695],[-80.996144,32.26102],[-80.992462,32.272724],[-80.997543,32.28133],[-80.994209,32.290558],[-81.006369,32.306521],[-80.982108,32.305925],[-80.93494,32.300108],[-80.934386,32.320005],[-80.929091,32.330492],[-80.928033,32.342602],[-80.921883,32.351834],[-80.91058,32.354245],[-80.892054,32.353731],[-80.890409,32.347414],[-80.877594,32.345901],[-80.873715,32.369059],[-80.86151,32.373512],[-80.841458,32.385064],[-80.842896,32.393391],[-80.82924,32.41147],[-80.834852,32.414914],[-80.847973,32.411642],[-80.847729,32.428991],[-80.830165,32.462093],[-80.818229,32.46409],[-80.820228,32.490788],[-80.836013,32.518161],[-80.847733,32.530057],[-80.837851,32.539278],[-80.839207,32.557509],[-80.835083,32.56419],[-80.835999,32.578766],[-80.831543,32.593388],[-80.836548,32.608845],[-80.848442,32.614857],[-80.849014,32.631561],[-80.863396,32.64621],[-80.869705,32.660935],[-80.902448,32.621561],[-80.918971,32.626561],[-80.929287,32.636574],[-80.95867,32.642507],[-80.962951,32.652403],[-80.951469,32.660128],[-80.945918,32.674838],[-80.945865,32.687348],[-80.964156,32.694701],[-80.975816,32.714354],[-80.976116,32.720221],[-80.99534,32.730547],[-81.002906,32.739837],[-81.018495,32.750172],[-81.101914,32.686411],[-81.157665,32.64575],[-81.207206,32.610526],[-81.22258,32.603825],[-81.28127,32.556471]]]},"properties":{"id":null,"osm_type":"relation","long_county":"Jasper County","place":null,"Town":null,"border_type":null,"State":"South Carolina","County":"Jasper","long_name":"south-carolina-jasper-county","state_county":"south_carolina_jasper","normalized":"Y"}},
{"type":"Feature","geometry":{"type":"Polygon","coordinates":[[[-80.790296,33.18084],[-80.6687941,33.2459707],[-80.502819,33.3344913],[-80.4954954,33.3253803],[-80.4943439,33.2985728],[-80.483996,33.279617],[-80.4630369,33.2705872],[-80.4528389,33.2710673],[-80.4402942,33.2619708],[-80.4225754,33.2579689],[-80.3931028,33.2647774],[-80.3618613,33.2574295],[-80.3591,33.271995],[-80.344645,33.277848],[-80.317203,33.264118],[-80.294481,33.271256],[-80.289268,33.279113],[-80.272599,33.28573],[-80.255642,33.300002],[-80.252501,33.319575],[-80.247272,33.329229],[-80.24722,33.340112],[-80.239878,33.351377],[-80.241762,33.375789],[-80.238463,33.391153],[-80.222568,33.391288],[-80.225201,33.409337],[-80.222267,33.443716],[-80.2358863,33.4394966],[-80.2435455,33.449026],[-80.2544868,33.4489333],[-80.2580381,33.4428465],[-80.2729272,33.4380363],[-80.2763266,33.4462728],[-80.3028391,33.4402993],[-80.3220996,33.431654],[-80.3540279,33.4303225],[-80.3870968,33.4427964],[-80.407211,33.4561988],[-80.4376411,33.4794661],[-80.433998,33.48814],[-80.4414843,33.493252],[-80.4425696,33.5023664],[-80.4591393,33.5022166],[-80.4572809,33.5137132],[-80.4619236,33.5233813],[-80.44751,33.524143],[-80.446854,33.538692],[-80.4529224,33.546771],[-80.4645789,33.5398473],[-80.4743908,33.5528384],[-80.484684,33.5599172],[-80.496273,33.558481],[-80.505282,33.553009],[-80.506004,33.539674],[-80.511206,33.538429],[-80.540143,33.5618],[-80.552272,33.565414],[-80.601547,33.556195],[-80.610346,33.550732],[-80.587927,33.538882],[-80.624702,33.498899],[-80.624951,33.488763],[-80.611327,33.470416],[-80.616575,33.466006],[-80.627291,33.473821],[-80.639282,33.474913],[-80.65902,33.470982],[-80.677982,33.486677],[-80.683482,33.499209],[-80.69609,33.510458],[-80.693855,33.521753],[-80.731565,33.549502],[-80.807631,33.604081],[-80.881393,33.619702],[-80.919677,33.605505],[-80.93979,33.608798],[-80.939707,33.636579],[-80.943954,33.643604],[-80.965489,33.625282],[-80.999802,33.660802],[-81.042854,33.707131],[-81.0846686,33.6959583],[-81.1091722,33.6834869],[-81.187271,33.652937],[-81.2477119,33.598721],[-81.3599975,33.50013],[-81.372931,33.490417],[-81.361375,33.485148],[-81.330234,33.48023],[-81.322525,33.482957],[-81.31246,33.478466],[-81.298602,33.480255],[-81.286604,33.469026],[-81.2807,33.468316],[-81.253735,33.446198],[-81.246325,33.442831],[-81.222673,33.44],[-81.206606,33.437812],[-81.19836,33.421238],[-81.189531,33.411683],[-81.164505,33.408841],[-81.132443,33.393249],[-81.111903,33.381007],[-81.091075,33.378393],[-81.07548,33.373442],[-81.050854,33.351035],[-81.03045,33.347586],[-81.023991,33.338782],[-81.013283,33.338455],[-81.000006,33.329738],[-80.988971,33.328024],[-80.977621,33.318404],[-80.968979,33.31796],[-80.963847,33.310885],[-80.946142,33.306129],[-80.932087,33.293162],[-80.892613,33.268809],[-80.888346,33.259884],[-80.870235,33.253046],[-80.869114,33.249065],[-80.849368,33.238304],[-80.839491,33.207217],[-80.824746,33.201606],[-80.817224,33.195351],[-80.817006,33.187493],[-80.797912,33.176944],[-80.790296,33.18084]]]},"properties":{"id":null,"osm_type":"relation","long_county":"Orangeburg County","place":null,"Town":null,"border_type":null,"State":"South Carolina","County":"Orangeburg","long_name":"south-carolina-orangeburg-county","state_county":"south_carolina_orangeburg","normalized":"Y"}},
{"type":"Feature","geometry":{"type":"Polygon","coordinates":[[[-82.3138711,34.4843322],[-82.4438346,34.3999304],[-82.5830565,34.3103689],[-82.7408855,34.2087505],[-82.7317251,34.1917788],[-82.7321588,34.1797355],[-82.7249415,34.1690925],[-82.7168311,34.1495162],[-82.7005188,34.1394667],[-82.6922429,34.1389548],[-82.6764896,34.1309675],[-82.6593056,34.1041385],[-82.6472541,34.0979546],[-82.6401228,34.0872094],[-82.6455071,34.0757927],[-82.6416802,34.0691289],[-82.6269591,34.0635401],[-82.6078332,34.038593],[-82.5938813,34.0284363],[-82.594631,34.013796],[-82.530567,34.071925],[-82.517715,34.070045],[-82.49956,34.072098],[-82.483823,34.081204],[-82.46415,34.069717],[-82.452707,34.060344],[-82.3771436,34.0572186],[-82.326947,34.06412],[-82.281227,34.096699],[-82.266991,34.108219],[-82.249123,34.135685],[-82.240677,34.163044],[-82.240013,34.191227],[-82.249985,34.223846],[-82.264786,34.245499],[-82.294121,34.271534],[-82.307564,34.277748],[-82.311348,34.304058],[-82.311073,34.320877],[-82.322823,34.324379],[-82.334267,34.34288],[-82.2464012,34.4097766],[-82.2661945,34.433501],[-82.2732119,34.4337891],[-82.2872654,34.4531924],[-82.3052981,34.4614034],[-82.3144192,34.4691244],[-82.3138711,34.4843322]]]},"properties":{"id":null,"osm_type":"relation","long_county":"Abbeville County","place":null,"Town":null,"border_type":null,"State":"South Carolina","County":"Abbeville","long_name":"south-carolina-abbeville-county","state_county":"south_carolina_abbeville","normalized":"Y"}},
{"type":"Feature","geometry":{"type":"Polygon","coordinates":[[[-82.012527,33.531948],[-82.0023495,33.5207388],[-81.9909288,33.5026696],[-81.9909487,33.4932039],[-81.9816469,33.4843038],[-81.9655268,33.4802482],[-81.9489648,33.4722242],[-81.9340966,33.4681108],[-81.924753,33.460047],[-81.9136085,33.4412826],[-81.9156255,33.4338426],[-81.9296266,33.4299119],[-81.9312606,33.4236606],[-81.9125678,33.415504],[-81.9305191,33.4067968],[-81.9358097,33.3981902],[-81.9311394,33.3807682],[-81.924759,33.3747194],[-81.9465063,33.3679457],[-81.9353682,33.3570052],[-81.9376196,33.3436972],[-81.9233857,33.3446549],[-81.9171286,33.3319182],[-81.9062737,33.3251589],[-81.9007875,33.3351912],[-81.8921653,33.322353],[-81.8814043,33.31432],[-81.8698992,33.3135144],[-81.8621675,33.3027444],[-81.8535806,33.3106184],[-81.84945,33.2999032],[-81.860011,33.2992114],[-81.8619529,33.2865934],[-81.846536,33.284444],[-81.83556,33.2720702],[-81.8373883,33.2619284],[-81.846336,33.258445],[-81.8525952,33.2479932],[-81.8279394,33.2287524],[-81.8092394,33.2221534],[-81.8052414,33.2114474],[-81.7892394,33.2082534],[-81.7789384,33.2098534],[-81.7682828,33.2169976],[-81.7635384,33.2036544],[-81.757022,33.1979635],[-81.6462958,33.2824967],[-81.5406058,33.3646318],[-81.4902767,33.4014639],[-81.372931,33.490417],[-81.3599975,33.50013],[-81.2477119,33.598721],[-81.187271,33.652937],[-81.207395,33.658876],[-81.222528,33.668451],[-81.257934,33.68523],[-81.277226,33.696107],[-81.286113,33.692969],[-81.298327,33.698299],[-81.310712,33.708268],[-81.32283,33.711292],[-81.345406,33.721019],[-81.357678,33.722868],[-81.366814,33.728467],[-81.374063,33.725308],[-81.39347,33.726937],[-81.403937,33.732252],[-81.415308,33.732161],[-81.423913,33.741399],[-81.431624,33.757589],[-81.431735,33.769141],[-81.459477,33.795348],[-81.502281,33.808041],[-81.518208,33.817773],[-81.520286,33.823992],[-81.53359,33.832154],[-81.546946,33.858683],[-81.560733,33.862645],[-81.5713086,33.8774683],[-81.6520927,33.8142387],[-81.73597,33.750484],[-81.7509418,33.7368155],[-81.8349214,33.6708362],[-82.012527,33.531948]]]},"properties":{"id":null,"osm_type":"relation","long_county":"Aiken County","place":null,"Town":null,"border_type":null,"State":"South Carolina","County":"Aiken","long_name":"south-carolina-aiken-county","state_county":"south_carolina_aiken","normalized":"Y"}},
{"type":"Feature","geometry":{"type":"Polygon","coordinates":[[[-81.757022,33.1979635],[-81.765735,33.187948],[-81.7684446,33.1785523],[-81.763135,33.159449],[-81.743835,33.14145],[-81.704634,33.116451],[-81.696934,33.116551],[-81.658433,33.103152],[-81.640203,33.0927384],[-81.6144305,33.0951249],[-81.541881,33.158279],[-81.453202,33.135021],[-81.364857,33.108061],[-81.283665,33.108555],[-81.277373,33.112316],[-81.264333,33.110823],[-81.240228,33.118747],[-81.218119,33.116809],[-81.211886,33.120706],[-81.193099,33.118668],[-81.198327,33.126588],[-81.210092,33.133712],[-81.211456,33.143541],[-81.227778,33.162622],[-81.223913,33.169634],[-81.220603,33.206018],[-81.220824,33.259149],[-81.2167,33.341068],[-81.213182,33.397866],[-81.222673,33.44],[-81.246325,33.442831],[-81.253735,33.446198],[-81.2807,33.468316],[-81.286604,33.469026],[-81.298602,33.480255],[-81.31246,33.478466],[-81.322525,33.482957],[-81.330234,33.48023],[-81.361375,33.485148],[-81.372931,33.490417],[-81.4902767,33.4014639],[-81.5406058,33.3646318],[-81.6462958,33.2824967],[-81.757022,33.1979635]]]},"properties":{"id":null,"osm_type":"relation","long_county":"Barnwell County","place":null,"Town":null,"border_type":null,"State":"South Carolina","County":"Barnwell","long_name":"south-carolina-barnwell-county","state_county":"south_carolina_barnwell","normalized":"Y"}},
{"type":"Feature","geometry":{"type":"Polygon","coordinates":[[[-81.042854,33.707131],[-80.999802,33.660802],[-80.965489,33.625282],[-80.943954,33.643604],[-80.939707,33.636579],[-80.93979,33.608798],[-80.919677,33.605505],[-80.881393,33.619702],[-80.807631,33.604081],[-80.731565,33.549502],[-80.693855,33.521753],[-80.69609,33.510458],[-80.683482,33.499209],[-80.677982,33.486677],[-80.65902,33.470982],[-80.639282,33.474913],[-80.627291,33.473821],[-80.616575,33.466006],[-80.611327,33.470416],[-80.624951,33.488763],[-80.624702,33.498899],[-80.587927,33.538882],[-80.610346,33.550732],[-80.601547,33.556195],[-80.552272,33.565414],[-80.540143,33.5618],[-80.511206,33.538429],[-80.506004,33.539674],[-80.505282,33.553009],[-80.496273,33.558481],[-80.5049073,33.5633239],[-80.5041653,33.5715209],[-80.5133767,33.573711],[-80.513779,33.582203],[-80.504164,33.584301],[-80.5032372,33.5917858],[-80.5141436,33.5941479],[-80.521912,33.6017702],[-80.5225723,33.6170039],[-80.540297,33.6286788],[-80.528328,33.636841],[-80.5338293,33.6437758],[-80.5510095,33.6519693],[-80.5556555,33.6621838],[-80.5656795,33.6641195],[-80.5603181,33.6741367],[-80.5655402,33.6798521],[-80.5774708,33.679315],[-80.5903513,33.6849016],[-80.6025288,33.7032815],[-80.6168628,33.7135059],[-80.6166496,33.7203386],[-80.627144,33.730423],[-80.6281366,33.7405354],[-80.620107,33.743237],[-80.632785,33.743667],[-80.656399,33.761398],[-80.659051,33.772986],[-80.686592,33.755993],[-80.705386,33.759795],[-80.713722,33.770256],[-80.728004,33.761819],[-80.747975,33.775808],[-80.756185,33.764819],[-80.77177,33.7719],[-80.793354,33.769525],[-80.807591,33.774211],[-80.82257,33.784567],[-80.833464,33.785508],[-80.837472,33.793906],[-80.865759,33.802719],[-80.867322,33.809673],[-80.879813,33.81562],[-80.898535,33.808767],[-80.915558,33.811419],[-80.91598,33.824915],[-80.940584,33.828482],[-80.950825,33.840895],[-80.965945,33.847848],[-80.985706,33.84873],[-80.986217,33.857464],[-80.999784,33.860602],[-80.996574,33.873808],[-81.01233,33.88008],[-81.037979,33.870602],[-81.041847,33.859234],[-81.038521,33.844234],[-81.047882,33.788757],[-81.059471,33.771019],[-81.05835,33.746922],[-81.036263,33.74511],[-81.032959,33.76421],[-81.014183,33.781044],[-80.960594,33.778763],[-80.940712,33.769207],[-80.925262,33.755554],[-80.94957,33.745564],[-80.9795973,33.730568],[-80.9918952,33.7322251],[-80.9992281,33.7270271],[-81.0184628,33.7207807],[-81.042854,33.707131]]]},"properties":{"id":null,"osm_type":"relation","long_county":"Calhoun County","place":null,"Town":null,"border_type":null,"State":"South Carolina","County":"Calhoun","long_name":"south-carolina-calhoun-county","state_county":"south_carolina_calhoun","normalized":"Y"}},
{"type":"Feature","geometry":{"type":"Polygon","coordinates":[[[-81.3666369,35.1648848],[-81.5735352,35.1727665],[-81.7634671,35.1804935],[-81.8746194,35.1840345],[-81.806131,35.057244],[-81.807648,35.035624],[-81.794331,35.035378],[-81.785674,35.019329],[-81.755098,34.930323],[-81.734971,34.933037],[-81.729791,34.923377],[-81.714094,34.912865],[-81.7034191,34.9068371],[-81.6928276,34.9068677],[-81.6868755,34.9125248],[-81.6617218,34.898663],[-81.6465692,34.9000579],[-81.64019,34.8816008],[-81.6238142,34.8738734],[-81.6062779,34.8780235],[-81.5984375,34.8848655],[-81.5868641,34.8874594],[-81.5567746,34.8734265],[-81.5302026,34.8682263],[-81.522218,34.8773786],[-81.5148188,34.8773853],[-81.4848807,34.8615548],[-81.4572762,34.8393263],[-81.4532709,34.8464122],[-81.4626969,34.853883],[-81.4695693,34.8676003],[-81.4725619,34.8909787],[-81.4787427,34.8998472],[-81.4704716,34.9127473],[-81.4770919,34.9273997],[-81.4754649,34.9374165],[-81.4892994,34.9411649],[-81.4921174,34.9494019],[-81.4868855,34.964],[-81.4760179,34.9811745],[-81.4836423,34.9933277],[-81.4804521,35.0055837],[-81.488514,35.0298558],[-81.4868965,35.0348366],[-81.4716041,35.0431724],[-81.4526368,35.0477057],[-81.4087773,35.0471084],[-81.4025546,35.1368965],[-81.3666369,35.1648848]]]},"properties":{"id":null,"osm_type":"relation","long_county":"Cherokee County","place":null,"Town":null,"border_type":null,"State":"South Carolina","County":"Cherokee","long_name":"south-carolina-cherokee-county","state_county":"south_carolina_cherokee","normalized":"Y"}},
{"type":"Feature","geometry":{"type":"Polygon","coordinates":[[[-80.877491,34.543146],[-80.873102,34.556858],[-80.878611,34.571109],[-80.878171,34.581118],[-80.891397,34.596787],[-80.889206,34.618193],[-80.896406,34.631781],[-80.894896,34.641698],[-80.88741,34.652599],[-80.888469,34.668603],[-80.876879,34.682908],[-80.860274,34.695847],[-80.865999,34.706169],[-80.86872,34.723178],[-80.874471,34.731543],[-80.878278,34.759078],[-80.874301,34.763422],[-80.876121,34.788047],[-80.884378,34.795744],[-80.898215,34.820746],[-80.982445,34.821613],[-81.1310094,34.8204248],[-81.35313,34.8223408],[-81.478539,34.821533],[-81.4867116,34.8171017],[-81.481255,34.808353],[-81.4706936,34.8115199],[-81.4684723,34.8015248],[-81.455971,34.792107],[-81.4526153,34.7625395],[-81.485313,34.741577],[-81.4884775,34.7329896],[-81.478493,34.723438],[-81.461731,34.726688],[-81.45443,34.721264],[-81.455134,34.6766394],[-81.4438585,34.6562697],[-81.429985,34.648685],[-81.416504,34.635563],[-81.4177124,34.6065755],[-81.4267246,34.5804106],[-81.4229386,34.5717537],[-81.242569,34.563831],[-81.060631,34.553165],[-80.983063,34.546822],[-80.877491,34.543146]]]},"properties":{"id":null,"osm_type":"relation","long_county":"Chester County","place":null,"Town":null,"border_type":null,"State":"South Carolina","County":"Chester","long_name":"south-carolina-chester-county","state_county":"south_carolina_chester","normalized":"Y"}},
{"type":"Feature","geometry":{"type":"Polygon","coordinates":[[[-80.408373,34.614765],[-80.407516,34.609376],[-80.390452,34.599632],[-80.379742,34.585504],[-80.382738,34.579179],[-80.376151,34.571778],[-80.377939,34.561092],[-80.371986,34.546081],[-80.367324,34.545497],[-80.354725,34.530952],[-80.353502,34.520809],[-80.335108,34.510088],[-80.327619,34.497734],[-80.326791,34.460365],[-80.323674,34.446932],[-80.32594,34.436133],[-80.320765,34.426954],[-80.311586,34.423148],[-80.303162,34.411112],[-80.302282,34.401259],[-80.292207,34.393183],[-80.285753,34.394044],[-80.283965,34.377581],[-80.288596,34.366207],[-80.248096,34.387685],[-80.12479,34.451225],[-80.097241,34.46484],[-80.045439,34.492631],[-80.028572,34.486355],[-80.009375,34.49428],[-79.981038,34.501511],[-79.965448,34.487687],[-79.94064,34.488042],[-79.91968,34.49578],[-79.902321,34.489388],[-79.884542,34.491218],[-79.875452,34.501819],[-79.863767,34.508431],[-79.861895,34.521047],[-79.847638,34.525581],[-79.846166,34.531513],[-79.829981,34.531925],[-79.818253,34.572201],[-79.81031,34.580753],[-79.809471,34.598915],[-79.80542,34.60796],[-79.783089,34.607731],[-79.777977,34.613129],[-79.791206,34.624168],[-79.789429,34.630962],[-79.802132,34.640179],[-79.795868,34.647839],[-79.809227,34.651154],[-79.81749,34.658958],[-79.829811,34.656815],[-79.840797,34.66964],[-79.853615,34.672039],[-79.872292,34.694023],[-79.87812,34.715881],[-79.886353,34.726864],[-79.894501,34.743744],[-79.927727,34.768127],[-79.934593,34.79771],[-79.9274115,34.8067341],[-80.1916336,34.8118761],[-80.2134293,34.8124972],[-80.3929878,34.8150117],[-80.4630853,34.8164732],[-80.56171,34.817429],[-80.55841,34.801377],[-80.544419,34.783923],[-80.516434,34.767981],[-80.498059,34.730227],[-80.489526,34.721427],[-80.482743,34.704906],[-80.475181,34.699244],[-80.468832,34.685253],[-80.460782,34.676984],[-80.431671,34.659902],[-80.435429,34.643489],[-80.414076,34.628],[-80.419117,34.620857],[-80.408373,34.614765]]]},"properties":{"id":null,"osm_type":"relation","long_county":"Chesterfield County","place":null,"Town":null,"border_type":null,"State":"South Carolina","County":"Chesterfield","long_name":"south-carolina-chesterfield-county","state_county":"south_carolina_chesterfield","normalized":"Y"}},
{"type":"Feature","geometry":{"type":"Polygon","coordinates":[[[-79.87562,33.885245],[-79.902184,33.88905],[-79.9431895,33.8852311],[-79.9508909,33.8911301],[-79.974601,33.946527],[-80.04184,33.915295],[-80.122055,33.869556],[-80.1356156,33.8687332],[-80.255974,33.804115],[-80.271057,33.786476],[-80.397171,33.767651],[-80.397331,33.747192],[-80.392059,33.715332],[-80.434593,33.71191],[-80.433426,33.720997],[-80.426224,33.724148],[-80.431091,33.738266],[-80.449867,33.73745],[-80.454453,33.713371],[-80.478737,33.71439],[-80.490448,33.695343],[-80.498314,33.674004],[-80.509972,33.662685],[-80.5338293,33.6437758],[-80.528328,33.636841],[-80.540297,33.6286788],[-80.5225723,33.6170039],[-80.521912,33.6017702],[-80.5141436,33.5941479],[-80.5032372,33.5917858],[-80.504164,33.584301],[-80.513779,33.582203],[-80.5133767,33.573711],[-80.5041653,33.5715209],[-80.5049073,33.5633239],[-80.496273,33.558481],[-80.484684,33.5599172],[-80.4743908,33.5528384],[-80.4645789,33.5398473],[-80.4529224,33.546771],[-80.446854,33.538692],[-80.44751,33.524143],[-80.4619236,33.5233813],[-80.4572809,33.5137132],[-80.4591393,33.5022166],[-80.4425696,33.5023664],[-80.4414843,33.493252],[-80.433998,33.48814],[-80.4376411,33.4794661],[-80.407211,33.4561988],[-80.3870968,33.4427964],[-80.3540279,33.4303225],[-80.3220996,33.431654],[-80.3028391,33.4402993],[-80.2763266,33.4462728],[-80.2729272,33.4380363],[-80.2580381,33.4428465],[-80.2544868,33.4489333],[-80.2435455,33.449026],[-80.2358863,33.4394966],[-80.222267,33.443716],[-80.2005345,33.452801],[-80.195572,33.444412],[-80.18338,33.453426],[-80.1755105,33.4487294],[-80.148201,33.449986],[-80.1384317,33.4647916],[-80.1519702,33.478499],[-80.126228,33.496223],[-80.126152,33.50259],[-80.101697,33.496891],[-80.045135,33.600651],[-79.990868,33.705246],[-79.97464,33.721931],[-79.996132,33.768044],[-79.985542,33.775227],[-79.94474,33.810329],[-79.934799,33.810238],[-79.915337,33.818699],[-79.87562,33.885245]]]},"properties":{"id":null,"osm_type":"relation","long_county":"Clarendon County","place":null,"Town":null,"border_type":null,"State":"South Carolina","County":"Clarendon","long_name":"south-carolina-clarendon-county","state_county":"south_carolina_clarendon","normalized":"Y"}},
{"type":"Feature","geometry":{"type":"Polygon","coordinates":[[[-80.069878,34.086191],[-79.999794,34.129044],[-79.991936,34.135792],[-79.8950733,34.1967822],[-79.8186028,34.2456237],[-79.8089801,34.2524393],[-79.7980387,34.2547745],[-79.790273,34.2505411],[-79.7525089,34.2472371],[-79.7507414,34.2536076],[-79.7296716,34.2952322],[-79.6976567,34.2892047],[-79.6892453,34.2845952],[-79.6784306,34.2882119],[-79.6760274,34.2970048],[-79.6621764,34.307791],[-79.657764,34.30519],[-79.661869,34.310645],[-79.661572,34.323731],[-79.676394,34.336283],[-79.686596,34.354136],[-79.675494,34.367295],[-79.6737,34.374394],[-79.689442,34.381765],[-79.685227,34.400669],[-79.701493,34.405343],[-79.704842,34.399071],[-79.717038,34.403442],[-79.727555,34.416967],[-79.750566,34.436797],[-79.752791,34.457485],[-79.749274,34.467963],[-79.730411,34.469175],[-79.732785,34.475301],[-79.721689,34.487447],[-79.72658,34.495523],[-79.742717,34.498233],[-79.754578,34.505569],[-79.753698,34.514572],[-79.764004,34.518314],[-79.770471,34.508475],[-79.770102,34.496266],[-79.782927,34.497769],[-79.790503,34.485296],[-79.796426,34.491619],[-79.809472,34.486079],[-79.814885,34.497192],[-79.826788,34.503023],[-79.833489,34.513434],[-79.829246,34.520277],[-79.829981,34.531925],[-79.846166,34.531513],[-79.847638,34.525581],[-79.861895,34.521047],[-79.863767,34.508431],[-79.875452,34.501819],[-79.884542,34.491218],[-79.902321,34.489388],[-79.91968,34.49578],[-79.94064,34.488042],[-79.965448,34.487687],[-79.981038,34.501511],[-80.009375,34.49428],[-80.028572,34.486355],[-80.045439,34.492631],[-80.097241,34.46484],[-80.12479,34.451225],[-80.248096,34.387685],[-80.288596,34.366207],[-80.2887516,34.3641675],[-80.279235,34.351743],[-80.25864,34.341244],[-80.252482,34.340623],[-80.243309,34.324455],[-80.206302,34.339055],[-80.1913,34.366691],[-80.177225,34.366203],[-80.175036,34.326271],[-80.164741,34.306277],[-80.147165,34.290237],[-80.135413,34.284552],[-80.135835,34.272491],[-80.123159,34.25346],[-80.124789,34.251092],[-80.111733,34.228613],[-80.112727,34.197018],[-80.158582,34.161623],[-80.149082,34.146891],[-80.121944,34.119786],[-80.107179,34.115166],[-80.094947,34.099937],[-80.075946,34.085922],[-80.069878,34.086191]]]},"properties":{"id":null,"osm_type":"relation","long_county":"Darlington County","place":null,"Town":null,"border_type":null,"State":"South Carolina","County":"Darlington","long_name":"south-carolina-darlington-county","state_county":"south_carolina_darlington","normalized":"Y"}},
{"type":"Feature","geometry":{"type":"Polygon","coordinates":[[[-79.449975,34.6210377],[-79.5156744,34.5059605],[-79.6335026,34.2978552],[-79.6242535,34.3009833],[-79.601189,34.290817],[-79.580299,34.277382],[-79.571655,34.263641],[-79.562294,34.258984],[-79.5554352,34.2418741],[-79.54793,34.230913],[-79.554923,34.247197],[-79.524424,34.251585],[-79.503153,34.265243],[-79.496288,34.274819],[-79.478494,34.278653],[-79.480712,34.288081],[-79.428105,34.294565],[-79.41104,34.300172],[-79.380264,34.300572],[-79.364655,34.29584],[-79.305384,34.269307],[-79.294397,34.276994],[-79.271857,34.269754],[-79.259536,34.259031],[-79.239802,34.254339],[-79.219394,34.258789],[-79.21432,34.255539],[-79.173475,34.287534],[-79.128165,34.253652],[-79.111407,34.265866],[-79.105537,34.275623],[-79.09398,34.280137],[-79.083557,34.294429],[-79.071211,34.299342],[-79.2487492,34.4490955],[-79.3255358,34.5169182],[-79.3907286,34.5732023],[-79.449975,34.6210377]]]},"properties":{"id":null,"osm_type":"relation","long_county":"Dillon County","place":null,"Town":null,"border_type":null,"State":"South Carolina","County":"Dillon","long_name":"south-carolina-dillon-county","state_county":"south_carolina_dillon","normalized":"Y"}},
{"type":"Feature","geometry":{"type":"Polygon","coordinates":[[[-82.008298,33.961646],[-82.046974,33.95321],[-82.1557,33.92929],[-82.148275,33.902811],[-82.158648,33.898193],[-82.154551,33.881673],[-82.124842,33.842281],[-82.113728,33.82988],[-82.12351,33.827781],[-82.134059,33.810747],[-82.141376,33.805616],[-82.1427,33.79584],[-82.156752,33.787875],[-82.163423,33.772649],[-82.172807,33.765194],[-82.164495,33.744349],[-82.170661,33.734759],[-82.181994,33.730465],[-82.182888,33.723732],[-82.166027,33.690316],[-82.153529,33.69069],[-82.143924,33.684744],[-82.148447,33.676772],[-82.134481,33.673905],[-82.131199,33.660642],[-82.122462,33.655161],[-82.110474,33.655299],[-82.108422,33.647863],[-82.095527,33.633869],[-82.115311,33.596647],[-82.1080409,33.5963375],[-82.0919654,33.5818922],[-82.0634435,33.5741662],[-82.0463326,33.5638318],[-82.0336668,33.5474888],[-82.0212324,33.5355733],[-82.012527,33.531948],[-81.8349214,33.6708362],[-81.7509418,33.7368155],[-81.73597,33.750484],[-81.6520927,33.8142387],[-81.6996946,33.8268817],[-81.7765167,33.8460398],[-81.8241855,33.8666871],[-81.8338187,33.865085],[-81.8630635,33.8845625],[-81.8694415,33.8916003],[-81.894836,33.975323],[-81.932033,33.9769142],[-81.998825,33.964474],[-82.008298,33.961646]]]},"properties":{"id":null,"osm_type":"relation","long_county":"Edgefield County","place":null,"Town":null,"border_type":null,"State":"South Carolina","County":"Edgefield","long_name":"south-carolina-edgefield-county","state_county":"south_carolina_edgefield","normalized":"Y"}},
{"type":"Feature","geometry":{"type":"Polygon","coordinates":[[[-80.879227,34.457776],[-80.888246,34.467874],[-80.897195,34.491675],[-80.88172,34.500117],[-80.876174,34.524995],[-80.877491,34.543146],[-80.983063,34.546822],[-81.060631,34.553165],[-81.242569,34.563831],[-81.4229386,34.5717537],[-81.420021,34.562874],[-81.425552,34.552406],[-81.4274261,34.5301765],[-81.4208537,34.502043],[-81.423553,34.494263],[-81.422371,34.482002],[-81.412319,34.4699105],[-81.421661,34.453838],[-81.4150823,34.4438761],[-81.4058736,34.4146118],[-81.3974681,34.4003264],[-81.3956168,34.3879638],[-81.3864042,34.379601],[-81.382774,34.366741],[-81.371304,34.350461],[-81.371513,34.339516],[-81.3548541,34.3043082],[-81.3413353,34.2959664],[-81.3395846,34.2897561],[-81.3449572,34.2779955],[-81.3417077,34.2666684],[-81.329994,34.259216],[-81.316911,34.239458],[-81.296605,34.237391],[-81.27824,34.229632],[-81.259293,34.208939],[-81.251273,34.202946],[-81.226412,34.205687],[-81.218735,34.196796],[-81.208411,34.194325],[-81.178293,34.174552],[-81.179508,34.186644],[-81.168562,34.194858],[-81.169874,34.203248],[-81.181196,34.220285],[-81.095863,34.213872],[-81.084034,34.224522],[-81.061081,34.227981],[-81.057976,34.233331],[-81.042685,34.236661],[-81.039224,34.232537],[-80.961986,34.25201],[-80.825921,34.26876],[-80.769882,34.377144],[-80.783768,34.388985],[-80.783165,34.4067],[-80.793724,34.413536],[-80.810989,34.414928],[-80.825478,34.41177],[-80.833267,34.414959],[-80.867752,34.444988],[-80.879227,34.457776]]]},"properties":{"id":null,"osm_type":"relation","long_county":"Fairfield County","place":null,"Town":null,"border_type":null,"State":"South Carolina","County":"Fairfield","long_name":"south-carolina-fairfield-county","state_county":"south_carolina_fairfield","normalized":"Y"}},
{"type":"Feature","geometry":{"type":"Polygon","coordinates":[[[-79.657764,34.30519],[-79.6621764,34.307791],[-79.6760274,34.2970048],[-79.6784306,34.2882119],[-79.6892453,34.2845952],[-79.6976567,34.2892047],[-79.7296716,34.2952322],[-79.7507414,34.2536076],[-79.7525089,34.2472371],[-79.790273,34.2505411],[-79.7980387,34.2547745],[-79.8089801,34.2524393],[-79.8186028,34.2456237],[-79.8950733,34.1967822],[-79.991936,34.135792],[-79.999794,34.129044],[-80.069878,34.086191],[-80.0583,34.081203],[-80.031929,34.076801],[-80.006893,34.05817],[-80.000594,34.047877],[-79.962764,34.022861],[-79.931406,34.01526],[-79.903741,34.000893],[-79.902421,33.993102],[-79.893517,33.988017],[-79.974601,33.946527],[-79.9508909,33.8911301],[-79.9431895,33.8852311],[-79.902184,33.88905],[-79.87562,33.885245],[-79.866427,33.884322],[-79.854891,33.891738],[-79.847156,33.884487],[-79.834881,33.882601],[-79.79837,33.835562],[-79.743388,33.835056],[-79.73946,33.827832],[-79.724936,33.814552],[-79.700486,33.81419],[-79.687507,33.804891],[-79.677327,33.814694],[-79.653399,33.814071],[-79.635808,33.818038],[-79.63488,33.808359],[-79.496486,33.775357],[-79.472813,33.783891],[-79.458827,33.781068],[-79.441533,33.784387],[-79.433273,33.792892],[-79.409871,33.801569],[-79.399255,33.800628],[-79.384049,33.81157],[-79.382645,33.818577],[-79.352229,33.815135],[-79.340393,33.802796],[-79.324317,33.799123],[-79.314591,33.806982],[-79.321482,33.830639],[-79.336864,33.832552],[-79.338319,33.840521],[-79.353388,33.839537],[-79.368341,33.842931],[-79.374745,33.852699],[-79.396796,33.875165],[-79.401346,33.892806],[-79.412573,33.892345],[-79.428997,33.897811],[-79.432058,33.903969],[-79.452206,33.914835],[-79.452006,33.924646],[-79.47368,33.930026],[-79.491714,33.946522],[-79.48207,33.966195],[-79.496095,33.969257],[-79.51694,33.99398],[-79.508646,34.004989],[-79.513455,34.032852],[-79.512859,34.046055],[-79.521207,34.060301],[-79.526905,34.062877],[-79.529793,34.080005],[-79.529432,34.099845],[-79.514513,34.105475],[-79.524575,34.115581],[-79.520156,34.123844],[-79.532479,34.126311],[-79.5342,34.136798],[-79.541624,34.139168],[-79.543957,34.151698],[-79.55551,34.159509],[-79.568984,34.175087],[-79.571834,34.183689],[-79.559538,34.198456],[-79.550673,34.201361],[-79.545191,34.213148],[-79.54404,34.225186],[-79.54793,34.230913],[-79.5554352,34.2418741],[-79.562294,34.258984],[-79.571655,34.263641],[-79.580299,34.277382],[-79.601189,34.290817],[-79.6242535,34.3009833],[-79.6335026,34.2978552],[-79.657764,34.30519]]]},"properties":{"id":null,"osm_type":"relation","long_county":"Florence County","place":null,"Town":null,"border_type":null,"State":"South Carolina","County":"Florence","long_name":"south-carolina-florence-county","state_county":"south_carolina_florence","normalized":"Y"}},
{"type":"Feature","geometry":{"type":"Polygon","coordinates":[[[-78.9848189,33.5720426],[-79.10041,33.571663],[-79.102348,33.582611],[-79.097778,33.589359],[-79.096916,33.602081],[-79.1091,33.60001],[-79.121666,33.604763],[-79.122475,33.617058],[-79.130844,33.635845],[-79.123901,33.649376],[-79.154999,33.663982],[-79.153008,33.678505],[-79.157272,33.68494],[-79.190264,33.705787],[-79.230362,33.698818],[-79.234886,33.693886],[-79.25843,33.702431],[-79.264885,33.710258],[-79.284592,33.717831],[-79.295052,33.744366],[-79.29319,33.753887],[-79.30294,33.762672],[-79.309853,33.775051],[-79.317482,33.780167],[-79.338585,33.775017],[-79.347862,33.75423],[-79.372185,33.727287],[-79.392357,33.713017],[-79.40995,33.689156],[-79.41925,33.666088],[-79.419579,33.649715],[-79.431007,33.62986],[-79.442719,33.595451],[-79.435448,33.573063],[-79.459465,33.557011],[-79.4841,33.536411],[-79.497147,33.517021],[-79.534378,33.498852],[-79.545616,33.48671],[-79.591553,33.442242],[-79.596329,33.421371],[-79.601868,33.419167],[-79.612022,33.404728],[-79.626022,33.389885],[-79.634026,33.372234],[-79.654022,33.360638],[-79.658531,33.353867],[-79.676941,33.3377],[-79.681114,33.318184],[-79.672997,33.31081],[-79.677014,33.304944],[-79.667168,33.298454],[-79.63047,33.293015],[-79.616837,33.287392],[-79.606552,33.279076],[-79.572556,33.276382],[-79.550255,33.265182],[-79.546059,33.254662],[-79.535187,33.249062],[-79.516594,33.245636],[-79.492043,33.238037],[-79.481453,33.246544],[-79.464165,33.232658],[-79.452209,33.226582],[-79.456215,33.218445],[-79.446976,33.213768],[-79.438728,33.215019],[-79.427315,33.209404],[-79.413826,33.197842],[-79.407471,33.186829],[-79.393951,33.177536],[-79.385208,33.176048],[-79.373352,33.165867],[-79.3503648,33.1532178],[-79.3314766,33.1556017],[-79.319616,33.1473971],[-79.3012911,33.1452052],[-79.28232,33.1394375],[-79.2742122,33.1328066],[-79.2761281,33.1185647],[-79.2903446,33.1104626],[-79.2934374,33.1024959],[-79.2561052,33.0946386],[-79.2027171,33.1469986],[-79.1585174,33.1583181],[-79.1466899,33.2012656],[-79.1671348,33.2384026],[-79.1599121,33.2723519],[-79.1452136,33.3197191],[-79.1360641,33.3623651],[-79.1222196,33.3980613],[-79.094655,33.4462194],[-79.0735793,33.4756349],[-79.0457745,33.5009],[-79.0161929,33.5232384],[-78.9848189,33.5720426]]]},"properties":{"id":null,"osm_type":"relation","long_county":"Georgetown County","place":null,"Town":null,"border_type":null,"State":"South Carolina","County":"Georgetown","long_name":"south-carolina-georgetown-county","state_county":"south_carolina_georgetown","normalized":"Y"}},
{"type":"Feature","geometry":{"type":"Polygon","coordinates":[[[-79.0464883,33.5166271],[-79.0370293,33.524341],[-79.041139,33.5302259],[-79.0520161,33.528442],[-79.0527152,33.5208238],[-79.0655739,33.5241072],[-79.0858466,33.4962838],[-79.0715878,33.4963693],[-79.0464883,33.5166271]]]},"properties":{"id":"way/196215409","osm_type":"way","long_county":"Georgetown County","place":"park","Town":"Huntington Beach State Park","border_type":"town","State":"South Carolina","County":"Georgetown","long_name":"south-carolina-georgetown-county","state_county":null,"normalized":"Y"}},
{"type":"Feature","geometry":{"type":"Polygon","coordinates":[[[-81.870084,34.135357],[-81.8812753,34.1417169],[-81.8976689,34.1466184],[-81.898033,34.156212],[-81.908096,34.162041],[-81.904373,34.176613],[-81.915489,34.176979],[-81.920105,34.191944],[-81.935692,34.194546],[-81.945019,34.203148],[-81.9606899,34.2185389],[-81.9710789,34.2221539],[-81.9792399,34.2323539],[-81.9783749,34.2381059],[-81.9962649,34.2431019],[-82.0071759,34.2415169],[-82.0169169,34.2471429],[-82.0311289,34.2623559],[-82.0507519,34.268694],[-82.0535049,34.27642],[-82.0727469,34.288477],[-82.0836699,34.299237],[-82.1100809,34.30796],[-82.1200079,34.303815],[-82.1259449,34.316473],[-82.1340269,34.323791],[-82.155444,34.331717],[-82.169297,34.330743],[-82.173154,34.3508311],[-82.184948,34.3649941],[-82.20085,34.3769161],[-82.2091611,34.3757691],[-82.2202611,34.3844371],[-82.2277461,34.4020192],[-82.2446002,34.4034252],[-82.2464012,34.4097766],[-82.334267,34.34288],[-82.322823,34.324379],[-82.311073,34.320877],[-82.311348,34.304058],[-82.307564,34.277748],[-82.294121,34.271534],[-82.264786,34.245499],[-82.249985,34.223846],[-82.240013,34.191227],[-82.240677,34.163044],[-82.249123,34.135685],[-82.266991,34.108219],[-82.281227,34.096699],[-82.326947,34.06412],[-82.306243,33.971584],[-82.2910056,33.979968],[-82.243651,34.017886],[-82.220076,33.990411],[-82.1991843,33.9785084],[-82.174836,33.972433],[-82.167716,33.973052],[-82.151068,33.986517],[-82.108583,33.981848],[-82.104731,33.984428],[-82.080042,33.979517],[-82.04513,33.983396],[-82.046974,33.95321],[-82.008298,33.961646],[-82.006057,33.971247],[-81.999322,33.977054],[-81.988827,33.998403],[-81.983107,34.002024],[-81.953499,34.030163],[-81.945756,34.039784],[-81.930665,34.069833],[-81.918038,34.079262],[-81.913583,34.09234],[-81.900274,34.094978],[-81.895222,34.108655],[-81.887548,34.117921],[-81.870458,34.129939],[-81.870084,34.135357]]]},"properties":{"id":null,"osm_type":"relation","long_county":"Greenwood County","place":null,"Town":null,"border_type":null,"State":"South Carolina","County":"Greenwood","long_name":"south-carolina-greenwood-county","state_county":"south_carolina_greenwood","normalized":"Y"}},
{"type":"Feature","geometry":{"type":"Polygon","coordinates":[[[-78.9848189,33.5720426],[-78.867528,33.6809044],[-78.8169222,33.7222466],[-78.7854686,33.7441677],[-78.7274008,33.7796736],[-78.681705,33.799212],[-78.6329231,33.8161803],[-78.5941233,33.8279136],[-78.5684081,33.8378098],[-78.5421236,33.8523584],[-78.7399541,34.0203235],[-78.8368379,34.1022257],[-79.071211,34.299342],[-79.083557,34.294429],[-79.09398,34.280137],[-79.105537,34.275623],[-79.111407,34.265866],[-79.128165,34.253652],[-79.13261,34.24006],[-79.135079,34.217781],[-79.143769,34.206724],[-79.153939,34.207207],[-79.164306,34.197501],[-79.171441,34.181737],[-79.176931,34.184793],[-79.197072,34.168534],[-79.195942,34.161092],[-79.207807,34.145285],[-79.207869,34.129488],[-79.218934,34.12676],[-79.222807,34.113102],[-79.234557,34.100778],[-79.249767,34.090702],[-79.247922,34.080002],[-79.239913,34.078494],[-79.247574,34.057269],[-79.25815,34.054055],[-79.264401,34.044554],[-79.27414,34.044054],[-79.284268,34.035331],[-79.302341,34.032219],[-79.307267,34.006319],[-79.314443,34.000617],[-79.328495,34.000163],[-79.332458,33.994997],[-79.331298,33.978995],[-79.336241,33.974514],[-79.333884,33.954433],[-79.311435,33.942386],[-79.316956,33.936589],[-79.311063,33.929933],[-79.311979,33.917865],[-79.303573,33.913974],[-79.286374,33.895243],[-79.282625,33.90066],[-79.263758,33.892689],[-79.263852,33.886323],[-79.256228,33.871652],[-79.26069,33.85694],[-79.261946,33.839193],[-79.252373,33.831582],[-79.260283,33.814854],[-79.248094,33.784415],[-79.236616,33.773914],[-79.233415,33.761801],[-79.218226,33.7551],[-79.219582,33.750743],[-79.1959,33.727886],[-79.192369,33.721174],[-79.195113,33.711192],[-79.190264,33.705787],[-79.157272,33.68494],[-79.153008,33.678505],[-79.154999,33.663982],[-79.123901,33.649376],[-79.130844,33.635845],[-79.122475,33.617058],[-79.121666,33.604763],[-79.1091,33.60001],[-79.096916,33.602081],[-79.097778,33.589359],[-79.102348,33.582611],[-79.10041,33.571663],[-78.9848189,33.5720426]]]},"properties":{"id":null,"osm_type":"relation","long_county":"Horry County","place":null,"Town":null,"border_type":null,"State":"South Carolina","County":"Horry","long_name":"south-carolina-horry-county","state_county":"south_carolina_horry","normalized":"Y"}},
{"type":"Feature","geometry":{"type":"Polygon","coordinates":[[[-80.288596,34.366207],[-80.283965,34.377581],[-80.285753,34.394044],[-80.292207,34.393183],[-80.302282,34.401259],[-80.303162,34.411112],[-80.311586,34.423148],[-80.320765,34.426954],[-80.32594,34.436133],[-80.323674,34.446932],[-80.326791,34.460365],[-80.327619,34.497734],[-80.335108,34.510088],[-80.353502,34.520809],[-80.354725,34.530952],[-80.367324,34.545497],[-80.371986,34.546081],[-80.377939,34.561092],[-80.376151,34.571778],[-80.382738,34.579179],[-80.379742,34.585504],[-80.390452,34.599632],[-80.407516,34.609376],[-80.408373,34.614765],[-80.550552,34.560116],[-80.544577,34.549316],[-80.543528,34.537449],[-80.535973,34.533943],[-80.527565,34.521114],[-80.523945,34.509752],[-80.527434,34.503935],[-80.54405,34.507491],[-80.548906,34.493264],[-80.559502,34.49363],[-80.576146,34.489415],[-80.595766,34.502134],[-80.614278,34.488808],[-80.61363,34.499939],[-80.632213,34.491433],[-80.645378,34.491927],[-80.645245,34.483746],[-80.658417,34.478612],[-80.676062,34.493116],[-80.689079,34.515324],[-80.697525,34.514576],[-80.709185,34.505115],[-80.713329,34.487334],[-80.735282,34.481373],[-80.745597,34.491174],[-80.740167,34.50011],[-80.745617,34.512591],[-80.739745,34.523883],[-80.737674,34.539497],[-80.743345,34.539916],[-80.845375,34.477912],[-80.879227,34.457776],[-80.867752,34.444988],[-80.833267,34.414959],[-80.825478,34.41177],[-80.810989,34.414928],[-80.793724,34.413536],[-80.783165,34.4067],[-80.783768,34.388985],[-80.769882,34.377144],[-80.825921,34.26876],[-80.869865,34.182354],[-80.846016,34.170963],[-80.790611,34.124977],[-80.717575,34.067554],[-80.704773,34.081161],[-80.6933849,34.0801058],[-80.662605,34.086044],[-80.635925,34.097782],[-80.616186,34.099605],[-80.604279,34.101768],[-80.580437,34.099865],[-80.479857,34.168696],[-80.4647392,34.1784473],[-80.4508098,34.1994592],[-80.4305007,34.2265026],[-80.4334765,34.2385724],[-80.4292298,34.2571362],[-80.4308538,34.2765142],[-80.4374326,34.2844629],[-80.4203258,34.2930229],[-80.4006995,34.2951684],[-80.3804629,34.3049529],[-80.3528417,34.3032003],[-80.3539406,34.3124354],[-80.3655345,34.3283427],[-80.363561,34.3393628],[-80.3250232,34.3391943],[-80.3261213,34.3442889],[-80.2887516,34.3641675],[-80.288596,34.366207]]]},"properties":{"id":null,"osm_type":"relation","long_county":"Kershaw County","place":null,"Town":null,"border_type":null,"State":"South Carolina","County":"Kershaw","long_name":"south-carolina-kershaw-county","state_county":"south_carolina_kershaw","normalized":"Y"}},
{"type":"Feature","geometry":{"type":"Polygon","coordinates":[[[-80.877491,34.543146],[-80.876174,34.524995],[-80.88172,34.500117],[-80.897195,34.491675],[-80.888246,34.467874],[-80.879227,34.457776],[-80.845375,34.477912],[-80.743345,34.539916],[-80.737674,34.539497],[-80.739745,34.523883],[-80.745617,34.512591],[-80.740167,34.50011],[-80.745597,34.491174],[-80.735282,34.481373],[-80.713329,34.487334],[-80.709185,34.505115],[-80.697525,34.514576],[-80.689079,34.515324],[-80.676062,34.493116],[-80.658417,34.478612],[-80.645245,34.483746],[-80.645378,34.491927],[-80.632213,34.491433],[-80.61363,34.499939],[-80.614278,34.488808],[-80.595766,34.502134],[-80.576146,34.489415],[-80.559502,34.49363],[-80.548906,34.493264],[-80.54405,34.507491],[-80.527434,34.503935],[-80.523945,34.509752],[-80.527565,34.521114],[-80.535973,34.533943],[-80.543528,34.537449],[-80.544577,34.549316],[-80.550552,34.560116],[-80.408373,34.614765],[-80.419117,34.620857],[-80.414076,34.628],[-80.435429,34.643489],[-80.431671,34.659902],[-80.460782,34.676984],[-80.468832,34.685253],[-80.475181,34.699244],[-80.482743,34.704906],[-80.489526,34.721427],[-80.498059,34.730227],[-80.516434,34.767981],[-80.544419,34.783923],[-80.55841,34.801377],[-80.56171,34.817429],[-80.7974606,34.8198035],[-80.781921,34.9358481],[-80.8228389,34.9810329],[-80.8852897,35.0539566],[-80.9062437,35.0761262],[-80.9057195,35.0637151],[-80.8995723,35.060591],[-80.9059097,35.0467749],[-80.897651,35.032425],[-80.9094186,35.0165998],[-80.8932811,34.9981562],[-80.8823777,34.9707376],[-80.872666,34.9618521],[-80.8687601,34.9513388],[-80.8704728,34.9353398],[-80.865242,34.922356],[-80.868057,34.912369],[-80.878166,34.903751],[-80.87989,34.875141],[-80.878792,34.862427],[-80.868721,34.855602],[-80.866493,34.848335],[-80.875465,34.837444],[-80.894977,34.8298426],[-80.898215,34.820746],[-80.884378,34.795744],[-80.876121,34.788047],[-80.874301,34.763422],[-80.878278,34.759078],[-80.874471,34.731543],[-80.86872,34.723178],[-80.865999,34.706169],[-80.860274,34.695847],[-80.876879,34.682908],[-80.888469,34.668603],[-80.88741,34.652599],[-80.894896,34.641698],[-80.896406,34.631781],[-80.889206,34.618193],[-80.891397,34.596787],[-80.878171,34.581118],[-80.878611,34.571109],[-80.873102,34.556858],[-80.877491,34.543146]]]},"properties":{"id":null,"osm_type":"relation","long_county":"Lancaster County","place":null,"Town":null,"border_type":null,"State":"South Carolina","County":"Lancaster","long_name":"south-carolina-lancaster-county","state_county":"south_carolina_lancaster","normalized":"Y"}},
{"type":"Feature","geometry":{"type":"Polygon","coordinates":[[[-80.2887516,34.3641675],[-80.3261213,34.3442889],[-80.3250232,34.3391943],[-80.363561,34.3393628],[-80.3655345,34.3283427],[-80.3539406,34.3124354],[-80.3528417,34.3032003],[-80.3804629,34.3049529],[-80.4006995,34.2951684],[-80.4203258,34.2930229],[-80.4374326,34.2844629],[-80.4308538,34.2765142],[-80.4292298,34.2571362],[-80.4334765,34.2385724],[-80.4305007,34.2265026],[-80.4508098,34.1994592],[-80.4647392,34.1784473],[-80.479857,34.168696],[-80.481318,34.112622],[-80.405526,34.081369],[-80.39564,34.08949],[-80.378741,34.080701],[-80.321721,34.080356],[-80.303245,34.063222],[-80.294931,34.039437],[-80.26906,34.0351],[-80.257722,34.01854],[-80.259267,34.011966],[-80.253308,33.995065],[-80.243067,33.991608],[-80.188324,34.004836],[-80.187984,33.98894],[-80.182403,33.974462],[-80.180371,33.952002],[-80.164684,33.957305],[-80.082791,34.000158],[-80.070364,34.00792],[-80.02676,34.008543],[-80.000594,34.047877],[-80.006893,34.05817],[-80.031929,34.076801],[-80.0583,34.081203],[-80.069878,34.086191],[-80.075946,34.085922],[-80.094947,34.099937],[-80.107179,34.115166],[-80.121944,34.119786],[-80.149082,34.146891],[-80.158582,34.161623],[-80.112727,34.197018],[-80.111733,34.228613],[-80.124789,34.251092],[-80.123159,34.25346],[-80.135835,34.272491],[-80.135413,34.284552],[-80.147165,34.290237],[-80.164741,34.306277],[-80.175036,34.326271],[-80.177225,34.366203],[-80.1913,34.366691],[-80.206302,34.339055],[-80.243309,34.324455],[-80.252482,34.340623],[-80.25864,34.341244],[-80.279235,34.351743],[-80.2887516,34.3641675]]]},"properties":{"id":null,"osm_type":"relation","long_county":"Lee County","place":null,"Town":null,"border_type":null,"State":"South Carolina","County":"Lee","long_name":"south-carolina-lee-county","state_county":"south_carolina_lee","normalized":"Y"}},
{"type":"Feature","geometry":{"type":"Polygon","coordinates":[[[-81.4718307,34.0765766],[-81.5713086,33.8774683],[-81.560733,33.862645],[-81.546946,33.858683],[-81.53359,33.832154],[-81.520286,33.823992],[-81.518208,33.817773],[-81.502281,33.808041],[-81.459477,33.795348],[-81.431735,33.769141],[-81.431624,33.757589],[-81.423913,33.741399],[-81.415308,33.732161],[-81.403937,33.732252],[-81.39347,33.726937],[-81.374063,33.725308],[-81.366814,33.728467],[-81.357678,33.722868],[-81.345406,33.721019],[-81.32283,33.711292],[-81.310712,33.708268],[-81.298327,33.698299],[-81.286113,33.692969],[-81.277226,33.696107],[-81.257934,33.68523],[-81.222528,33.668451],[-81.207395,33.658876],[-81.187271,33.652937],[-81.1091722,33.6834869],[-81.0846686,33.6959583],[-81.042854,33.707131],[-81.0184628,33.7207807],[-80.9992281,33.7270271],[-80.9918952,33.7322251],[-80.9795973,33.730568],[-80.94957,33.745564],[-80.925262,33.755554],[-80.940712,33.769207],[-80.960594,33.778763],[-81.014183,33.781044],[-81.032959,33.76421],[-81.036263,33.74511],[-81.05835,33.746922],[-81.059471,33.771019],[-81.047882,33.788757],[-81.038521,33.844234],[-81.041847,33.859234],[-81.037979,33.870602],[-81.01233,33.88008],[-81.020249,33.883878],[-81.011814,33.907065],[-81.026035,33.910358],[-81.017014,33.930855],[-81.038507,33.968074],[-81.043092,33.973186],[-81.048109,33.991304],[-81.055674,34.001784],[-81.067615,34.008953],[-81.089511,34.013374],[-81.103754,34.023461],[-81.117845,34.047213],[-81.139019,34.068141],[-81.159879,34.081524],[-81.19428,34.09523],[-81.233433,34.101768],[-81.253754,34.102153],[-81.275845,34.097381],[-81.315037,34.146141],[-81.311638,34.154465],[-81.302266,34.162395],[-81.314224,34.186246],[-81.329405,34.190416],[-81.338961,34.197587],[-81.352349,34.196689],[-81.374766,34.179009],[-81.387139,34.176752],[-81.403672,34.177876],[-81.437172,34.129963],[-81.432203,34.121254],[-81.420912,34.115493],[-81.416616,34.107376],[-81.388564,34.080227],[-81.394124,34.071488],[-81.414734,34.07419],[-81.424727,34.08317],[-81.444674,34.077884],[-81.467665,34.086036],[-81.4718307,34.0765766]]]},"properties":{"id":null,"osm_type":"relation","long_county":"Lexington County","place":null,"Town":null,"border_type":null,"State":"South Carolina","County":"Lexington","long_name":"south-carolina-lexington-county","state_county":"south_carolina_lexington","normalized":"Y"}},
{"type":"Feature","geometry":{"type":"Polygon","coordinates":[[[-79.324317,33.799123],[-79.317482,33.780167],[-79.309853,33.775051],[-79.30294,33.762672],[-79.29319,33.753887],[-79.295052,33.744366],[-79.284592,33.717831],[-79.264885,33.710258],[-79.25843,33.702431],[-79.234886,33.693886],[-79.230362,33.698818],[-79.190264,33.705787],[-79.195113,33.711192],[-79.192369,33.721174],[-79.1959,33.727886],[-79.219582,33.750743],[-79.218226,33.7551],[-79.233415,33.761801],[-79.236616,33.773914],[-79.248094,33.784415],[-79.260283,33.814854],[-79.252373,33.831582],[-79.261946,33.839193],[-79.26069,33.85694],[-79.256228,33.871652],[-79.263852,33.886323],[-79.263758,33.892689],[-79.282625,33.90066],[-79.286374,33.895243],[-79.303573,33.913974],[-79.311979,33.917865],[-79.311063,33.929933],[-79.316956,33.936589],[-79.311435,33.942386],[-79.333884,33.954433],[-79.336241,33.974514],[-79.331298,33.978995],[-79.332458,33.994997],[-79.328495,34.000163],[-79.314443,34.000617],[-79.307267,34.006319],[-79.302341,34.032219],[-79.284268,34.035331],[-79.27414,34.044054],[-79.264401,34.044554],[-79.25815,34.054055],[-79.247574,34.057269],[-79.239913,34.078494],[-79.247922,34.080002],[-79.249767,34.090702],[-79.234557,34.100778],[-79.222807,34.113102],[-79.218934,34.12676],[-79.207869,34.129488],[-79.207807,34.145285],[-79.195942,34.161092],[-79.197072,34.168534],[-79.176931,34.184793],[-79.171441,34.181737],[-79.164306,34.197501],[-79.153939,34.207207],[-79.143769,34.206724],[-79.135079,34.217781],[-79.13261,34.24006],[-79.128165,34.253652],[-79.173475,34.287534],[-79.21432,34.255539],[-79.219394,34.258789],[-79.239802,34.254339],[-79.259536,34.259031],[-79.271857,34.269754],[-79.294397,34.276994],[-79.305384,34.269307],[-79.364655,34.29584],[-79.380264,34.300572],[-79.41104,34.300172],[-79.428105,34.294565],[-79.480712,34.288081],[-79.478494,34.278653],[-79.496288,34.274819],[-79.503153,34.265243],[-79.524424,34.251585],[-79.554923,34.247197],[-79.54793,34.230913],[-79.54404,34.225186],[-79.545191,34.213148],[-79.550673,34.201361],[-79.559538,34.198456],[-79.571834,34.183689],[-79.568984,34.175087],[-79.55551,34.159509],[-79.543957,34.151698],[-79.541624,34.139168],[-79.5342,34.136798],[-79.532479,34.126311],[-79.520156,34.123844],[-79.524575,34.115581],[-79.514513,34.105475],[-79.529432,34.099845],[-79.529793,34.080005],[-79.526905,34.062877],[-79.521207,34.060301],[-79.512859,34.046055],[-79.513455,34.032852],[-79.508646,34.004989],[-79.51694,33.99398],[-79.496095,33.969257],[-79.48207,33.966195],[-79.491714,33.946522],[-79.47368,33.930026],[-79.452006,33.924646],[-79.452206,33.914835],[-79.432058,33.903969],[-79.428997,33.897811],[-79.412573,33.892345],[-79.401346,33.892806],[-79.396796,33.875165],[-79.374745,33.852699],[-79.368341,33.842931],[-79.353388,33.839537],[-79.338319,33.840521],[-79.336864,33.832552],[-79.321482,33.830639],[-79.314591,33.806982],[-79.324317,33.799123]]]},"properties":{"id":null,"osm_type":"relation","long_county":"Marion County","place":null,"Town":null,"border_type":null,"State":"South Carolina","County":"Marion","long_name":"south-carolina-marion-county","state_county":"south_carolina_marion","normalized":"Y"}},
{"type":"Feature","geometry":{"type":"Polygon","coordinates":[[[-79.449975,34.6210377],[-79.6764943,34.805065],[-79.9274115,34.8067341],[-79.934593,34.79771],[-79.927727,34.768127],[-79.894501,34.743744],[-79.886353,34.726864],[-79.87812,34.715881],[-79.872292,34.694023],[-79.853615,34.672039],[-79.840797,34.66964],[-79.829811,34.656815],[-79.81749,34.658958],[-79.809227,34.651154],[-79.795868,34.647839],[-79.802132,34.640179],[-79.789429,34.630962],[-79.791206,34.624168],[-79.777977,34.613129],[-79.783089,34.607731],[-79.80542,34.60796],[-79.809471,34.598915],[-79.81031,34.580753],[-79.818253,34.572201],[-79.829981,34.531925],[-79.829246,34.520277],[-79.833489,34.513434],[-79.826788,34.503023],[-79.814885,34.497192],[-79.809472,34.486079],[-79.796426,34.491619],[-79.790503,34.485296],[-79.782927,34.497769],[-79.770102,34.496266],[-79.770471,34.508475],[-79.764004,34.518314],[-79.753698,34.514572],[-79.754578,34.505569],[-79.742717,34.498233],[-79.72658,34.495523],[-79.721689,34.487447],[-79.732785,34.475301],[-79.730411,34.469175],[-79.749274,34.467963],[-79.752791,34.457485],[-79.750566,34.436797],[-79.727555,34.416967],[-79.717038,34.403442],[-79.704842,34.399071],[-79.701493,34.405343],[-79.685227,34.400669],[-79.689442,34.381765],[-79.6737,34.374394],[-79.675494,34.367295],[-79.686596,34.354136],[-79.676394,34.336283],[-79.661572,34.323731],[-79.661869,34.310645],[-79.657764,34.30519],[-79.6335026,34.2978552],[-79.5156744,34.5059605],[-79.449975,34.6210377]]]},"properties":{"id":null,"osm_type":"relation","long_county":"Marlboro County","place":null,"Town":null,"border_type":null,"State":"South Carolina","County":"Marlboro","long_name":"south-carolina-marlboro-county","state_county":"south_carolina_marlboro","normalized":"Y"}},
{"type":"Feature","geometry":{"type":"Polygon","coordinates":[[[-82.115311,33.596647],[-82.095527,33.633869],[-82.108422,33.647863],[-82.110474,33.655299],[-82.122462,33.655161],[-82.131199,33.660642],[-82.134481,33.673905],[-82.148447,33.676772],[-82.143924,33.684744],[-82.153529,33.69069],[-82.166027,33.690316],[-82.182888,33.723732],[-82.181994,33.730465],[-82.170661,33.734759],[-82.164495,33.744349],[-82.172807,33.765194],[-82.163423,33.772649],[-82.156752,33.787875],[-82.1427,33.79584],[-82.141376,33.805616],[-82.134059,33.810747],[-82.12351,33.827781],[-82.113728,33.82988],[-82.124842,33.842281],[-82.154551,33.881673],[-82.158648,33.898193],[-82.148275,33.902811],[-82.1557,33.92929],[-82.046974,33.95321],[-82.04513,33.983396],[-82.080042,33.979517],[-82.104731,33.984428],[-82.108583,33.981848],[-82.151068,33.986517],[-82.167716,33.973052],[-82.174836,33.972433],[-82.1991843,33.9785084],[-82.220076,33.990411],[-82.243651,34.017886],[-82.2910056,33.979968],[-82.306243,33.971584],[-82.326947,34.06412],[-82.3771436,34.0572186],[-82.452707,34.060344],[-82.46415,34.069717],[-82.483823,34.081204],[-82.49956,34.072098],[-82.517715,34.070045],[-82.530567,34.071925],[-82.594631,34.013796],[-82.5890841,34.0007495],[-82.5764175,33.9930958],[-82.5799654,33.9804258],[-82.5693976,33.9702026],[-82.5655733,33.9575809],[-82.556835,33.945353],[-82.5437323,33.941001],[-82.525064,33.9434655],[-82.5125903,33.93669],[-82.4922006,33.9092339],[-82.4802171,33.9019708],[-82.4553157,33.881802],[-82.4222553,33.8637549],[-82.4080413,33.8661959],[-82.3794622,33.8508889],[-82.3701742,33.8428754],[-82.3485737,33.8351446],[-82.326979,33.8216497],[-82.3130564,33.8077988],[-82.29928,33.798939],[-82.299601,33.786483],[-82.285804,33.780058],[-82.2781973,33.7724857],[-82.2489223,33.7541269],[-82.2402558,33.7346049],[-82.2344955,33.7000477],[-82.2171955,33.6848034],[-82.2079543,33.669459],[-82.2001617,33.6632678],[-82.201114,33.6462808],[-82.1968943,33.6311857],[-82.1797151,33.6157313],[-82.1594141,33.610059],[-82.1487375,33.5979385],[-82.1328996,33.5903108],[-82.115311,33.596647]]]},"properties":{"id":null,"osm_type":"relation","long_county":"McCormick County","place":null,"Town":null,"border_type":null,"State":"South Carolina","County":"McCormick","long_name":"south-carolina-mccormick-county","state_county":"south_carolina_mccormick","normalized":"Y"}},
{"type":"Feature","geometry":{"type":"Polygon","coordinates":[[[-81.4718307,34.0765766],[-81.467665,34.086036],[-81.444674,34.077884],[-81.424727,34.08317],[-81.414734,34.07419],[-81.394124,34.071488],[-81.388564,34.080227],[-81.416616,34.107376],[-81.420912,34.115493],[-81.432203,34.121254],[-81.437172,34.129963],[-81.403672,34.177876],[-81.387139,34.176752],[-81.374766,34.179009],[-81.352349,34.196689],[-81.338961,34.197587],[-81.345314,34.20509],[-81.328751,34.227409],[-81.316911,34.239458],[-81.329994,34.259216],[-81.3417077,34.2666684],[-81.3449572,34.2779955],[-81.3395846,34.2897561],[-81.3413353,34.2959664],[-81.3548541,34.3043082],[-81.371513,34.339516],[-81.371304,34.350461],[-81.382774,34.366741],[-81.3864042,34.379601],[-81.3956168,34.3879638],[-81.3974681,34.4003264],[-81.4058736,34.4146118],[-81.4150823,34.4438761],[-81.421661,34.453838],[-81.412319,34.4699105],[-81.422371,34.482002],[-81.423553,34.494263],[-81.4432779,34.4956062],[-81.4577281,34.4868545],[-81.4688556,34.4941005],[-81.4846552,34.489992],[-81.5077809,34.4722976],[-81.5404301,34.4450228],[-81.5511849,34.452481],[-81.5566535,34.4628869],[-81.5534442,34.4772637],[-81.5785841,34.4943334],[-81.5881027,34.4967102],[-81.60375,34.5132786],[-81.6131354,34.513676],[-81.617737,34.5252593],[-81.6406816,34.5282421],[-81.643552,34.533652],[-81.65288,34.51502],[-81.66475,34.505335],[-81.702221,34.456012],[-81.714482,34.449342],[-81.722491,34.449661],[-81.734455,34.437736],[-81.745442,34.422299],[-81.746212,34.414166],[-81.754377,34.407925],[-81.757867,34.39856],[-81.774607,34.383946],[-81.782472,34.365215],[-81.812399,34.347771],[-81.836668,34.34294],[-81.849816,34.332984],[-81.848467,34.323528],[-81.861965,34.315407],[-81.883352,34.31097],[-81.895713,34.29988],[-81.90353,34.27325],[-81.90296,34.264535],[-81.911428,34.246181],[-81.923777,34.230895],[-81.926727,34.219721],[-81.934721,34.215388],[-81.945019,34.203148],[-81.935692,34.194546],[-81.920105,34.191944],[-81.915489,34.176979],[-81.904373,34.176613],[-81.908096,34.162041],[-81.898033,34.156212],[-81.8976689,34.1466184],[-81.8812753,34.1417169],[-81.870084,34.135357],[-81.8669415,34.1417879],[-81.8792153,34.1574858],[-81.8759538,34.1683519],[-81.853552,34.1801397],[-81.8392182,34.1719736],[-81.8105697,34.1753846],[-81.7948359,34.1696239],[-81.7700415,34.1746405],[-81.7627858,34.173978],[-81.743722,34.1793163],[-81.7325874,34.1876637],[-81.7171845,34.1759028],[-81.6926074,34.1735068],[-81.6767529,34.1632233],[-81.674141,34.1571158],[-81.647712,34.1460566],[-81.6373435,34.1463128],[-81.6213967,34.1254279],[-81.6077655,34.1234534],[-81.6023502,34.1148885],[-81.5933449,34.1183552],[-81.5710655,34.0995437],[-81.5640233,34.0996301],[-81.5465353,34.0924318],[-81.5376411,34.0813943],[-81.5124934,34.0814872],[-81.5029674,34.0739244],[-81.4767771,34.0803816],[-81.4718307,34.0765766]]]},"properties":{"id":null,"osm_type":"relation","long_county":"Newberry County","place":null,"Town":null,"border_type":null,"State":"South Carolina","County":"Newberry","long_name":"south-carolina-newberry-county","state_county":"south_carolina_newberry","normalized":"Y"}},
{"type":"Feature","geometry":{"type":"Polygon","coordinates":[[[-81.338961,34.197587],[-81.328583,34.189236],[-81.311356,34.185646],[-81.299614,34.163864],[-81.31179,34.154743],[-81.312286,34.141106],[-81.277733,34.100742],[-81.258324,34.10215],[-81.228363,34.101761],[-81.205055,34.098167],[-81.182297,34.091389],[-81.14843,34.075073],[-81.128441,34.058739],[-81.109001,34.03421],[-81.104553,34.023762],[-81.091797,34.014225],[-81.073509,34.006512],[-81.0589118,34.0040789],[-81.048109,33.991304],[-81.043092,33.973186],[-81.0388974,33.9688156],[-81.016975,33.930622],[-81.019188,33.921074],[-81.030251,33.915165],[-81.008667,33.904255],[-81.01918,33.895161],[-81.021942,33.887886],[-81.01233,33.88008],[-80.996574,33.873808],[-80.999784,33.860602],[-80.986217,33.857464],[-80.985706,33.84873],[-80.965945,33.847848],[-80.950825,33.840895],[-80.940584,33.828482],[-80.91598,33.824915],[-80.915558,33.811419],[-80.898535,33.808767],[-80.879813,33.81562],[-80.867322,33.809673],[-80.865759,33.802719],[-80.837472,33.793906],[-80.833464,33.785508],[-80.82257,33.784567],[-80.807591,33.774211],[-80.793354,33.769525],[-80.77177,33.7719],[-80.756185,33.764819],[-80.747975,33.775808],[-80.728004,33.761819],[-80.713722,33.770256],[-80.705386,33.759795],[-80.686592,33.755993],[-80.659051,33.772986],[-80.656399,33.761398],[-80.632785,33.743667],[-80.620107,33.743237],[-80.609,33.754099],[-80.608683,33.760927],[-80.597715,33.777512],[-80.600941,33.799862],[-80.615676,33.814514],[-80.616073,33.834332],[-80.632803,33.850313],[-80.615534,33.890741],[-80.625935,33.899645],[-80.624507,33.905497],[-80.634093,33.917333],[-80.632513,33.923607],[-80.620707,33.935926],[-80.628261,33.948781],[-80.61576,33.965472],[-80.631346,33.969636],[-80.630442,33.975766],[-80.640803,33.982767],[-80.640986,33.999433],[-80.627187,34.003009],[-80.628049,34.011887],[-80.618663,34.016678],[-80.601039,34.039552],[-80.612117,34.049239],[-80.614511,34.059178],[-80.629446,34.066653],[-80.626604,34.077438],[-80.636526,34.082982],[-80.632427,34.089368],[-80.618564,34.091974],[-80.616186,34.099605],[-80.635925,34.097782],[-80.662605,34.086044],[-80.6933849,34.0801058],[-80.704773,34.081161],[-80.717575,34.067554],[-80.790611,34.124977],[-80.846016,34.170963],[-80.869865,34.182354],[-80.825921,34.26876],[-80.961986,34.25201],[-81.039224,34.232537],[-81.042685,34.236661],[-81.057976,34.233331],[-81.061081,34.227981],[-81.084034,34.224522],[-81.095863,34.213872],[-81.181196,34.220285],[-81.169874,34.203248],[-81.168562,34.194858],[-81.179508,34.186644],[-81.178293,34.174552],[-81.208411,34.194325],[-81.218735,34.196796],[-81.226412,34.205687],[-81.251273,34.202946],[-81.259293,34.208939],[-81.27824,34.229632],[-81.296605,34.237391],[-81.316911,34.239458],[-81.328751,34.227409],[-81.345314,34.20509],[-81.338961,34.197587]]]},"properties":{"id":null,"osm_type":"relation","long_county":"Richland County","place":null,"Town":null,"border_type":null,"State":"South Carolina","County":"Richland","long_name":"south-carolina-richland-county","state_county":"south_carolina_richland","normalized":"Y"}},
{"type":"Feature","geometry":{"type":"Polygon","coordinates":[[[-81.4718307,34.0765766],[-81.4767771,34.0803816],[-81.5029674,34.0739244],[-81.5124934,34.0814872],[-81.5376411,34.0813943],[-81.5465353,34.0924318],[-81.5640233,34.0996301],[-81.5710655,34.0995437],[-81.5933449,34.1183552],[-81.6023502,34.1148885],[-81.6077655,34.1234534],[-81.6213967,34.1254279],[-81.6373435,34.1463128],[-81.647712,34.1460566],[-81.674141,34.1571158],[-81.6767529,34.1632233],[-81.6926074,34.1735068],[-81.7171845,34.1759028],[-81.7325874,34.1876637],[-81.743722,34.1793163],[-81.7627858,34.173978],[-81.7700415,34.1746405],[-81.7948359,34.1696239],[-81.8105697,34.1753846],[-81.8392182,34.1719736],[-81.853552,34.1801397],[-81.8759538,34.1683519],[-81.8792153,34.1574858],[-81.8669415,34.1417879],[-81.870084,34.135357],[-81.870458,34.129939],[-81.887548,34.117921],[-81.895222,34.108655],[-81.900274,34.094978],[-81.913583,34.09234],[-81.918038,34.079262],[-81.930665,34.069833],[-81.945756,34.039784],[-81.953499,34.030163],[-81.983107,34.002024],[-81.988827,33.998403],[-81.999322,33.977054],[-82.006057,33.971247],[-82.008298,33.961646],[-81.998825,33.964474],[-81.932033,33.9769142],[-81.894836,33.975323],[-81.8694415,33.8916003],[-81.8630635,33.8845625],[-81.8338187,33.865085],[-81.8241855,33.8666871],[-81.7765167,33.8460398],[-81.6996946,33.8268817],[-81.6520927,33.8142387],[-81.5713086,33.8774683],[-81.4718307,34.0765766]]]},"properties":{"id":null,"osm_type":"relation","long_county":"Saluda County","place":null,"Town":null,"border_type":null,"State":"South Carolina","County":"Saluda","long_name":"south-carolina-saluda-county","state_county":"south_carolina_saluda","normalized":"Y"}},
{"type":"Feature","geometry":{"type":"Polygon","coordinates":[[[-80.479857,34.168696],[-80.580437,34.099865],[-80.604279,34.101768],[-80.616186,34.099605],[-80.618564,34.091974],[-80.632427,34.089368],[-80.636526,34.082982],[-80.626604,34.077438],[-80.629446,34.066653],[-80.614511,34.059178],[-80.612117,34.049239],[-80.601039,34.039552],[-80.618663,34.016678],[-80.628049,34.011887],[-80.627187,34.003009],[-80.640986,33.999433],[-80.640803,33.982767],[-80.630442,33.975766],[-80.631346,33.969636],[-80.61576,33.965472],[-80.628261,33.948781],[-80.620707,33.935926],[-80.632513,33.923607],[-80.634093,33.917333],[-80.624507,33.905497],[-80.625935,33.899645],[-80.615534,33.890741],[-80.632803,33.850313],[-80.616073,33.834332],[-80.615676,33.814514],[-80.600941,33.799862],[-80.597715,33.777512],[-80.608683,33.760927],[-80.609,33.754099],[-80.620107,33.743237],[-80.6281366,33.7405354],[-80.627144,33.730423],[-80.6166496,33.7203386],[-80.6168628,33.7135059],[-80.6025288,33.7032815],[-80.5903513,33.6849016],[-80.5774708,33.679315],[-80.5655402,33.6798521],[-80.5603181,33.6741367],[-80.5656795,33.6641195],[-80.5556555,33.6621838],[-80.5510095,33.6519693],[-80.5338293,33.6437758],[-80.509972,33.662685],[-80.498314,33.674004],[-80.490448,33.695343],[-80.478737,33.71439],[-80.454453,33.713371],[-80.449867,33.73745],[-80.431091,33.738266],[-80.426224,33.724148],[-80.433426,33.720997],[-80.434593,33.71191],[-80.392059,33.715332],[-80.397331,33.747192],[-80.397171,33.767651],[-80.271057,33.786476],[-80.255974,33.804115],[-80.1356156,33.8687332],[-80.122055,33.869556],[-80.04184,33.915295],[-79.974601,33.946527],[-79.893517,33.988017],[-79.902421,33.993102],[-79.903741,34.000893],[-79.931406,34.01526],[-79.962764,34.022861],[-80.000594,34.047877],[-80.02676,34.008543],[-80.070364,34.00792],[-80.082791,34.000158],[-80.164684,33.957305],[-80.180371,33.952002],[-80.182403,33.974462],[-80.187984,33.98894],[-80.188324,34.004836],[-80.243067,33.991608],[-80.253308,33.995065],[-80.259267,34.011966],[-80.257722,34.01854],[-80.26906,34.0351],[-80.294931,34.039437],[-80.303245,34.063222],[-80.321721,34.080356],[-80.378741,34.080701],[-80.39564,34.08949],[-80.405526,34.081369],[-80.481318,34.112622],[-80.479857,34.168696]]]},"properties":{"id":null,"osm_type":"relation","long_county":"Sumter County","place":null,"Town":null,"border_type":null,"State":"South Carolina","County":"Sumter","long_name":"south-carolina-sumter-county","state_county":"south_carolina_sumter","normalized":"Y"}},
{"type":"Feature","geometry":{"type":"Polygon","coordinates":[[[-81.4572762,34.8393263],[-81.4848807,34.8615548],[-81.5148188,34.8773853],[-81.522218,34.8773786],[-81.5302026,34.8682263],[-81.5567746,34.8734265],[-81.5868641,34.8874594],[-81.5984375,34.8848655],[-81.6062779,34.8780235],[-81.6238142,34.8738734],[-81.64019,34.8816008],[-81.6465692,34.9000579],[-81.6617218,34.898663],[-81.6868755,34.9125248],[-81.6928276,34.9068677],[-81.7034191,34.9068371],[-81.714094,34.912865],[-81.7430612,34.8820711],[-81.7591032,34.8685161],[-81.7827901,34.8372081],[-81.7974851,34.7852051],[-81.8066741,34.7417571],[-81.819588,34.6889882],[-81.827076,34.6655703],[-81.838227,34.6461553],[-81.8518638,34.5947724],[-81.8181519,34.5881858],[-81.8135657,34.5801539],[-81.8004134,34.5748934],[-81.7692911,34.5708865],[-81.7605988,34.5661665],[-81.7495911,34.5683628],[-81.7143392,34.5537191],[-81.7010186,34.5593745],[-81.6907257,34.5527092],[-81.6791929,34.5535034],[-81.660336,34.5486013],[-81.6483677,34.5328285],[-81.643552,34.533652],[-81.6406816,34.5282421],[-81.617737,34.5252593],[-81.6131354,34.513676],[-81.60375,34.5132786],[-81.5881027,34.4967102],[-81.5785841,34.4943334],[-81.5534442,34.4772637],[-81.5566535,34.4628869],[-81.5511849,34.452481],[-81.5404301,34.4450228],[-81.5077809,34.4722976],[-81.4846552,34.489992],[-81.4688556,34.4941005],[-81.4577281,34.4868545],[-81.4432779,34.4956062],[-81.423553,34.494263],[-81.4208537,34.502043],[-81.4274261,34.5301765],[-81.425552,34.552406],[-81.420021,34.562874],[-81.4229386,34.5717537],[-81.4267246,34.5804106],[-81.4177124,34.6065755],[-81.416504,34.635563],[-81.429985,34.648685],[-81.4438585,34.6562697],[-81.455134,34.6766394],[-81.45443,34.721264],[-81.461731,34.726688],[-81.478493,34.723438],[-81.4884775,34.7329896],[-81.485313,34.741577],[-81.4526153,34.7625395],[-81.455971,34.792107],[-81.4684723,34.8015248],[-81.4706936,34.8115199],[-81.481255,34.808353],[-81.4867116,34.8171017],[-81.478539,34.821533],[-81.4625702,34.8304724],[-81.4572762,34.8393263]]]},"properties":{"id":null,"osm_type":"relation","long_county":"Union County","place":null,"Town":null,"border_type":null,"State":"South Carolina","County":"Union","long_name":"south-carolina-union-county","state_county":"south_carolina_union","normalized":"Y"}},
{"type":"Feature","geometry":{"type":"Polygon","coordinates":[[[-79.317482,33.780167],[-79.324317,33.799123],[-79.340393,33.802796],[-79.352229,33.815135],[-79.382645,33.818577],[-79.384049,33.81157],[-79.399255,33.800628],[-79.409871,33.801569],[-79.433273,33.792892],[-79.441533,33.784387],[-79.458827,33.781068],[-79.472813,33.783891],[-79.496486,33.775357],[-79.63488,33.808359],[-79.635808,33.818038],[-79.653399,33.814071],[-79.677327,33.814694],[-79.687507,33.804891],[-79.700486,33.81419],[-79.724936,33.814552],[-79.73946,33.827832],[-79.743388,33.835056],[-79.79837,33.835562],[-79.834881,33.882601],[-79.847156,33.884487],[-79.854891,33.891738],[-79.866427,33.884322],[-79.87562,33.885245],[-79.915337,33.818699],[-79.934799,33.810238],[-79.94474,33.810329],[-79.985542,33.775227],[-79.996132,33.768044],[-79.97464,33.721931],[-79.990868,33.705246],[-80.045135,33.600651],[-80.101697,33.496891],[-80.091534,33.50318],[-80.073486,33.507172],[-80.036558,33.50683],[-80.029363,33.501507],[-80.012136,33.505172],[-79.997067,33.500543],[-79.971963,33.500937],[-79.952932,33.491368],[-79.951571,33.486906],[-79.934769,33.47773],[-79.914733,33.463483],[-79.910226,33.455713],[-79.894146,33.45365],[-79.867282,33.430557],[-79.871569,33.423918],[-79.860164,33.41511],[-79.854771,33.402768],[-79.840222,33.398011],[-79.838108,33.392316],[-79.813862,33.382321],[-79.807703,33.372799],[-79.794013,33.377679],[-79.781638,33.36822],[-79.771768,33.356162],[-79.767918,33.344612],[-79.761392,33.342248],[-79.739957,33.321606],[-79.709576,33.321246],[-79.677014,33.304944],[-79.672997,33.31081],[-79.681114,33.318184],[-79.676941,33.3377],[-79.658531,33.353867],[-79.654022,33.360638],[-79.634026,33.372234],[-79.626022,33.389885],[-79.612022,33.404728],[-79.601868,33.419167],[-79.596329,33.421371],[-79.591553,33.442242],[-79.545616,33.48671],[-79.534378,33.498852],[-79.497147,33.517021],[-79.4841,33.536411],[-79.459465,33.557011],[-79.435448,33.573063],[-79.442719,33.595451],[-79.431007,33.62986],[-79.419579,33.649715],[-79.41925,33.666088],[-79.40995,33.689156],[-79.392357,33.713017],[-79.372185,33.727287],[-79.347862,33.75423],[-79.338585,33.775017],[-79.317482,33.780167]]]},"properties":{"id":null,"osm_type":"relation","long_county":"Williamsburg County","place":null,"Town":null,"border_type":null,"State":"South Carolina","County":"Williamsburg","long_name":"south-carolina-williamsburg-county","state_county":"south_carolina_williamsburg","normalized":"Y"}},
{"type":"Feature","geometry":{"type":"Polygon","coordinates":[[[-81.3666369,35.1648848],[-81.4025546,35.1368965],[-81.4087773,35.0471084],[-81.4526368,35.0477057],[-81.4716041,35.0431724],[-81.4868965,35.0348366],[-81.488514,35.0298558],[-81.4804521,35.0055837],[-81.4836423,34.9933277],[-81.4760179,34.9811745],[-81.4868855,34.964],[-81.4921174,34.9494019],[-81.4892994,34.9411649],[-81.4754649,34.9374165],[-81.4770919,34.9273997],[-81.4704716,34.9127473],[-81.4787427,34.8998472],[-81.4725619,34.8909787],[-81.4695693,34.8676003],[-81.4626969,34.853883],[-81.4532709,34.8464122],[-81.4572762,34.8393263],[-81.4625702,34.8304724],[-81.478539,34.821533],[-81.35313,34.8223408],[-81.1310094,34.8204248],[-80.982445,34.821613],[-80.898215,34.820746],[-80.894977,34.8298426],[-80.875465,34.837444],[-80.866493,34.848335],[-80.868721,34.855602],[-80.878792,34.862427],[-80.87989,34.875141],[-80.878166,34.903751],[-80.868057,34.912369],[-80.865242,34.922356],[-80.8704728,34.9353398],[-80.8687601,34.9513388],[-80.872666,34.9618521],[-80.8823777,34.9707376],[-80.8932811,34.9981562],[-80.9094186,35.0165998],[-80.897651,35.032425],[-80.9059097,35.0467749],[-80.8995723,35.060591],[-80.9057195,35.0637151],[-80.9062437,35.0761262],[-80.9348164,35.1073997],[-80.9619428,35.0904465],[-81.0416088,35.044658],[-81.0576744,35.061874],[-81.0569864,35.0864541],[-81.0503814,35.0983801],[-81.0336044,35.1057139],[-81.0327945,35.1137934],[-81.0387645,35.1254514],[-81.0518869,35.1345037],[-81.0446912,35.1477407],[-81.1475127,35.1559615],[-81.3095424,35.1629388],[-81.3666369,35.1648848]]]},"properties":{"id":null,"osm_type":"relation","long_county":"York County","place":null,"Town":null,"border_type":null,"State":"South Carolina","County":"York","long_name":"south-carolina-york-county","state_county":"south_carolina_york","normalized":"Y"}}
]}